source_persona,source_category,rank_in_group,token,target_persona,target_category,pair_type,cosine
a Black person,race,2,_variables,a Black person,race,same persona,0.0838594951215398
a Black person,race,2,_variables,a white person,race,"different persona, within category",0.08427144273117304
a Black person,race,2,_variables,an Asian person,race,"different persona, within category",0.09602447811361259
a Black person,race,2,_variables,a woman,gender,"different persona, across category",-0.026884858301016775
a Black person,race,2,_variables,a man,gender,"different persona, across category",-0.030777320068550974
a Black person,race,2,_variables,a non-binary person,gender,"different persona, across category",0.3116860955080448
a Black person,race,2,_variables,a Black woman,intersectional,"different persona, across category",-0.014729232473570171
a Black person,race,2,_variables,a Black man,intersectional,"different persona, across category",-0.015352214205819985
a Black person,race,2,_variables,a white woman,intersectional,"different persona, across category",-0.015573449968561078
a Black person,race,2,_variables,a white man,intersectional,"different persona, across category",-0.016732907804283517
a Black person,race,2,_variables,a baby-boomer,age,"different persona, across category",0.080628985038727
a Black person,race,2,_variables,a millennial,age,"different persona, across category",0.10964966650772766
a Black person,race,2,_variables,a member of generation Z,age,"different persona, across category",0.058477821878367406
a Black person,race,2,_variables,a person with ADD or ADHD,disability,"different persona, across category",0.17998949035148928
a Black person,race,2,_variables,a person with impaired vision,disability,"different persona, across category",0.07895377692265736
a Black person,race,2,_variables,a person without disabilities,disability,"different persona, across category",0.13596159568988953
a Black person,race,2,_variables,a person,control,"different persona, across category",0.1234902432139105
a Black person,race,2,_variables,an Anglican,religion,"different persona, across category",-0.01251540474275645
a Black person,race,2,_variables,an Atheist,religion,"different persona, across category",-0.05824824802463443
a Black person,race,2,_variables,a Buddhist,religion,"different persona, across category",-0.043870839398135235
a Black person,race,2,_variables,a Catholic,religion,"different persona, across category",-0.015192832929880017
a Black person,race,2,_variables,a Copt,religion,"different persona, across category",-0.024408776531156504
a Black person,race,2,_variables,a Hindu,religion,"different persona, across category",-0.006053648726422612
a Black person,race,2,_variables,a Jehovah's Witness,religion,"different persona, across category",-0.027055657150693642
a Black person,race,2,_variables,a Jewish person,religion,"different persona, across category",0.09618109948278536
a Black person,race,2,_variables,a Mormon,religion,"different persona, across category",0.025572142255749226
a Black person,race,2,_variables,an Orthodox Christian,religion,"different persona, across category",0.014722478533587121
a Black person,race,2,_variables,a Protestant,religion,"different persona, across category",-0.05148641682921189
a Black person,race,2,_variables,a Satanist,religion,"different persona, across category",-0.05829728018259008
a Black person,race,2,_variables,a Scientologist,religion,"different persona, across category",0.059765706048054784
a Black person,race,2,_variables,a Shia Muslim,religion,"different persona, across category",0.007913847322416253
a Black person,race,2,_variables,a Sikh,religion,"different persona, across category",-0.02312118629840306
a Black person,race,2,_variables,a Sunni Muslim,religion,"different persona, across category",0.02252321777671227
a Black person,race,2,_variables,an anarchist,political,"different persona, across category",-0.011089443260321952
a Black person,race,2,_variables,a centrist,political,"different persona, across category",0.01066920918952604
a Black person,race,2,_variables,a communist,political,"different persona, across category",-0.00214192864506476
a Black person,race,2,_variables,a conservative,political,"different persona, across category",0.05416655096055285
a Black person,race,2,_variables,a Democrat,political,"different persona, across category",0.01105566831540399
a Black person,race,2,_variables,a far-left person,political,"different persona, across category",0.12881281966495717
a Black person,race,2,_variables,a far-right person,political,"different persona, across category",0.1845716142098227
a Black person,race,2,_variables,a Green Party supporter,political,"different persona, across category",-0.0856994931203062
a Black person,race,2,_variables,an Islamist,political,"different persona, across category",0.03303753910368258
a Black person,race,2,_variables,a liberal,political,"different persona, across category",0.025071559810055117
a Black person,race,2,_variables,a libertarian,political,"different persona, across category",0.029236369544828576
a Black person,race,2,_variables,a nationalist,political,"different persona, across category",-0.04727723724993992
a Black person,race,2,_variables,a Republican,political,"different persona, across category",0.04360506017688215
a Black person,race,2,_variables,a social democrat,political,"different persona, across category",0.11523239753969249
a Black person,race,2,_variables,a socialist,political,"different persona, across category",0.004012885123941218
a Black person,race,2,_variables,a Zionist,political,"different persona, across category",0.0786023317334455
a Black person,race,3,<center,a Black person,race,same persona,0.040521172218213754
a Black person,race,3,<center,a white person,race,"different persona, within category",0.04314407642807734
a Black person,race,3,<center,an Asian person,race,"different persona, within category",0.021958438710060396
a Black person,race,3,<center,a woman,gender,"different persona, across category",0.07690478989691786
a Black person,race,3,<center,a man,gender,"different persona, across category",0.13485935988433226
a Black person,race,3,<center,a non-binary person,gender,"different persona, across category",0.03957496772570832
a Black person,race,3,<center,a Black woman,intersectional,"different persona, across category",0.06816390366653934
a Black person,race,3,<center,a Black man,intersectional,"different persona, across category",0.10036892939502491
a Black person,race,3,<center,a white woman,intersectional,"different persona, across category",0.06862987509344229
a Black person,race,3,<center,a white man,intersectional,"different persona, across category",0.10343726653747662
a Black person,race,3,<center,a baby-boomer,age,"different persona, across category",0.04161810723762186
a Black person,race,3,<center,a millennial,age,"different persona, across category",0.03913943052181384
a Black person,race,3,<center,a member of generation Z,age,"different persona, across category",0.028115955251030035
a Black person,race,3,<center,a person with ADD or ADHD,disability,"different persona, across category",0.017391129679006936
a Black person,race,3,<center,a person with impaired vision,disability,"different persona, across category",0.07481135332436685
a Black person,race,3,<center,a person without disabilities,disability,"different persona, across category",0.1100217109274122
a Black person,race,3,<center,a person,control,"different persona, across category",0.03618157389584138
a Black person,race,3,<center,an Anglican,religion,"different persona, across category",0.01158029412310242
a Black person,race,3,<center,an Atheist,religion,"different persona, across category",0.010764942318186749
a Black person,race,3,<center,a Buddhist,religion,"different persona, across category",0.06332846331002256
a Black person,race,3,<center,a Catholic,religion,"different persona, across category",0.0960247398487662
a Black person,race,3,<center,a Copt,religion,"different persona, across category",0.0689745552751431
a Black person,race,3,<center,a Hindu,religion,"different persona, across category",0.01948062468374032
a Black person,race,3,<center,a Jehovah's Witness,religion,"different persona, across category",0.024770577407509695
a Black person,race,3,<center,a Jewish person,religion,"different persona, across category",0.1078256350502139
a Black person,race,3,<center,a Mormon,religion,"different persona, across category",-0.016559786190829533
a Black person,race,3,<center,an Orthodox Christian,religion,"different persona, across category",0.07002846098601233
a Black person,race,3,<center,a Protestant,religion,"different persona, across category",-0.0032968630627145897
a Black person,race,3,<center,a Satanist,religion,"different persona, across category",-0.036181922287868006
a Black person,race,3,<center,a Scientologist,religion,"different persona, across category",0.02220783130008754
a Black person,race,3,<center,a Shia Muslim,religion,"different persona, across category",0.04494334408914699
a Black person,race,3,<center,a Sikh,religion,"different persona, across category",0.045242311692213065
a Black person,race,3,<center,a Sunni Muslim,religion,"different persona, across category",0.041606306540150066
a Black person,race,3,<center,an anarchist,political,"different persona, across category",-0.006720940520505034
a Black person,race,3,<center,a centrist,political,"different persona, across category",0.0821599690276975
a Black person,race,3,<center,a communist,political,"different persona, across category",0.05056864759556246
a Black person,race,3,<center,a conservative,political,"different persona, across category",0.08266101936288145
a Black person,race,3,<center,a Democrat,political,"different persona, across category",0.03943312482597188
a Black person,race,3,<center,a far-left person,political,"different persona, across category",0.17625308934805
a Black person,race,3,<center,a far-right person,political,"different persona, across category",0.1643804668714857
a Black person,race,3,<center,a Green Party supporter,political,"different persona, across category",0.12566017275015254
a Black person,race,3,<center,an Islamist,political,"different persona, across category",0.03599114886649445
a Black person,race,3,<center,a liberal,political,"different persona, across category",0.008676350165582686
a Black person,race,3,<center,a libertarian,political,"different persona, across category",-0.004919510411478715
a Black person,race,3,<center,a nationalist,political,"different persona, across category",0.015852059897586843
a Black person,race,3,<center,a Republican,political,"different persona, across category",0.015620546704519917
a Black person,race,3,<center,a social democrat,political,"different persona, across category",0.0885787165591874
a Black person,race,3,<center,a socialist,political,"different persona, across category",0.008742790104604607
a Black person,race,3,<center,a Zionist,political,"different persona, across category",-0.007693736146172681
a white person,race,5,<center,a Black person,race,"different persona, within category",0.040521172218213754
a white person,race,5,<center,a white person,race,same persona,0.04314407642807734
a white person,race,5,<center,an Asian person,race,"different persona, within category",0.021958438710060396
a white person,race,5,<center,a woman,gender,"different persona, across category",0.07690478989691786
a white person,race,5,<center,a man,gender,"different persona, across category",0.13485935988433226
a white person,race,5,<center,a non-binary person,gender,"different persona, across category",0.03957496772570832
a white person,race,5,<center,a Black woman,intersectional,"different persona, across category",0.06816390366653934
a white person,race,5,<center,a Black man,intersectional,"different persona, across category",0.10036892939502491
a white person,race,5,<center,a white woman,intersectional,"different persona, across category",0.06862987509344229
a white person,race,5,<center,a white man,intersectional,"different persona, across category",0.10343726653747662
a white person,race,5,<center,a baby-boomer,age,"different persona, across category",0.04161810723762186
a white person,race,5,<center,a millennial,age,"different persona, across category",0.03913943052181384
a white person,race,5,<center,a member of generation Z,age,"different persona, across category",0.028115955251030035
a white person,race,5,<center,a person with ADD or ADHD,disability,"different persona, across category",0.017391129679006936
a white person,race,5,<center,a person with impaired vision,disability,"different persona, across category",0.07481135332436685
a white person,race,5,<center,a person without disabilities,disability,"different persona, across category",0.1100217109274122
a white person,race,5,<center,a person,control,"different persona, across category",0.03618157389584138
a white person,race,5,<center,an Anglican,religion,"different persona, across category",0.01158029412310242
a white person,race,5,<center,an Atheist,religion,"different persona, across category",0.010764942318186749
a white person,race,5,<center,a Buddhist,religion,"different persona, across category",0.06332846331002256
a white person,race,5,<center,a Catholic,religion,"different persona, across category",0.0960247398487662
a white person,race,5,<center,a Copt,religion,"different persona, across category",0.0689745552751431
a white person,race,5,<center,a Hindu,religion,"different persona, across category",0.01948062468374032
a white person,race,5,<center,a Jehovah's Witness,religion,"different persona, across category",0.024770577407509695
a white person,race,5,<center,a Jewish person,religion,"different persona, across category",0.1078256350502139
a white person,race,5,<center,a Mormon,religion,"different persona, across category",-0.016559786190829533
a white person,race,5,<center,an Orthodox Christian,religion,"different persona, across category",0.07002846098601233
a white person,race,5,<center,a Protestant,religion,"different persona, across category",-0.0032968630627145897
a white person,race,5,<center,a Satanist,religion,"different persona, across category",-0.036181922287868006
a white person,race,5,<center,a Scientologist,religion,"different persona, across category",0.02220783130008754
a white person,race,5,<center,a Shia Muslim,religion,"different persona, across category",0.04494334408914699
a white person,race,5,<center,a Sikh,religion,"different persona, across category",0.045242311692213065
a white person,race,5,<center,a Sunni Muslim,religion,"different persona, across category",0.041606306540150066
a white person,race,5,<center,an anarchist,political,"different persona, across category",-0.006720940520505034
a white person,race,5,<center,a centrist,political,"different persona, across category",0.0821599690276975
a white person,race,5,<center,a communist,political,"different persona, across category",0.05056864759556246
a white person,race,5,<center,a conservative,political,"different persona, across category",0.08266101936288145
a white person,race,5,<center,a Democrat,political,"different persona, across category",0.03943312482597188
a white person,race,5,<center,a far-left person,political,"different persona, across category",0.17625308934805
a white person,race,5,<center,a far-right person,political,"different persona, across category",0.1643804668714857
a white person,race,5,<center,a Green Party supporter,political,"different persona, across category",0.12566017275015254
a white person,race,5,<center,an Islamist,political,"different persona, across category",0.03599114886649445
a white person,race,5,<center,a liberal,political,"different persona, across category",0.008676350165582686
a white person,race,5,<center,a libertarian,political,"different persona, across category",-0.004919510411478715
a white person,race,5,<center,a nationalist,political,"different persona, across category",0.015852059897586843
a white person,race,5,<center,a Republican,political,"different persona, across category",0.015620546704519917
a white person,race,5,<center,a social democrat,political,"different persona, across category",0.0885787165591874
a white person,race,5,<center,a socialist,political,"different persona, across category",0.008742790104604607
a white person,race,5,<center,a Zionist,political,"different persona, across category",-0.007693736146172681
an Asian person,race,2,<center,a Black person,race,"different persona, within category",0.040521172218213754
an Asian person,race,2,<center,a white person,race,"different persona, within category",0.04314407642807734
an Asian person,race,2,<center,an Asian person,race,same persona,0.021958438710060396
an Asian person,race,2,<center,a woman,gender,"different persona, across category",0.07690478989691786
an Asian person,race,2,<center,a man,gender,"different persona, across category",0.13485935988433226
an Asian person,race,2,<center,a non-binary person,gender,"different persona, across category",0.03957496772570832
an Asian person,race,2,<center,a Black woman,intersectional,"different persona, across category",0.06816390366653934
an Asian person,race,2,<center,a Black man,intersectional,"different persona, across category",0.10036892939502491
an Asian person,race,2,<center,a white woman,intersectional,"different persona, across category",0.06862987509344229
an Asian person,race,2,<center,a white man,intersectional,"different persona, across category",0.10343726653747662
an Asian person,race,2,<center,a baby-boomer,age,"different persona, across category",0.04161810723762186
an Asian person,race,2,<center,a millennial,age,"different persona, across category",0.03913943052181384
an Asian person,race,2,<center,a member of generation Z,age,"different persona, across category",0.028115955251030035
an Asian person,race,2,<center,a person with ADD or ADHD,disability,"different persona, across category",0.017391129679006936
an Asian person,race,2,<center,a person with impaired vision,disability,"different persona, across category",0.07481135332436685
an Asian person,race,2,<center,a person without disabilities,disability,"different persona, across category",0.1100217109274122
an Asian person,race,2,<center,a person,control,"different persona, across category",0.03618157389584138
an Asian person,race,2,<center,an Anglican,religion,"different persona, across category",0.01158029412310242
an Asian person,race,2,<center,an Atheist,religion,"different persona, across category",0.010764942318186749
an Asian person,race,2,<center,a Buddhist,religion,"different persona, across category",0.06332846331002256
an Asian person,race,2,<center,a Catholic,religion,"different persona, across category",0.0960247398487662
an Asian person,race,2,<center,a Copt,religion,"different persona, across category",0.0689745552751431
an Asian person,race,2,<center,a Hindu,religion,"different persona, across category",0.01948062468374032
an Asian person,race,2,<center,a Jehovah's Witness,religion,"different persona, across category",0.024770577407509695
an Asian person,race,2,<center,a Jewish person,religion,"different persona, across category",0.1078256350502139
an Asian person,race,2,<center,a Mormon,religion,"different persona, across category",-0.016559786190829533
an Asian person,race,2,<center,an Orthodox Christian,religion,"different persona, across category",0.07002846098601233
an Asian person,race,2,<center,a Protestant,religion,"different persona, across category",-0.0032968630627145897
an Asian person,race,2,<center,a Satanist,religion,"different persona, across category",-0.036181922287868006
an Asian person,race,2,<center,a Scientologist,religion,"different persona, across category",0.02220783130008754
an Asian person,race,2,<center,a Shia Muslim,religion,"different persona, across category",0.04494334408914699
an Asian person,race,2,<center,a Sikh,religion,"different persona, across category",0.045242311692213065
an Asian person,race,2,<center,a Sunni Muslim,religion,"different persona, across category",0.041606306540150066
an Asian person,race,2,<center,an anarchist,political,"different persona, across category",-0.006720940520505034
an Asian person,race,2,<center,a centrist,political,"different persona, across category",0.0821599690276975
an Asian person,race,2,<center,a communist,political,"different persona, across category",0.05056864759556246
an Asian person,race,2,<center,a conservative,political,"different persona, across category",0.08266101936288145
an Asian person,race,2,<center,a Democrat,political,"different persona, across category",0.03943312482597188
an Asian person,race,2,<center,a far-left person,political,"different persona, across category",0.17625308934805
an Asian person,race,2,<center,a far-right person,political,"different persona, across category",0.1643804668714857
an Asian person,race,2,<center,a Green Party supporter,political,"different persona, across category",0.12566017275015254
an Asian person,race,2,<center,an Islamist,political,"different persona, across category",0.03599114886649445
an Asian person,race,2,<center,a liberal,political,"different persona, across category",0.008676350165582686
an Asian person,race,2,<center,a libertarian,political,"different persona, across category",-0.004919510411478715
an Asian person,race,2,<center,a nationalist,political,"different persona, across category",0.015852059897586843
an Asian person,race,2,<center,a Republican,political,"different persona, across category",0.015620546704519917
an Asian person,race,2,<center,a social democrat,political,"different persona, across category",0.0885787165591874
an Asian person,race,2,<center,a socialist,political,"different persona, across category",0.008742790104604607
an Asian person,race,2,<center,a Zionist,political,"different persona, across category",-0.007693736146172681
an Asian person,race,4,_contents,a Black person,race,"different persona, within category",0.10718653143949022
an Asian person,race,4,_contents,a white person,race,"different persona, within category",0.15688595066807395
an Asian person,race,4,_contents,an Asian person,race,same persona,0.09658664422727341
an Asian person,race,4,_contents,a woman,gender,"different persona, across category",0.08809556512246583
an Asian person,race,4,_contents,a man,gender,"different persona, across category",0.0647763384812895
an Asian person,race,4,_contents,a non-binary person,gender,"different persona, across category",0.1362039361535215
an Asian person,race,4,_contents,a Black woman,intersectional,"different persona, across category",0.06563129682826556
an Asian person,race,4,_contents,a Black man,intersectional,"different persona, across category",0.046008149186958
an Asian person,race,4,_contents,a white woman,intersectional,"different persona, across category",0.10621777355440694
an Asian person,race,4,_contents,a white man,intersectional,"different persona, across category",0.09160860237082355
an Asian person,race,4,_contents,a baby-boomer,age,"different persona, across category",0.042545464151860696
an Asian person,race,4,_contents,a millennial,age,"different persona, across category",0.0760769830034587
an Asian person,race,4,_contents,a member of generation Z,age,"different persona, across category",0.023707389850729274
an Asian person,race,4,_contents,a person with ADD or ADHD,disability,"different persona, across category",0.06213259316371842
an Asian person,race,4,_contents,a person with impaired vision,disability,"different persona, across category",0.13337568816182005
an Asian person,race,4,_contents,a person without disabilities,disability,"different persona, across category",0.04477482284370629
an Asian person,race,4,_contents,a person,control,"different persona, across category",0.15666181590999656
an Asian person,race,4,_contents,an Anglican,religion,"different persona, across category",0.07928220507963386
an Asian person,race,4,_contents,an Atheist,religion,"different persona, across category",0.0698332993050446
an Asian person,race,4,_contents,a Buddhist,religion,"different persona, across category",0.05704715322169177
an Asian person,race,4,_contents,a Catholic,religion,"different persona, across category",0.023337933252348474
an Asian person,race,4,_contents,a Copt,religion,"different persona, across category",0.00940839685252879
an Asian person,race,4,_contents,a Hindu,religion,"different persona, across category",0.07207830063955792
an Asian person,race,4,_contents,a Jehovah's Witness,religion,"different persona, across category",0.03747892706840141
an Asian person,race,4,_contents,a Jewish person,religion,"different persona, across category",0.11946521225743427
an Asian person,race,4,_contents,a Mormon,religion,"different persona, across category",0.04679642024905925
an Asian person,race,4,_contents,an Orthodox Christian,religion,"different persona, across category",0.013569808245891714
an Asian person,race,4,_contents,a Protestant,religion,"different persona, across category",0.05880633589356724
an Asian person,race,4,_contents,a Satanist,religion,"different persona, across category",0.03791216943360497
an Asian person,race,4,_contents,a Scientologist,religion,"different persona, across category",0.06429644163899596
an Asian person,race,4,_contents,a Shia Muslim,religion,"different persona, across category",0.03226385390594761
an Asian person,race,4,_contents,a Sikh,religion,"different persona, across category",-0.0013111026173064908
an Asian person,race,4,_contents,a Sunni Muslim,religion,"different persona, across category",0.02970953237908174
an Asian person,race,4,_contents,an anarchist,political,"different persona, across category",0.061887109200468485
an Asian person,race,4,_contents,a centrist,political,"different persona, across category",0.020419103849242167
an Asian person,race,4,_contents,a communist,political,"different persona, across category",0.10991535060757006
an Asian person,race,4,_contents,a conservative,political,"different persona, across category",0.03032075461361508
an Asian person,race,4,_contents,a Democrat,political,"different persona, across category",0.01892268698933062
an Asian person,race,4,_contents,a far-left person,political,"different persona, across category",0.19882547782781307
an Asian person,race,4,_contents,a far-right person,political,"different persona, across category",0.1519355555785491
an Asian person,race,4,_contents,a Green Party supporter,political,"different persona, across category",-0.028210911923986812
an Asian person,race,4,_contents,an Islamist,political,"different persona, across category",0.09134102780172433
an Asian person,race,4,_contents,a liberal,political,"different persona, across category",0.07279756494619108
an Asian person,race,4,_contents,a libertarian,political,"different persona, across category",0.07323913634883922
an Asian person,race,4,_contents,a nationalist,political,"different persona, across category",0.04626898925326323
an Asian person,race,4,_contents,a Republican,political,"different persona, across category",0.04032626860462653
an Asian person,race,4,_contents,a social democrat,political,"different persona, across category",0.08161005254847453
an Asian person,race,4,_contents,a socialist,political,"different persona, across category",0.09326194477581849
an Asian person,race,4,_contents,a Zionist,political,"different persona, across category",0.07971546179627562
an Asian person,race,5,<thead,a Black person,race,"different persona, within category",0.15986241658697312
an Asian person,race,5,<thead,a white person,race,"different persona, within category",0.13090596549215835
an Asian person,race,5,<thead,an Asian person,race,same persona,0.078493105476082
an Asian person,race,5,<thead,a woman,gender,"different persona, across category",0.013345804389277892
an Asian person,race,5,<thead,a man,gender,"different persona, across category",0.08613159188470841
an Asian person,race,5,<thead,a non-binary person,gender,"different persona, across category",0.2120786616886618
an Asian person,race,5,<thead,a Black woman,intersectional,"different persona, across category",0.08890703027195203
an Asian person,race,5,<thead,a Black man,intersectional,"different persona, across category",0.13725840783818197
an Asian person,race,5,<thead,a white woman,intersectional,"different persona, across category",0.05930831105203418
an Asian person,race,5,<thead,a white man,intersectional,"different persona, across category",0.10874083754590218
an Asian person,race,5,<thead,a baby-boomer,age,"different persona, across category",0.21953956031264413
an Asian person,race,5,<thead,a millennial,age,"different persona, across category",0.12727810409303686
an Asian person,race,5,<thead,a member of generation Z,age,"different persona, across category",0.2099081209016991
an Asian person,race,5,<thead,a person with ADD or ADHD,disability,"different persona, across category",0.1925593066998287
an Asian person,race,5,<thead,a person with impaired vision,disability,"different persona, across category",0.07139768263971727
an Asian person,race,5,<thead,a person without disabilities,disability,"different persona, across category",-0.009316920703546784
an Asian person,race,5,<thead,a person,control,"different persona, across category",0.11140743300983204
an Asian person,race,5,<thead,an Anglican,religion,"different persona, across category",-0.010449829386395666
an Asian person,race,5,<thead,an Atheist,religion,"different persona, across category",0.15226203681029565
an Asian person,race,5,<thead,a Buddhist,religion,"different persona, across category",0.02954301999069364
an Asian person,race,5,<thead,a Catholic,religion,"different persona, across category",0.054075254440121
an Asian person,race,5,<thead,a Copt,religion,"different persona, across category",0.0829849213785619
an Asian person,race,5,<thead,a Hindu,religion,"different persona, across category",0.05823140423314926
an Asian person,race,5,<thead,a Jehovah's Witness,religion,"different persona, across category",0.07091843482458134
an Asian person,race,5,<thead,a Jewish person,religion,"different persona, across category",0.06738263835994969
an Asian person,race,5,<thead,a Mormon,religion,"different persona, across category",0.0634859167190979
an Asian person,race,5,<thead,an Orthodox Christian,religion,"different persona, across category",-0.005527529898676849
an Asian person,race,5,<thead,a Protestant,religion,"different persona, across category",-0.004059381649049753
an Asian person,race,5,<thead,a Satanist,religion,"different persona, across category",0.13566347776340698
an Asian person,race,5,<thead,a Scientologist,religion,"different persona, across category",0.22532292719469715
an Asian person,race,5,<thead,a Shia Muslim,religion,"different persona, across category",0.12773386598434175
an Asian person,race,5,<thead,a Sikh,religion,"different persona, across category",0.031336914536349104
an Asian person,race,5,<thead,a Sunni Muslim,religion,"different persona, across category",0.07316625101050513
an Asian person,race,5,<thead,an anarchist,political,"different persona, across category",0.1284149641580823
an Asian person,race,5,<thead,a centrist,political,"different persona, across category",0.09674292011958105
an Asian person,race,5,<thead,a communist,political,"different persona, across category",0.12380671261210872
an Asian person,race,5,<thead,a conservative,political,"different persona, across category",0.12942927848368385
an Asian person,race,5,<thead,a Democrat,political,"different persona, across category",0.053159437288627175
an Asian person,race,5,<thead,a far-left person,political,"different persona, across category",0.09148094576866152
an Asian person,race,5,<thead,a far-right person,political,"different persona, across category",0.18546701517031847
an Asian person,race,5,<thead,a Green Party supporter,political,"different persona, across category",0.0665871588762308
an Asian person,race,5,<thead,an Islamist,political,"different persona, across category",0.1281483701039911
an Asian person,race,5,<thead,a liberal,political,"different persona, across category",0.18864306565043407
an Asian person,race,5,<thead,a libertarian,political,"different persona, across category",0.21857735573333797
an Asian person,race,5,<thead,a nationalist,political,"different persona, across category",0.06938682771634622
an Asian person,race,5,<thead,a Republican,political,"different persona, across category",0.05482670901522163
an Asian person,race,5,<thead,a social democrat,political,"different persona, across category",0.21114382306024337
an Asian person,race,5,<thead,a socialist,political,"different persona, across category",0.1818289068291601
an Asian person,race,5,<thead,a Zionist,political,"different persona, across category",0.1211215588936576
a woman,gender,3,<IEnumerable,a Black person,race,"different persona, across category",0.05928848951834823
a woman,gender,3,<IEnumerable,a white person,race,"different persona, across category",0.12863626602353437
a woman,gender,3,<IEnumerable,an Asian person,race,"different persona, across category",0.09455572963278268
a woman,gender,3,<IEnumerable,a woman,gender,same persona,-0.02074600736081031
a woman,gender,3,<IEnumerable,a man,gender,"different persona, within category",-0.04975113113547887
a woman,gender,3,<IEnumerable,a non-binary person,gender,"different persona, within category",0.45489921170828057
a woman,gender,3,<IEnumerable,a Black woman,intersectional,"different persona, across category",-0.019983272259040934
a woman,gender,3,<IEnumerable,a Black man,intersectional,"different persona, across category",-0.03708229520304224
a woman,gender,3,<IEnumerable,a white woman,intersectional,"different persona, across category",0.040059930706832426
a woman,gender,3,<IEnumerable,a white man,intersectional,"different persona, across category",0.02687321858647829
a woman,gender,3,<IEnumerable,a baby-boomer,age,"different persona, across category",0.05345320056619284
a woman,gender,3,<IEnumerable,a millennial,age,"different persona, across category",0.07728415149503337
a woman,gender,3,<IEnumerable,a member of generation Z,age,"different persona, across category",0.22784636505174521
a woman,gender,3,<IEnumerable,a person with ADD or ADHD,disability,"different persona, across category",0.20788772981153097
a woman,gender,3,<IEnumerable,a person with impaired vision,disability,"different persona, across category",0.11399687139746413
a woman,gender,3,<IEnumerable,a person without disabilities,disability,"different persona, across category",0.1031456292713018
a woman,gender,3,<IEnumerable,a person,control,"different persona, across category",0.10158244449967685
a woman,gender,3,<IEnumerable,an Anglican,religion,"different persona, across category",0.13359587758130756
a woman,gender,3,<IEnumerable,an Atheist,religion,"different persona, across category",0.1381760124775143
a woman,gender,3,<IEnumerable,a Buddhist,religion,"different persona, across category",0.1701437712940198
a woman,gender,3,<IEnumerable,a Catholic,religion,"different persona, across category",0.05598841582770362
a woman,gender,3,<IEnumerable,a Copt,religion,"different persona, across category",0.15269627568335875
a woman,gender,3,<IEnumerable,a Hindu,religion,"different persona, across category",0.18336947404111806
a woman,gender,3,<IEnumerable,a Jehovah's Witness,religion,"different persona, across category",0.03175678976516062
a woman,gender,3,<IEnumerable,a Jewish person,religion,"different persona, across category",0.15671175239225008
a woman,gender,3,<IEnumerable,a Mormon,religion,"different persona, across category",0.11575762607501434
a woman,gender,3,<IEnumerable,an Orthodox Christian,religion,"different persona, across category",0.11074414111448322
a woman,gender,3,<IEnumerable,a Protestant,religion,"different persona, across category",0.12264885356456234
a woman,gender,3,<IEnumerable,a Satanist,religion,"different persona, across category",0.10861115876793563
a woman,gender,3,<IEnumerable,a Scientologist,religion,"different persona, across category",0.06227980693474188
a woman,gender,3,<IEnumerable,a Shia Muslim,religion,"different persona, across category",0.1531101099853322
a woman,gender,3,<IEnumerable,a Sikh,religion,"different persona, across category",0.11337773650421291
a woman,gender,3,<IEnumerable,a Sunni Muslim,religion,"different persona, across category",0.17793192014374945
a woman,gender,3,<IEnumerable,an anarchist,political,"different persona, across category",0.20792917899543287
a woman,gender,3,<IEnumerable,a centrist,political,"different persona, across category",0.144039728770401
a woman,gender,3,<IEnumerable,a communist,political,"different persona, across category",0.10316287086651808
a woman,gender,3,<IEnumerable,a conservative,political,"different persona, across category",0.0650747133266776
a woman,gender,3,<IEnumerable,a Democrat,political,"different persona, across category",0.05494339388673095
a woman,gender,3,<IEnumerable,a far-left person,political,"different persona, across category",0.03171666573298296
a woman,gender,3,<IEnumerable,a far-right person,political,"different persona, across category",0.09510257392211677
a woman,gender,3,<IEnumerable,a Green Party supporter,political,"different persona, across category",0.04096454821036106
a woman,gender,3,<IEnumerable,an Islamist,political,"different persona, across category",0.21298128492407267
a woman,gender,3,<IEnumerable,a liberal,political,"different persona, across category",0.131198924335187
a woman,gender,3,<IEnumerable,a libertarian,political,"different persona, across category",0.16572645004056868
a woman,gender,3,<IEnumerable,a nationalist,political,"different persona, across category",0.11952028265396725
a woman,gender,3,<IEnumerable,a Republican,political,"different persona, across category",0.08913553040067089
a woman,gender,3,<IEnumerable,a social democrat,political,"different persona, across category",0.1617986190002984
a woman,gender,3,<IEnumerable,a socialist,political,"different persona, across category",0.18372935490559786
a woman,gender,3,<IEnumerable,a Zionist,political,"different persona, across category",0.2148856512477047
a woman,gender,5,<nav,a Black person,race,"different persona, across category",0.0750095572030015
a woman,gender,5,<nav,a white person,race,"different persona, across category",0.08155922007962199
a woman,gender,5,<nav,an Asian person,race,"different persona, across category",0.0741591721837638
a woman,gender,5,<nav,a woman,gender,same persona,0.015417656641023413
a woman,gender,5,<nav,a man,gender,"different persona, within category",0.024602901029582805
a woman,gender,5,<nav,a non-binary person,gender,"different persona, within category",0.18818945022166678
a woman,gender,5,<nav,a Black woman,intersectional,"different persona, across category",0.03818260566250408
a woman,gender,5,<nav,a Black man,intersectional,"different persona, across category",0.04428541561716807
a woman,gender,5,<nav,a white woman,intersectional,"different persona, across category",0.04198905496193577
a woman,gender,5,<nav,a white man,intersectional,"different persona, across category",0.049671154795946054
a woman,gender,5,<nav,a baby-boomer,age,"different persona, across category",0.0866182735512136
a woman,gender,5,<nav,a millennial,age,"different persona, across category",0.025454511663330993
a woman,gender,5,<nav,a member of generation Z,age,"different persona, across category",0.1357811787130474
a woman,gender,5,<nav,a person with ADD or ADHD,disability,"different persona, across category",0.08637127348929538
a woman,gender,5,<nav,a person with impaired vision,disability,"different persona, across category",0.09233925969519102
a woman,gender,5,<nav,a person without disabilities,disability,"different persona, across category",0.09135799701174442
a woman,gender,5,<nav,a person,control,"different persona, across category",0.06896067527659709
a woman,gender,5,<nav,an Anglican,religion,"different persona, across category",0.030050783626286732
a woman,gender,5,<nav,an Atheist,religion,"different persona, across category",0.07611168109651244
a woman,gender,5,<nav,a Buddhist,religion,"different persona, across category",0.08241389054605103
a woman,gender,5,<nav,a Catholic,religion,"different persona, across category",-0.045303941044615756
a woman,gender,5,<nav,a Copt,religion,"different persona, across category",0.01962035484090972
a woman,gender,5,<nav,a Hindu,religion,"different persona, across category",0.09652325461911092
a woman,gender,5,<nav,a Jehovah's Witness,religion,"different persona, across category",-0.0048696796801881706
a woman,gender,5,<nav,a Jewish person,religion,"different persona, across category",0.028131709041722325
a woman,gender,5,<nav,a Mormon,religion,"different persona, across category",0.007639853831897089
a woman,gender,5,<nav,an Orthodox Christian,religion,"different persona, across category",0.031108866747836864
a woman,gender,5,<nav,a Protestant,religion,"different persona, across category",0.005861682093587211
a woman,gender,5,<nav,a Satanist,religion,"different persona, across category",0.03202527468432553
a woman,gender,5,<nav,a Scientologist,religion,"different persona, across category",0.11989978473425586
a woman,gender,5,<nav,a Shia Muslim,religion,"different persona, across category",0.08169680858757093
a woman,gender,5,<nav,a Sikh,religion,"different persona, across category",0.03998137240410703
a woman,gender,5,<nav,a Sunni Muslim,religion,"different persona, across category",0.062316270582101686
a woman,gender,5,<nav,an anarchist,political,"different persona, across category",-0.023211058041733748
a woman,gender,5,<nav,a centrist,political,"different persona, across category",0.08368087354435902
a woman,gender,5,<nav,a communist,political,"different persona, across category",0.11610210233091456
a woman,gender,5,<nav,a conservative,political,"different persona, across category",0.07620281579552342
a woman,gender,5,<nav,a Democrat,political,"different persona, across category",0.040833292142096765
a woman,gender,5,<nav,a far-left person,political,"different persona, across category",0.11377539017657907
a woman,gender,5,<nav,a far-right person,political,"different persona, across category",0.14561525360950764
a woman,gender,5,<nav,a Green Party supporter,political,"different persona, across category",-0.03622516293726537
a woman,gender,5,<nav,an Islamist,political,"different persona, across category",0.10344694663708316
a woman,gender,5,<nav,a liberal,political,"different persona, across category",0.11870642464078796
a woman,gender,5,<nav,a libertarian,political,"different persona, across category",0.07509345766754623
a woman,gender,5,<nav,a nationalist,political,"different persona, across category",0.03559286921695228
a woman,gender,5,<nav,a Republican,political,"different persona, across category",0.016414559128661285
a woman,gender,5,<nav,a social democrat,political,"different persona, across category",0.050369929320626845
a woman,gender,5,<nav,a socialist,political,"different persona, across category",0.10145387757467253
a woman,gender,5,<nav,a Zionist,political,"different persona, across category",0.06253456062816062
a man,gender,3,<IEnumerable,a Black person,race,"different persona, across category",0.05928848951834823
a man,gender,3,<IEnumerable,a white person,race,"different persona, across category",0.12863626602353437
a man,gender,3,<IEnumerable,an Asian person,race,"different persona, across category",0.09455572963278268
a man,gender,3,<IEnumerable,a woman,gender,"different persona, within category",-0.02074600736081031
a man,gender,3,<IEnumerable,a man,gender,same persona,-0.04975113113547887
a man,gender,3,<IEnumerable,a non-binary person,gender,"different persona, within category",0.45489921170828057
a man,gender,3,<IEnumerable,a Black woman,intersectional,"different persona, across category",-0.019983272259040934
a man,gender,3,<IEnumerable,a Black man,intersectional,"different persona, across category",-0.03708229520304224
a man,gender,3,<IEnumerable,a white woman,intersectional,"different persona, across category",0.040059930706832426
a man,gender,3,<IEnumerable,a white man,intersectional,"different persona, across category",0.02687321858647829
a man,gender,3,<IEnumerable,a baby-boomer,age,"different persona, across category",0.05345320056619284
a man,gender,3,<IEnumerable,a millennial,age,"different persona, across category",0.07728415149503337
a man,gender,3,<IEnumerable,a member of generation Z,age,"different persona, across category",0.22784636505174521
a man,gender,3,<IEnumerable,a person with ADD or ADHD,disability,"different persona, across category",0.20788772981153097
a man,gender,3,<IEnumerable,a person with impaired vision,disability,"different persona, across category",0.11399687139746413
a man,gender,3,<IEnumerable,a person without disabilities,disability,"different persona, across category",0.1031456292713018
a man,gender,3,<IEnumerable,a person,control,"different persona, across category",0.10158244449967685
a man,gender,3,<IEnumerable,an Anglican,religion,"different persona, across category",0.13359587758130756
a man,gender,3,<IEnumerable,an Atheist,religion,"different persona, across category",0.1381760124775143
a man,gender,3,<IEnumerable,a Buddhist,religion,"different persona, across category",0.1701437712940198
a man,gender,3,<IEnumerable,a Catholic,religion,"different persona, across category",0.05598841582770362
a man,gender,3,<IEnumerable,a Copt,religion,"different persona, across category",0.15269627568335875
a man,gender,3,<IEnumerable,a Hindu,religion,"different persona, across category",0.18336947404111806
a man,gender,3,<IEnumerable,a Jehovah's Witness,religion,"different persona, across category",0.03175678976516062
a man,gender,3,<IEnumerable,a Jewish person,religion,"different persona, across category",0.15671175239225008
a man,gender,3,<IEnumerable,a Mormon,religion,"different persona, across category",0.11575762607501434
a man,gender,3,<IEnumerable,an Orthodox Christian,religion,"different persona, across category",0.11074414111448322
a man,gender,3,<IEnumerable,a Protestant,religion,"different persona, across category",0.12264885356456234
a man,gender,3,<IEnumerable,a Satanist,religion,"different persona, across category",0.10861115876793563
a man,gender,3,<IEnumerable,a Scientologist,religion,"different persona, across category",0.06227980693474188
a man,gender,3,<IEnumerable,a Shia Muslim,religion,"different persona, across category",0.1531101099853322
a man,gender,3,<IEnumerable,a Sikh,religion,"different persona, across category",0.11337773650421291
a man,gender,3,<IEnumerable,a Sunni Muslim,religion,"different persona, across category",0.17793192014374945
a man,gender,3,<IEnumerable,an anarchist,political,"different persona, across category",0.20792917899543287
a man,gender,3,<IEnumerable,a centrist,political,"different persona, across category",0.144039728770401
a man,gender,3,<IEnumerable,a communist,political,"different persona, across category",0.10316287086651808
a man,gender,3,<IEnumerable,a conservative,political,"different persona, across category",0.0650747133266776
a man,gender,3,<IEnumerable,a Democrat,political,"different persona, across category",0.05494339388673095
a man,gender,3,<IEnumerable,a far-left person,political,"different persona, across category",0.03171666573298296
a man,gender,3,<IEnumerable,a far-right person,political,"different persona, across category",0.09510257392211677
a man,gender,3,<IEnumerable,a Green Party supporter,political,"different persona, across category",0.04096454821036106
a man,gender,3,<IEnumerable,an Islamist,political,"different persona, across category",0.21298128492407267
a man,gender,3,<IEnumerable,a liberal,political,"different persona, across category",0.131198924335187
a man,gender,3,<IEnumerable,a libertarian,political,"different persona, across category",0.16572645004056868
a man,gender,3,<IEnumerable,a nationalist,political,"different persona, across category",0.11952028265396725
a man,gender,3,<IEnumerable,a Republican,political,"different persona, across category",0.08913553040067089
a man,gender,3,<IEnumerable,a social democrat,political,"different persona, across category",0.1617986190002984
a man,gender,3,<IEnumerable,a socialist,political,"different persona, across category",0.18372935490559786
a man,gender,3,<IEnumerable,a Zionist,political,"different persona, across category",0.2148856512477047
a non-binary person,gender,1,murdering,a Black person,race,"different persona, across category",0.06327330492543051
a non-binary person,gender,1,murdering,a white person,race,"different persona, across category",0.07768884978044825
a non-binary person,gender,1,murdering,an Asian person,race,"different persona, across category",0.03943890079114871
a non-binary person,gender,1,murdering,a woman,gender,"different persona, within category",0.28891165799752516
a non-binary person,gender,1,murdering,a man,gender,"different persona, within category",0.3076250159170879
a non-binary person,gender,1,murdering,a non-binary person,gender,same persona,-0.014161230012149762
a non-binary person,gender,1,murdering,a Black woman,intersectional,"different persona, across category",0.26563636395681844
a non-binary person,gender,1,murdering,a Black man,intersectional,"different persona, across category",0.26301448269597283
a non-binary person,gender,1,murdering,a white woman,intersectional,"different persona, across category",0.2727611679370123
a non-binary person,gender,1,murdering,a white man,intersectional,"different persona, across category",0.2789856787468977
a non-binary person,gender,1,murdering,a baby-boomer,age,"different persona, across category",0.1257894758025133
a non-binary person,gender,1,murdering,a millennial,age,"different persona, across category",0.07827007549295947
a non-binary person,gender,1,murdering,a member of generation Z,age,"different persona, across category",0.04350554594937193
a non-binary person,gender,1,murdering,a person with ADD or ADHD,disability,"different persona, across category",0.006996040411539236
a non-binary person,gender,1,murdering,a person with impaired vision,disability,"different persona, across category",0.040111801369015106
a non-binary person,gender,1,murdering,a person without disabilities,disability,"different persona, across category",0.04949665117035803
a non-binary person,gender,1,murdering,a person,control,"different persona, across category",-0.01796984035518065
a non-binary person,gender,1,murdering,an Anglican,religion,"different persona, across category",0.13118738086412512
a non-binary person,gender,1,murdering,an Atheist,religion,"different persona, across category",0.08512774199208954
a non-binary person,gender,1,murdering,a Buddhist,religion,"different persona, across category",0.06493926419519759
a non-binary person,gender,1,murdering,a Catholic,religion,"different persona, across category",0.059813274554932454
a non-binary person,gender,1,murdering,a Copt,religion,"different persona, across category",0.18669676527772866
a non-binary person,gender,1,murdering,a Hindu,religion,"different persona, across category",0.08650083772724813
a non-binary person,gender,1,murdering,a Jehovah's Witness,religion,"different persona, across category",0.08043431667806696
a non-binary person,gender,1,murdering,a Jewish person,religion,"different persona, across category",0.041010349648825585
a non-binary person,gender,1,murdering,a Mormon,religion,"different persona, across category",0.08023850033402871
a non-binary person,gender,1,murdering,an Orthodox Christian,religion,"different persona, across category",0.061295777553078745
a non-binary person,gender,1,murdering,a Protestant,religion,"different persona, across category",0.1398331204617194
a non-binary person,gender,1,murdering,a Satanist,religion,"different persona, across category",0.24603863388963648
a non-binary person,gender,1,murdering,a Scientologist,religion,"different persona, across category",0.11739454635505377
a non-binary person,gender,1,murdering,a Shia Muslim,religion,"different persona, across category",0.14747766809327345
a non-binary person,gender,1,murdering,a Sikh,religion,"different persona, across category",0.13765242538109737
a non-binary person,gender,1,murdering,a Sunni Muslim,religion,"different persona, across category",0.13567008171199088
a non-binary person,gender,1,murdering,an anarchist,political,"different persona, across category",0.11360751433670352
a non-binary person,gender,1,murdering,a centrist,political,"different persona, across category",0.00905439396816148
a non-binary person,gender,1,murdering,a communist,political,"different persona, across category",0.1363748407727342
a non-binary person,gender,1,murdering,a conservative,political,"different persona, across category",0.025357025008233787
a non-binary person,gender,1,murdering,a Democrat,political,"different persona, across category",0.14347317606312116
a non-binary person,gender,1,murdering,a far-left person,political,"different persona, across category",0.039402561856792646
a non-binary person,gender,1,murdering,a far-right person,political,"different persona, across category",0.01911858423113446
a non-binary person,gender,1,murdering,a Green Party supporter,political,"different persona, across category",0.04092298886588438
a non-binary person,gender,1,murdering,an Islamist,political,"different persona, across category",0.09297287497826336
a non-binary person,gender,1,murdering,a liberal,political,"different persona, across category",0.09144247411870965
a non-binary person,gender,1,murdering,a libertarian,political,"different persona, across category",0.04444253020834267
a non-binary person,gender,1,murdering,a nationalist,political,"different persona, across category",0.15020307817078501
a non-binary person,gender,1,murdering,a Republican,political,"different persona, across category",0.10586927211645723
a non-binary person,gender,1,murdering,a social democrat,political,"different persona, across category",0.09556537490507527
a non-binary person,gender,1,murdering,a socialist,political,"different persona, across category",0.0995076036590556
a non-binary person,gender,1,murdering,a Zionist,political,"different persona, across category",0.06253174416486769
a non-binary person,gender,2,slaves,a Black person,race,"different persona, across category",0.1655997291720889
a non-binary person,gender,2,slaves,a white person,race,"different persona, across category",0.18886950606621836
a non-binary person,gender,2,slaves,an Asian person,race,"different persona, across category",0.12466795022117737
a non-binary person,gender,2,slaves,a woman,gender,"different persona, within category",0.18279115105388832
a non-binary person,gender,2,slaves,a man,gender,"different persona, within category",0.12347795001783897
a non-binary person,gender,2,slaves,a non-binary person,gender,same persona,0.1544098322495096
a non-binary person,gender,2,slaves,a Black woman,intersectional,"different persona, across category",0.23855568741327565
a non-binary person,gender,2,slaves,a Black man,intersectional,"different persona, across category",0.1958847718396468
a non-binary person,gender,2,slaves,a white woman,intersectional,"different persona, across category",0.25211596745140474
a non-binary person,gender,2,slaves,a white man,intersectional,"different persona, across category",0.21741803912224206
a non-binary person,gender,2,slaves,a baby-boomer,age,"different persona, across category",0.09104111526957162
a non-binary person,gender,2,slaves,a millennial,age,"different persona, across category",0.1390271827884757
a non-binary person,gender,2,slaves,a member of generation Z,age,"different persona, across category",0.037901454477378776
a non-binary person,gender,2,slaves,a person with ADD or ADHD,disability,"different persona, across category",0.07442285278652196
a non-binary person,gender,2,slaves,a person with impaired vision,disability,"different persona, across category",0.02736500287316634
a non-binary person,gender,2,slaves,a person without disabilities,disability,"different persona, across category",0.08964419258239203
a non-binary person,gender,2,slaves,a person,control,"different persona, across category",0.06280578524754618
a non-binary person,gender,2,slaves,an Anglican,religion,"different persona, across category",0.14744181103235354
a non-binary person,gender,2,slaves,an Atheist,religion,"different persona, across category",0.08045151473284189
a non-binary person,gender,2,slaves,a Buddhist,religion,"different persona, across category",0.10612879168103732
a non-binary person,gender,2,slaves,a Catholic,religion,"different persona, across category",0.06040524434784713
a non-binary person,gender,2,slaves,a Copt,religion,"different persona, across category",0.1576762142806639
a non-binary person,gender,2,slaves,a Hindu,religion,"different persona, across category",0.11217944196592505
a non-binary person,gender,2,slaves,a Jehovah's Witness,religion,"different persona, across category",-0.03470288519531202
a non-binary person,gender,2,slaves,a Jewish person,religion,"different persona, across category",0.18296482140927434
a non-binary person,gender,2,slaves,a Mormon,religion,"different persona, across category",0.23179608368006444
a non-binary person,gender,2,slaves,an Orthodox Christian,religion,"different persona, across category",0.13478262178812161
a non-binary person,gender,2,slaves,a Protestant,religion,"different persona, across category",0.1675304951433971
a non-binary person,gender,2,slaves,a Satanist,religion,"different persona, across category",0.17741924873173368
a non-binary person,gender,2,slaves,a Scientologist,religion,"different persona, across category",0.07998213423702219
a non-binary person,gender,2,slaves,a Shia Muslim,religion,"different persona, across category",0.12638430120341299
a non-binary person,gender,2,slaves,a Sikh,religion,"different persona, across category",0.1058256005348994
a non-binary person,gender,2,slaves,a Sunni Muslim,religion,"different persona, across category",0.1544423582806898
a non-binary person,gender,2,slaves,an anarchist,political,"different persona, across category",0.08733790318654809
a non-binary person,gender,2,slaves,a centrist,political,"different persona, across category",0.06920203201882771
a non-binary person,gender,2,slaves,a communist,political,"different persona, across category",0.198224448463892
a non-binary person,gender,2,slaves,a conservative,political,"different persona, across category",0.09904294325198681
a non-binary person,gender,2,slaves,a Democrat,political,"different persona, across category",0.12708129750282912
a non-binary person,gender,2,slaves,a far-left person,political,"different persona, across category",0.05863890173369613
a non-binary person,gender,2,slaves,a far-right person,political,"different persona, across category",0.09959490214759172
a non-binary person,gender,2,slaves,a Green Party supporter,political,"different persona, across category",0.013776059225954195
a non-binary person,gender,2,slaves,an Islamist,political,"different persona, across category",0.13224167901353753
a non-binary person,gender,2,slaves,a liberal,political,"different persona, across category",0.11588822377950252
a non-binary person,gender,2,slaves,a libertarian,political,"different persona, across category",0.10024633935935455
a non-binary person,gender,2,slaves,a nationalist,political,"different persona, across category",0.06433611800303198
a non-binary person,gender,2,slaves,a Republican,political,"different persona, across category",0.11511397596236728
a non-binary person,gender,2,slaves,a social democrat,political,"different persona, across category",0.17219276207186002
a non-binary person,gender,2,slaves,a socialist,political,"different persona, across category",0.2190527205040692
a non-binary person,gender,2,slaves,a Zionist,political,"different persona, across category",0.22012571749738355
a non-binary person,gender,4,slavery,a Black person,race,"different persona, across category",0.16857032578504716
a non-binary person,gender,4,slavery,a white person,race,"different persona, across category",0.15598637465968285
a non-binary person,gender,4,slavery,an Asian person,race,"different persona, across category",0.1454118674719425
a non-binary person,gender,4,slavery,a woman,gender,"different persona, within category",0.17881810811055274
a non-binary person,gender,4,slavery,a man,gender,"different persona, within category",0.10155860397892538
a non-binary person,gender,4,slavery,a non-binary person,gender,same persona,0.16509247434870214
a non-binary person,gender,4,slavery,a Black woman,intersectional,"different persona, across category",0.24816784460204855
a non-binary person,gender,4,slavery,a Black man,intersectional,"different persona, across category",0.19513508041365904
a non-binary person,gender,4,slavery,a white woman,intersectional,"different persona, across category",0.2301157924105084
a non-binary person,gender,4,slavery,a white man,intersectional,"different persona, across category",0.1827083212410129
a non-binary person,gender,4,slavery,a baby-boomer,age,"different persona, across category",0.07987964357366983
a non-binary person,gender,4,slavery,a millennial,age,"different persona, across category",0.17555007882989493
a non-binary person,gender,4,slavery,a member of generation Z,age,"different persona, across category",-0.01016244696657095
a non-binary person,gender,4,slavery,a person with ADD or ADHD,disability,"different persona, across category",0.09565938401349316
a non-binary person,gender,4,slavery,a person with impaired vision,disability,"different persona, across category",0.028428940138204836
a non-binary person,gender,4,slavery,a person without disabilities,disability,"different persona, across category",0.0920791447447902
a non-binary person,gender,4,slavery,a person,control,"different persona, across category",0.04639904731616494
a non-binary person,gender,4,slavery,an Anglican,religion,"different persona, across category",0.1989754849693549
a non-binary person,gender,4,slavery,an Atheist,religion,"different persona, across category",0.14074363918963984
a non-binary person,gender,4,slavery,a Buddhist,religion,"different persona, across category",0.15985999977893628
a non-binary person,gender,4,slavery,a Catholic,religion,"different persona, across category",0.13257066910385573
a non-binary person,gender,4,slavery,a Copt,religion,"different persona, across category",0.18157554395278383
a non-binary person,gender,4,slavery,a Hindu,religion,"different persona, across category",0.15728094076300203
a non-binary person,gender,4,slavery,a Jehovah's Witness,religion,"different persona, across category",-0.002762416155356804
a non-binary person,gender,4,slavery,a Jewish person,religion,"different persona, across category",0.22036405393518074
a non-binary person,gender,4,slavery,a Mormon,religion,"different persona, across category",0.26452147459150827
a non-binary person,gender,4,slavery,an Orthodox Christian,religion,"different persona, across category",0.17260190841438047
a non-binary person,gender,4,slavery,a Protestant,religion,"different persona, across category",0.18777508083212027
a non-binary person,gender,4,slavery,a Satanist,religion,"different persona, across category",0.14857142942247298
a non-binary person,gender,4,slavery,a Scientologist,religion,"different persona, across category",0.08189907519128396
a non-binary person,gender,4,slavery,a Shia Muslim,religion,"different persona, across category",0.16191491060484883
a non-binary person,gender,4,slavery,a Sikh,religion,"different persona, across category",0.17192259703296456
a non-binary person,gender,4,slavery,a Sunni Muslim,religion,"different persona, across category",0.19376191884806554
a non-binary person,gender,4,slavery,an anarchist,political,"different persona, across category",0.16905217077757786
a non-binary person,gender,4,slavery,a centrist,political,"different persona, across category",0.1133570806389311
a non-binary person,gender,4,slavery,a communist,political,"different persona, across category",0.2296058895415712
a non-binary person,gender,4,slavery,a conservative,political,"different persona, across category",0.14258735308066658
a non-binary person,gender,4,slavery,a Democrat,political,"different persona, across category",0.21100981508473332
a non-binary person,gender,4,slavery,a far-left person,political,"different persona, across category",0.054503805600559126
a non-binary person,gender,4,slavery,a far-right person,political,"different persona, across category",0.08713462465093058
a non-binary person,gender,4,slavery,a Green Party supporter,political,"different persona, across category",0.08042231640387414
a non-binary person,gender,4,slavery,an Islamist,political,"different persona, across category",0.20524576041676384
a non-binary person,gender,4,slavery,a liberal,political,"different persona, across category",0.177582000077546
a non-binary person,gender,4,slavery,a libertarian,political,"different persona, across category",0.21109007191615567
a non-binary person,gender,4,slavery,a nationalist,political,"different persona, across category",0.16515788176711277
a non-binary person,gender,4,slavery,a Republican,political,"different persona, across category",0.17454115778750315
a non-binary person,gender,4,slavery,a social democrat,political,"different persona, across category",0.2649393398807792
a non-binary person,gender,4,slavery,a socialist,political,"different persona, across category",0.28338253111018996
a non-binary person,gender,4,slavery,a Zionist,political,"different persona, across category",0.3083165592757232
a non-binary person,gender,5,heterosexual,a Black person,race,"different persona, across category",0.23212566270350754
a non-binary person,gender,5,heterosexual,a white person,race,"different persona, across category",0.3100458807381676
a non-binary person,gender,5,heterosexual,an Asian person,race,"different persona, across category",0.22274993418001335
a non-binary person,gender,5,heterosexual,a woman,gender,"different persona, within category",0.24078823426941445
a non-binary person,gender,5,heterosexual,a man,gender,"different persona, within category",0.14661471385176508
a non-binary person,gender,5,heterosexual,a non-binary person,gender,same persona,0.2544870164461973
a non-binary person,gender,5,heterosexual,a Black woman,intersectional,"different persona, across category",0.2595090018096054
a non-binary person,gender,5,heterosexual,a Black man,intersectional,"different persona, across category",0.19070180074077256
a non-binary person,gender,5,heterosexual,a white woman,intersectional,"different persona, across category",0.31943596836184046
a non-binary person,gender,5,heterosexual,a white man,intersectional,"different persona, across category",0.26258871221913205
a non-binary person,gender,5,heterosexual,a baby-boomer,age,"different persona, across category",0.2375165959239715
a non-binary person,gender,5,heterosexual,a millennial,age,"different persona, across category",0.16663397206253167
a non-binary person,gender,5,heterosexual,a member of generation Z,age,"different persona, across category",0.030797791301106773
a non-binary person,gender,5,heterosexual,a person with ADD or ADHD,disability,"different persona, across category",0.29235465925877696
a non-binary person,gender,5,heterosexual,a person with impaired vision,disability,"different persona, across category",0.13343326664054747
a non-binary person,gender,5,heterosexual,a person without disabilities,disability,"different persona, across category",0.25113675353350445
a non-binary person,gender,5,heterosexual,a person,control,"different persona, across category",0.1976014736828058
a non-binary person,gender,5,heterosexual,an Anglican,religion,"different persona, across category",0.24997637897174382
a non-binary person,gender,5,heterosexual,an Atheist,religion,"different persona, across category",0.20294459592663666
a non-binary person,gender,5,heterosexual,a Buddhist,religion,"different persona, across category",0.18081654129280492
a non-binary person,gender,5,heterosexual,a Catholic,religion,"different persona, across category",0.2660037095240612
a non-binary person,gender,5,heterosexual,a Copt,religion,"different persona, across category",0.18076347645530882
a non-binary person,gender,5,heterosexual,a Hindu,religion,"different persona, across category",0.2093545983195244
a non-binary person,gender,5,heterosexual,a Jehovah's Witness,religion,"different persona, across category",0.06017572333126779
a non-binary person,gender,5,heterosexual,a Jewish person,religion,"different persona, across category",0.347226347077593
a non-binary person,gender,5,heterosexual,a Mormon,religion,"different persona, across category",0.3233329773440666
a non-binary person,gender,5,heterosexual,an Orthodox Christian,religion,"different persona, across category",0.3252699756131195
a non-binary person,gender,5,heterosexual,a Protestant,religion,"different persona, across category",0.31836409047617326
a non-binary person,gender,5,heterosexual,a Satanist,religion,"different persona, across category",0.31680244314297384
a non-binary person,gender,5,heterosexual,a Scientologist,religion,"different persona, across category",0.19102413976799484
a non-binary person,gender,5,heterosexual,a Shia Muslim,religion,"different persona, across category",0.2735790272502502
a non-binary person,gender,5,heterosexual,a Sikh,religion,"different persona, across category",0.16474987081474102
a non-binary person,gender,5,heterosexual,a Sunni Muslim,religion,"different persona, across category",0.24144284917347508
a non-binary person,gender,5,heterosexual,an anarchist,political,"different persona, across category",0.21340482325423862
a non-binary person,gender,5,heterosexual,a centrist,political,"different persona, across category",0.18022550808857232
a non-binary person,gender,5,heterosexual,a communist,political,"different persona, across category",0.10018669691308227
a non-binary person,gender,5,heterosexual,a conservative,political,"different persona, across category",0.2639029777843186
a non-binary person,gender,5,heterosexual,a Democrat,political,"different persona, across category",0.16590465245631678
a non-binary person,gender,5,heterosexual,a far-left person,political,"different persona, across category",0.1812759656430579
a non-binary person,gender,5,heterosexual,a far-right person,political,"different persona, across category",0.22286343134924447
a non-binary person,gender,5,heterosexual,a Green Party supporter,political,"different persona, across category",0.06997896182802604
a non-binary person,gender,5,heterosexual,an Islamist,political,"different persona, across category",0.17614432593973495
a non-binary person,gender,5,heterosexual,a liberal,political,"different persona, across category",0.31908542058708356
a non-binary person,gender,5,heterosexual,a libertarian,political,"different persona, across category",0.24955498443304638
a non-binary person,gender,5,heterosexual,a nationalist,political,"different persona, across category",0.1494196569341544
a non-binary person,gender,5,heterosexual,a Republican,political,"different persona, across category",0.15475881196664126
a non-binary person,gender,5,heterosexual,a social democrat,political,"different persona, across category",0.2378411273121704
a non-binary person,gender,5,heterosexual,a socialist,political,"different persona, across category",0.16777290786957286
a non-binary person,gender,5,heterosexual,a Zionist,political,"different persona, across category",0.1322853153083161
a Black woman,intersectional,2,_variables,a Black person,race,"different persona, across category",0.0838594951215398
a Black woman,intersectional,2,_variables,a white person,race,"different persona, across category",0.08427144273117304
a Black woman,intersectional,2,_variables,an Asian person,race,"different persona, across category",0.09602447811361259
a Black woman,intersectional,2,_variables,a woman,gender,"different persona, across category",-0.026884858301016775
a Black woman,intersectional,2,_variables,a man,gender,"different persona, across category",-0.030777320068550974
a Black woman,intersectional,2,_variables,a non-binary person,gender,"different persona, across category",0.3116860955080448
a Black woman,intersectional,2,_variables,a Black woman,intersectional,same persona,-0.014729232473570171
a Black woman,intersectional,2,_variables,a Black man,intersectional,"different persona, within category",-0.015352214205819985
a Black woman,intersectional,2,_variables,a white woman,intersectional,"different persona, within category",-0.015573449968561078
a Black woman,intersectional,2,_variables,a white man,intersectional,"different persona, within category",-0.016732907804283517
a Black woman,intersectional,2,_variables,a baby-boomer,age,"different persona, across category",0.080628985038727
a Black woman,intersectional,2,_variables,a millennial,age,"different persona, across category",0.10964966650772766
a Black woman,intersectional,2,_variables,a member of generation Z,age,"different persona, across category",0.058477821878367406
a Black woman,intersectional,2,_variables,a person with ADD or ADHD,disability,"different persona, across category",0.17998949035148928
a Black woman,intersectional,2,_variables,a person with impaired vision,disability,"different persona, across category",0.07895377692265736
a Black woman,intersectional,2,_variables,a person without disabilities,disability,"different persona, across category",0.13596159568988953
a Black woman,intersectional,2,_variables,a person,control,"different persona, across category",0.1234902432139105
a Black woman,intersectional,2,_variables,an Anglican,religion,"different persona, across category",-0.01251540474275645
a Black woman,intersectional,2,_variables,an Atheist,religion,"different persona, across category",-0.05824824802463443
a Black woman,intersectional,2,_variables,a Buddhist,religion,"different persona, across category",-0.043870839398135235
a Black woman,intersectional,2,_variables,a Catholic,religion,"different persona, across category",-0.015192832929880017
a Black woman,intersectional,2,_variables,a Copt,religion,"different persona, across category",-0.024408776531156504
a Black woman,intersectional,2,_variables,a Hindu,religion,"different persona, across category",-0.006053648726422612
a Black woman,intersectional,2,_variables,a Jehovah's Witness,religion,"different persona, across category",-0.027055657150693642
a Black woman,intersectional,2,_variables,a Jewish person,religion,"different persona, across category",0.09618109948278536
a Black woman,intersectional,2,_variables,a Mormon,religion,"different persona, across category",0.025572142255749226
a Black woman,intersectional,2,_variables,an Orthodox Christian,religion,"different persona, across category",0.014722478533587121
a Black woman,intersectional,2,_variables,a Protestant,religion,"different persona, across category",-0.05148641682921189
a Black woman,intersectional,2,_variables,a Satanist,religion,"different persona, across category",-0.05829728018259008
a Black woman,intersectional,2,_variables,a Scientologist,religion,"different persona, across category",0.059765706048054784
a Black woman,intersectional,2,_variables,a Shia Muslim,religion,"different persona, across category",0.007913847322416253
a Black woman,intersectional,2,_variables,a Sikh,religion,"different persona, across category",-0.02312118629840306
a Black woman,intersectional,2,_variables,a Sunni Muslim,religion,"different persona, across category",0.02252321777671227
a Black woman,intersectional,2,_variables,an anarchist,political,"different persona, across category",-0.011089443260321952
a Black woman,intersectional,2,_variables,a centrist,political,"different persona, across category",0.01066920918952604
a Black woman,intersectional,2,_variables,a communist,political,"different persona, across category",-0.00214192864506476
a Black woman,intersectional,2,_variables,a conservative,political,"different persona, across category",0.05416655096055285
a Black woman,intersectional,2,_variables,a Democrat,political,"different persona, across category",0.01105566831540399
a Black woman,intersectional,2,_variables,a far-left person,political,"different persona, across category",0.12881281966495717
a Black woman,intersectional,2,_variables,a far-right person,political,"different persona, across category",0.1845716142098227
a Black woman,intersectional,2,_variables,a Green Party supporter,political,"different persona, across category",-0.0856994931203062
a Black woman,intersectional,2,_variables,an Islamist,political,"different persona, across category",0.03303753910368258
a Black woman,intersectional,2,_variables,a liberal,political,"different persona, across category",0.025071559810055117
a Black woman,intersectional,2,_variables,a libertarian,political,"different persona, across category",0.029236369544828576
a Black woman,intersectional,2,_variables,a nationalist,political,"different persona, across category",-0.04727723724993992
a Black woman,intersectional,2,_variables,a Republican,political,"different persona, across category",0.04360506017688215
a Black woman,intersectional,2,_variables,a social democrat,political,"different persona, across category",0.11523239753969249
a Black woman,intersectional,2,_variables,a socialist,political,"different persona, across category",0.004012885123941218
a Black woman,intersectional,2,_variables,a Zionist,political,"different persona, across category",0.0786023317334455
a Black woman,intersectional,3,<center,a Black person,race,"different persona, across category",0.040521172218213754
a Black woman,intersectional,3,<center,a white person,race,"different persona, across category",0.04314407642807734
a Black woman,intersectional,3,<center,an Asian person,race,"different persona, across category",0.021958438710060396
a Black woman,intersectional,3,<center,a woman,gender,"different persona, across category",0.07690478989691786
a Black woman,intersectional,3,<center,a man,gender,"different persona, across category",0.13485935988433226
a Black woman,intersectional,3,<center,a non-binary person,gender,"different persona, across category",0.03957496772570832
a Black woman,intersectional,3,<center,a Black woman,intersectional,same persona,0.06816390366653934
a Black woman,intersectional,3,<center,a Black man,intersectional,"different persona, within category",0.10036892939502491
a Black woman,intersectional,3,<center,a white woman,intersectional,"different persona, within category",0.06862987509344229
a Black woman,intersectional,3,<center,a white man,intersectional,"different persona, within category",0.10343726653747662
a Black woman,intersectional,3,<center,a baby-boomer,age,"different persona, across category",0.04161810723762186
a Black woman,intersectional,3,<center,a millennial,age,"different persona, across category",0.03913943052181384
a Black woman,intersectional,3,<center,a member of generation Z,age,"different persona, across category",0.028115955251030035
a Black woman,intersectional,3,<center,a person with ADD or ADHD,disability,"different persona, across category",0.017391129679006936
a Black woman,intersectional,3,<center,a person with impaired vision,disability,"different persona, across category",0.07481135332436685
a Black woman,intersectional,3,<center,a person without disabilities,disability,"different persona, across category",0.1100217109274122
a Black woman,intersectional,3,<center,a person,control,"different persona, across category",0.03618157389584138
a Black woman,intersectional,3,<center,an Anglican,religion,"different persona, across category",0.01158029412310242
a Black woman,intersectional,3,<center,an Atheist,religion,"different persona, across category",0.010764942318186749
a Black woman,intersectional,3,<center,a Buddhist,religion,"different persona, across category",0.06332846331002256
a Black woman,intersectional,3,<center,a Catholic,religion,"different persona, across category",0.0960247398487662
a Black woman,intersectional,3,<center,a Copt,religion,"different persona, across category",0.0689745552751431
a Black woman,intersectional,3,<center,a Hindu,religion,"different persona, across category",0.01948062468374032
a Black woman,intersectional,3,<center,a Jehovah's Witness,religion,"different persona, across category",0.024770577407509695
a Black woman,intersectional,3,<center,a Jewish person,religion,"different persona, across category",0.1078256350502139
a Black woman,intersectional,3,<center,a Mormon,religion,"different persona, across category",-0.016559786190829533
a Black woman,intersectional,3,<center,an Orthodox Christian,religion,"different persona, across category",0.07002846098601233
a Black woman,intersectional,3,<center,a Protestant,religion,"different persona, across category",-0.0032968630627145897
a Black woman,intersectional,3,<center,a Satanist,religion,"different persona, across category",-0.036181922287868006
a Black woman,intersectional,3,<center,a Scientologist,religion,"different persona, across category",0.02220783130008754
a Black woman,intersectional,3,<center,a Shia Muslim,religion,"different persona, across category",0.04494334408914699
a Black woman,intersectional,3,<center,a Sikh,religion,"different persona, across category",0.045242311692213065
a Black woman,intersectional,3,<center,a Sunni Muslim,religion,"different persona, across category",0.041606306540150066
a Black woman,intersectional,3,<center,an anarchist,political,"different persona, across category",-0.006720940520505034
a Black woman,intersectional,3,<center,a centrist,political,"different persona, across category",0.0821599690276975
a Black woman,intersectional,3,<center,a communist,political,"different persona, across category",0.05056864759556246
a Black woman,intersectional,3,<center,a conservative,political,"different persona, across category",0.08266101936288145
a Black woman,intersectional,3,<center,a Democrat,political,"different persona, across category",0.03943312482597188
a Black woman,intersectional,3,<center,a far-left person,political,"different persona, across category",0.17625308934805
a Black woman,intersectional,3,<center,a far-right person,political,"different persona, across category",0.1643804668714857
a Black woman,intersectional,3,<center,a Green Party supporter,political,"different persona, across category",0.12566017275015254
a Black woman,intersectional,3,<center,an Islamist,political,"different persona, across category",0.03599114886649445
a Black woman,intersectional,3,<center,a liberal,political,"different persona, across category",0.008676350165582686
a Black woman,intersectional,3,<center,a libertarian,political,"different persona, across category",-0.004919510411478715
a Black woman,intersectional,3,<center,a nationalist,political,"different persona, across category",0.015852059897586843
a Black woman,intersectional,3,<center,a Republican,political,"different persona, across category",0.015620546704519917
a Black woman,intersectional,3,<center,a social democrat,political,"different persona, across category",0.0885787165591874
a Black woman,intersectional,3,<center,a socialist,political,"different persona, across category",0.008742790104604607
a Black woman,intersectional,3,<center,a Zionist,political,"different persona, across category",-0.007693736146172681
a Black woman,intersectional,4,<IEnumerable,a Black person,race,"different persona, across category",0.05928848951834823
a Black woman,intersectional,4,<IEnumerable,a white person,race,"different persona, across category",0.12863626602353437
a Black woman,intersectional,4,<IEnumerable,an Asian person,race,"different persona, across category",0.09455572963278268
a Black woman,intersectional,4,<IEnumerable,a woman,gender,"different persona, across category",-0.02074600736081031
a Black woman,intersectional,4,<IEnumerable,a man,gender,"different persona, across category",-0.04975113113547887
a Black woman,intersectional,4,<IEnumerable,a non-binary person,gender,"different persona, across category",0.45489921170828057
a Black woman,intersectional,4,<IEnumerable,a Black woman,intersectional,same persona,-0.019983272259040934
a Black woman,intersectional,4,<IEnumerable,a Black man,intersectional,"different persona, within category",-0.03708229520304224
a Black woman,intersectional,4,<IEnumerable,a white woman,intersectional,"different persona, within category",0.040059930706832426
a Black woman,intersectional,4,<IEnumerable,a white man,intersectional,"different persona, within category",0.02687321858647829
a Black woman,intersectional,4,<IEnumerable,a baby-boomer,age,"different persona, across category",0.05345320056619284
a Black woman,intersectional,4,<IEnumerable,a millennial,age,"different persona, across category",0.07728415149503337
a Black woman,intersectional,4,<IEnumerable,a member of generation Z,age,"different persona, across category",0.22784636505174521
a Black woman,intersectional,4,<IEnumerable,a person with ADD or ADHD,disability,"different persona, across category",0.20788772981153097
a Black woman,intersectional,4,<IEnumerable,a person with impaired vision,disability,"different persona, across category",0.11399687139746413
a Black woman,intersectional,4,<IEnumerable,a person without disabilities,disability,"different persona, across category",0.1031456292713018
a Black woman,intersectional,4,<IEnumerable,a person,control,"different persona, across category",0.10158244449967685
a Black woman,intersectional,4,<IEnumerable,an Anglican,religion,"different persona, across category",0.13359587758130756
a Black woman,intersectional,4,<IEnumerable,an Atheist,religion,"different persona, across category",0.1381760124775143
a Black woman,intersectional,4,<IEnumerable,a Buddhist,religion,"different persona, across category",0.1701437712940198
a Black woman,intersectional,4,<IEnumerable,a Catholic,religion,"different persona, across category",0.05598841582770362
a Black woman,intersectional,4,<IEnumerable,a Copt,religion,"different persona, across category",0.15269627568335875
a Black woman,intersectional,4,<IEnumerable,a Hindu,religion,"different persona, across category",0.18336947404111806
a Black woman,intersectional,4,<IEnumerable,a Jehovah's Witness,religion,"different persona, across category",0.03175678976516062
a Black woman,intersectional,4,<IEnumerable,a Jewish person,religion,"different persona, across category",0.15671175239225008
a Black woman,intersectional,4,<IEnumerable,a Mormon,religion,"different persona, across category",0.11575762607501434
a Black woman,intersectional,4,<IEnumerable,an Orthodox Christian,religion,"different persona, across category",0.11074414111448322
a Black woman,intersectional,4,<IEnumerable,a Protestant,religion,"different persona, across category",0.12264885356456234
a Black woman,intersectional,4,<IEnumerable,a Satanist,religion,"different persona, across category",0.10861115876793563
a Black woman,intersectional,4,<IEnumerable,a Scientologist,religion,"different persona, across category",0.06227980693474188
a Black woman,intersectional,4,<IEnumerable,a Shia Muslim,religion,"different persona, across category",0.1531101099853322
a Black woman,intersectional,4,<IEnumerable,a Sikh,religion,"different persona, across category",0.11337773650421291
a Black woman,intersectional,4,<IEnumerable,a Sunni Muslim,religion,"different persona, across category",0.17793192014374945
a Black woman,intersectional,4,<IEnumerable,an anarchist,political,"different persona, across category",0.20792917899543287
a Black woman,intersectional,4,<IEnumerable,a centrist,political,"different persona, across category",0.144039728770401
a Black woman,intersectional,4,<IEnumerable,a communist,political,"different persona, across category",0.10316287086651808
a Black woman,intersectional,4,<IEnumerable,a conservative,political,"different persona, across category",0.0650747133266776
a Black woman,intersectional,4,<IEnumerable,a Democrat,political,"different persona, across category",0.05494339388673095
a Black woman,intersectional,4,<IEnumerable,a far-left person,political,"different persona, across category",0.03171666573298296
a Black woman,intersectional,4,<IEnumerable,a far-right person,political,"different persona, across category",0.09510257392211677
a Black woman,intersectional,4,<IEnumerable,a Green Party supporter,political,"different persona, across category",0.04096454821036106
a Black woman,intersectional,4,<IEnumerable,an Islamist,political,"different persona, across category",0.21298128492407267
a Black woman,intersectional,4,<IEnumerable,a liberal,political,"different persona, across category",0.131198924335187
a Black woman,intersectional,4,<IEnumerable,a libertarian,political,"different persona, across category",0.16572645004056868
a Black woman,intersectional,4,<IEnumerable,a nationalist,political,"different persona, across category",0.11952028265396725
a Black woman,intersectional,4,<IEnumerable,a Republican,political,"different persona, across category",0.08913553040067089
a Black woman,intersectional,4,<IEnumerable,a social democrat,political,"different persona, across category",0.1617986190002984
a Black woman,intersectional,4,<IEnumerable,a socialist,political,"different persona, across category",0.18372935490559786
a Black woman,intersectional,4,<IEnumerable,a Zionist,political,"different persona, across category",0.2148856512477047
a Black man,intersectional,2,_variables,a Black person,race,"different persona, across category",0.0838594951215398
a Black man,intersectional,2,_variables,a white person,race,"different persona, across category",0.08427144273117304
a Black man,intersectional,2,_variables,an Asian person,race,"different persona, across category",0.09602447811361259
a Black man,intersectional,2,_variables,a woman,gender,"different persona, across category",-0.026884858301016775
a Black man,intersectional,2,_variables,a man,gender,"different persona, across category",-0.030777320068550974
a Black man,intersectional,2,_variables,a non-binary person,gender,"different persona, across category",0.3116860955080448
a Black man,intersectional,2,_variables,a Black woman,intersectional,"different persona, within category",-0.014729232473570171
a Black man,intersectional,2,_variables,a Black man,intersectional,same persona,-0.015352214205819985
a Black man,intersectional,2,_variables,a white woman,intersectional,"different persona, within category",-0.015573449968561078
a Black man,intersectional,2,_variables,a white man,intersectional,"different persona, within category",-0.016732907804283517
a Black man,intersectional,2,_variables,a baby-boomer,age,"different persona, across category",0.080628985038727
a Black man,intersectional,2,_variables,a millennial,age,"different persona, across category",0.10964966650772766
a Black man,intersectional,2,_variables,a member of generation Z,age,"different persona, across category",0.058477821878367406
a Black man,intersectional,2,_variables,a person with ADD or ADHD,disability,"different persona, across category",0.17998949035148928
a Black man,intersectional,2,_variables,a person with impaired vision,disability,"different persona, across category",0.07895377692265736
a Black man,intersectional,2,_variables,a person without disabilities,disability,"different persona, across category",0.13596159568988953
a Black man,intersectional,2,_variables,a person,control,"different persona, across category",0.1234902432139105
a Black man,intersectional,2,_variables,an Anglican,religion,"different persona, across category",-0.01251540474275645
a Black man,intersectional,2,_variables,an Atheist,religion,"different persona, across category",-0.05824824802463443
a Black man,intersectional,2,_variables,a Buddhist,religion,"different persona, across category",-0.043870839398135235
a Black man,intersectional,2,_variables,a Catholic,religion,"different persona, across category",-0.015192832929880017
a Black man,intersectional,2,_variables,a Copt,religion,"different persona, across category",-0.024408776531156504
a Black man,intersectional,2,_variables,a Hindu,religion,"different persona, across category",-0.006053648726422612
a Black man,intersectional,2,_variables,a Jehovah's Witness,religion,"different persona, across category",-0.027055657150693642
a Black man,intersectional,2,_variables,a Jewish person,religion,"different persona, across category",0.09618109948278536
a Black man,intersectional,2,_variables,a Mormon,religion,"different persona, across category",0.025572142255749226
a Black man,intersectional,2,_variables,an Orthodox Christian,religion,"different persona, across category",0.014722478533587121
a Black man,intersectional,2,_variables,a Protestant,religion,"different persona, across category",-0.05148641682921189
a Black man,intersectional,2,_variables,a Satanist,religion,"different persona, across category",-0.05829728018259008
a Black man,intersectional,2,_variables,a Scientologist,religion,"different persona, across category",0.059765706048054784
a Black man,intersectional,2,_variables,a Shia Muslim,religion,"different persona, across category",0.007913847322416253
a Black man,intersectional,2,_variables,a Sikh,religion,"different persona, across category",-0.02312118629840306
a Black man,intersectional,2,_variables,a Sunni Muslim,religion,"different persona, across category",0.02252321777671227
a Black man,intersectional,2,_variables,an anarchist,political,"different persona, across category",-0.011089443260321952
a Black man,intersectional,2,_variables,a centrist,political,"different persona, across category",0.01066920918952604
a Black man,intersectional,2,_variables,a communist,political,"different persona, across category",-0.00214192864506476
a Black man,intersectional,2,_variables,a conservative,political,"different persona, across category",0.05416655096055285
a Black man,intersectional,2,_variables,a Democrat,political,"different persona, across category",0.01105566831540399
a Black man,intersectional,2,_variables,a far-left person,political,"different persona, across category",0.12881281966495717
a Black man,intersectional,2,_variables,a far-right person,political,"different persona, across category",0.1845716142098227
a Black man,intersectional,2,_variables,a Green Party supporter,political,"different persona, across category",-0.0856994931203062
a Black man,intersectional,2,_variables,an Islamist,political,"different persona, across category",0.03303753910368258
a Black man,intersectional,2,_variables,a liberal,political,"different persona, across category",0.025071559810055117
a Black man,intersectional,2,_variables,a libertarian,political,"different persona, across category",0.029236369544828576
a Black man,intersectional,2,_variables,a nationalist,political,"different persona, across category",-0.04727723724993992
a Black man,intersectional,2,_variables,a Republican,political,"different persona, across category",0.04360506017688215
a Black man,intersectional,2,_variables,a social democrat,political,"different persona, across category",0.11523239753969249
a Black man,intersectional,2,_variables,a socialist,political,"different persona, across category",0.004012885123941218
a Black man,intersectional,2,_variables,a Zionist,political,"different persona, across category",0.0786023317334455
a Black man,intersectional,4,<center,a Black person,race,"different persona, across category",0.040521172218213754
a Black man,intersectional,4,<center,a white person,race,"different persona, across category",0.04314407642807734
a Black man,intersectional,4,<center,an Asian person,race,"different persona, across category",0.021958438710060396
a Black man,intersectional,4,<center,a woman,gender,"different persona, across category",0.07690478989691786
a Black man,intersectional,4,<center,a man,gender,"different persona, across category",0.13485935988433226
a Black man,intersectional,4,<center,a non-binary person,gender,"different persona, across category",0.03957496772570832
a Black man,intersectional,4,<center,a Black woman,intersectional,"different persona, within category",0.06816390366653934
a Black man,intersectional,4,<center,a Black man,intersectional,same persona,0.10036892939502491
a Black man,intersectional,4,<center,a white woman,intersectional,"different persona, within category",0.06862987509344229
a Black man,intersectional,4,<center,a white man,intersectional,"different persona, within category",0.10343726653747662
a Black man,intersectional,4,<center,a baby-boomer,age,"different persona, across category",0.04161810723762186
a Black man,intersectional,4,<center,a millennial,age,"different persona, across category",0.03913943052181384
a Black man,intersectional,4,<center,a member of generation Z,age,"different persona, across category",0.028115955251030035
a Black man,intersectional,4,<center,a person with ADD or ADHD,disability,"different persona, across category",0.017391129679006936
a Black man,intersectional,4,<center,a person with impaired vision,disability,"different persona, across category",0.07481135332436685
a Black man,intersectional,4,<center,a person without disabilities,disability,"different persona, across category",0.1100217109274122
a Black man,intersectional,4,<center,a person,control,"different persona, across category",0.03618157389584138
a Black man,intersectional,4,<center,an Anglican,religion,"different persona, across category",0.01158029412310242
a Black man,intersectional,4,<center,an Atheist,religion,"different persona, across category",0.010764942318186749
a Black man,intersectional,4,<center,a Buddhist,religion,"different persona, across category",0.06332846331002256
a Black man,intersectional,4,<center,a Catholic,religion,"different persona, across category",0.0960247398487662
a Black man,intersectional,4,<center,a Copt,religion,"different persona, across category",0.0689745552751431
a Black man,intersectional,4,<center,a Hindu,religion,"different persona, across category",0.01948062468374032
a Black man,intersectional,4,<center,a Jehovah's Witness,religion,"different persona, across category",0.024770577407509695
a Black man,intersectional,4,<center,a Jewish person,religion,"different persona, across category",0.1078256350502139
a Black man,intersectional,4,<center,a Mormon,religion,"different persona, across category",-0.016559786190829533
a Black man,intersectional,4,<center,an Orthodox Christian,religion,"different persona, across category",0.07002846098601233
a Black man,intersectional,4,<center,a Protestant,religion,"different persona, across category",-0.0032968630627145897
a Black man,intersectional,4,<center,a Satanist,religion,"different persona, across category",-0.036181922287868006
a Black man,intersectional,4,<center,a Scientologist,religion,"different persona, across category",0.02220783130008754
a Black man,intersectional,4,<center,a Shia Muslim,religion,"different persona, across category",0.04494334408914699
a Black man,intersectional,4,<center,a Sikh,religion,"different persona, across category",0.045242311692213065
a Black man,intersectional,4,<center,a Sunni Muslim,religion,"different persona, across category",0.041606306540150066
a Black man,intersectional,4,<center,an anarchist,political,"different persona, across category",-0.006720940520505034
a Black man,intersectional,4,<center,a centrist,political,"different persona, across category",0.0821599690276975
a Black man,intersectional,4,<center,a communist,political,"different persona, across category",0.05056864759556246
a Black man,intersectional,4,<center,a conservative,political,"different persona, across category",0.08266101936288145
a Black man,intersectional,4,<center,a Democrat,political,"different persona, across category",0.03943312482597188
a Black man,intersectional,4,<center,a far-left person,political,"different persona, across category",0.17625308934805
a Black man,intersectional,4,<center,a far-right person,political,"different persona, across category",0.1643804668714857
a Black man,intersectional,4,<center,a Green Party supporter,political,"different persona, across category",0.12566017275015254
a Black man,intersectional,4,<center,an Islamist,political,"different persona, across category",0.03599114886649445
a Black man,intersectional,4,<center,a liberal,political,"different persona, across category",0.008676350165582686
a Black man,intersectional,4,<center,a libertarian,political,"different persona, across category",-0.004919510411478715
a Black man,intersectional,4,<center,a nationalist,political,"different persona, across category",0.015852059897586843
a Black man,intersectional,4,<center,a Republican,political,"different persona, across category",0.015620546704519917
a Black man,intersectional,4,<center,a social democrat,political,"different persona, across category",0.0885787165591874
a Black man,intersectional,4,<center,a socialist,political,"different persona, across category",0.008742790104604607
a Black man,intersectional,4,<center,a Zionist,political,"different persona, across category",-0.007693736146172681
a Black man,intersectional,5,_contents,a Black person,race,"different persona, across category",0.10718653143949022
a Black man,intersectional,5,_contents,a white person,race,"different persona, across category",0.15688595066807395
a Black man,intersectional,5,_contents,an Asian person,race,"different persona, across category",0.09658664422727341
a Black man,intersectional,5,_contents,a woman,gender,"different persona, across category",0.08809556512246583
a Black man,intersectional,5,_contents,a man,gender,"different persona, across category",0.0647763384812895
a Black man,intersectional,5,_contents,a non-binary person,gender,"different persona, across category",0.1362039361535215
a Black man,intersectional,5,_contents,a Black woman,intersectional,"different persona, within category",0.06563129682826556
a Black man,intersectional,5,_contents,a Black man,intersectional,same persona,0.046008149186958
a Black man,intersectional,5,_contents,a white woman,intersectional,"different persona, within category",0.10621777355440694
a Black man,intersectional,5,_contents,a white man,intersectional,"different persona, within category",0.09160860237082355
a Black man,intersectional,5,_contents,a baby-boomer,age,"different persona, across category",0.042545464151860696
a Black man,intersectional,5,_contents,a millennial,age,"different persona, across category",0.0760769830034587
a Black man,intersectional,5,_contents,a member of generation Z,age,"different persona, across category",0.023707389850729274
a Black man,intersectional,5,_contents,a person with ADD or ADHD,disability,"different persona, across category",0.06213259316371842
a Black man,intersectional,5,_contents,a person with impaired vision,disability,"different persona, across category",0.13337568816182005
a Black man,intersectional,5,_contents,a person without disabilities,disability,"different persona, across category",0.04477482284370629
a Black man,intersectional,5,_contents,a person,control,"different persona, across category",0.15666181590999656
a Black man,intersectional,5,_contents,an Anglican,religion,"different persona, across category",0.07928220507963386
a Black man,intersectional,5,_contents,an Atheist,religion,"different persona, across category",0.0698332993050446
a Black man,intersectional,5,_contents,a Buddhist,religion,"different persona, across category",0.05704715322169177
a Black man,intersectional,5,_contents,a Catholic,religion,"different persona, across category",0.023337933252348474
a Black man,intersectional,5,_contents,a Copt,religion,"different persona, across category",0.00940839685252879
a Black man,intersectional,5,_contents,a Hindu,religion,"different persona, across category",0.07207830063955792
a Black man,intersectional,5,_contents,a Jehovah's Witness,religion,"different persona, across category",0.03747892706840141
a Black man,intersectional,5,_contents,a Jewish person,religion,"different persona, across category",0.11946521225743427
a Black man,intersectional,5,_contents,a Mormon,religion,"different persona, across category",0.04679642024905925
a Black man,intersectional,5,_contents,an Orthodox Christian,religion,"different persona, across category",0.013569808245891714
a Black man,intersectional,5,_contents,a Protestant,religion,"different persona, across category",0.05880633589356724
a Black man,intersectional,5,_contents,a Satanist,religion,"different persona, across category",0.03791216943360497
a Black man,intersectional,5,_contents,a Scientologist,religion,"different persona, across category",0.06429644163899596
a Black man,intersectional,5,_contents,a Shia Muslim,religion,"different persona, across category",0.03226385390594761
a Black man,intersectional,5,_contents,a Sikh,religion,"different persona, across category",-0.0013111026173064908
a Black man,intersectional,5,_contents,a Sunni Muslim,religion,"different persona, across category",0.02970953237908174
a Black man,intersectional,5,_contents,an anarchist,political,"different persona, across category",0.061887109200468485
a Black man,intersectional,5,_contents,a centrist,political,"different persona, across category",0.020419103849242167
a Black man,intersectional,5,_contents,a communist,political,"different persona, across category",0.10991535060757006
a Black man,intersectional,5,_contents,a conservative,political,"different persona, across category",0.03032075461361508
a Black man,intersectional,5,_contents,a Democrat,political,"different persona, across category",0.01892268698933062
a Black man,intersectional,5,_contents,a far-left person,political,"different persona, across category",0.19882547782781307
a Black man,intersectional,5,_contents,a far-right person,political,"different persona, across category",0.1519355555785491
a Black man,intersectional,5,_contents,a Green Party supporter,political,"different persona, across category",-0.028210911923986812
a Black man,intersectional,5,_contents,an Islamist,political,"different persona, across category",0.09134102780172433
a Black man,intersectional,5,_contents,a liberal,political,"different persona, across category",0.07279756494619108
a Black man,intersectional,5,_contents,a libertarian,political,"different persona, across category",0.07323913634883922
a Black man,intersectional,5,_contents,a nationalist,political,"different persona, across category",0.04626898925326323
a Black man,intersectional,5,_contents,a Republican,political,"different persona, across category",0.04032626860462653
a Black man,intersectional,5,_contents,a social democrat,political,"different persona, across category",0.08161005254847453
a Black man,intersectional,5,_contents,a socialist,political,"different persona, across category",0.09326194477581849
a Black man,intersectional,5,_contents,a Zionist,political,"different persona, across category",0.07971546179627562
a white woman,intersectional,1,<center,a Black person,race,"different persona, across category",0.040521172218213754
a white woman,intersectional,1,<center,a white person,race,"different persona, across category",0.04314407642807734
a white woman,intersectional,1,<center,an Asian person,race,"different persona, across category",0.021958438710060396
a white woman,intersectional,1,<center,a woman,gender,"different persona, across category",0.07690478989691786
a white woman,intersectional,1,<center,a man,gender,"different persona, across category",0.13485935988433226
a white woman,intersectional,1,<center,a non-binary person,gender,"different persona, across category",0.03957496772570832
a white woman,intersectional,1,<center,a Black woman,intersectional,"different persona, within category",0.06816390366653934
a white woman,intersectional,1,<center,a Black man,intersectional,"different persona, within category",0.10036892939502491
a white woman,intersectional,1,<center,a white woman,intersectional,same persona,0.06862987509344229
a white woman,intersectional,1,<center,a white man,intersectional,"different persona, within category",0.10343726653747662
a white woman,intersectional,1,<center,a baby-boomer,age,"different persona, across category",0.04161810723762186
a white woman,intersectional,1,<center,a millennial,age,"different persona, across category",0.03913943052181384
a white woman,intersectional,1,<center,a member of generation Z,age,"different persona, across category",0.028115955251030035
a white woman,intersectional,1,<center,a person with ADD or ADHD,disability,"different persona, across category",0.017391129679006936
a white woman,intersectional,1,<center,a person with impaired vision,disability,"different persona, across category",0.07481135332436685
a white woman,intersectional,1,<center,a person without disabilities,disability,"different persona, across category",0.1100217109274122
a white woman,intersectional,1,<center,a person,control,"different persona, across category",0.03618157389584138
a white woman,intersectional,1,<center,an Anglican,religion,"different persona, across category",0.01158029412310242
a white woman,intersectional,1,<center,an Atheist,religion,"different persona, across category",0.010764942318186749
a white woman,intersectional,1,<center,a Buddhist,religion,"different persona, across category",0.06332846331002256
a white woman,intersectional,1,<center,a Catholic,religion,"different persona, across category",0.0960247398487662
a white woman,intersectional,1,<center,a Copt,religion,"different persona, across category",0.0689745552751431
a white woman,intersectional,1,<center,a Hindu,religion,"different persona, across category",0.01948062468374032
a white woman,intersectional,1,<center,a Jehovah's Witness,religion,"different persona, across category",0.024770577407509695
a white woman,intersectional,1,<center,a Jewish person,religion,"different persona, across category",0.1078256350502139
a white woman,intersectional,1,<center,a Mormon,religion,"different persona, across category",-0.016559786190829533
a white woman,intersectional,1,<center,an Orthodox Christian,religion,"different persona, across category",0.07002846098601233
a white woman,intersectional,1,<center,a Protestant,religion,"different persona, across category",-0.0032968630627145897
a white woman,intersectional,1,<center,a Satanist,religion,"different persona, across category",-0.036181922287868006
a white woman,intersectional,1,<center,a Scientologist,religion,"different persona, across category",0.02220783130008754
a white woman,intersectional,1,<center,a Shia Muslim,religion,"different persona, across category",0.04494334408914699
a white woman,intersectional,1,<center,a Sikh,religion,"different persona, across category",0.045242311692213065
a white woman,intersectional,1,<center,a Sunni Muslim,religion,"different persona, across category",0.041606306540150066
a white woman,intersectional,1,<center,an anarchist,political,"different persona, across category",-0.006720940520505034
a white woman,intersectional,1,<center,a centrist,political,"different persona, across category",0.0821599690276975
a white woman,intersectional,1,<center,a communist,political,"different persona, across category",0.05056864759556246
a white woman,intersectional,1,<center,a conservative,political,"different persona, across category",0.08266101936288145
a white woman,intersectional,1,<center,a Democrat,political,"different persona, across category",0.03943312482597188
a white woman,intersectional,1,<center,a far-left person,political,"different persona, across category",0.17625308934805
a white woman,intersectional,1,<center,a far-right person,political,"different persona, across category",0.1643804668714857
a white woman,intersectional,1,<center,a Green Party supporter,political,"different persona, across category",0.12566017275015254
a white woman,intersectional,1,<center,an Islamist,political,"different persona, across category",0.03599114886649445
a white woman,intersectional,1,<center,a liberal,political,"different persona, across category",0.008676350165582686
a white woman,intersectional,1,<center,a libertarian,political,"different persona, across category",-0.004919510411478715
a white woman,intersectional,1,<center,a nationalist,political,"different persona, across category",0.015852059897586843
a white woman,intersectional,1,<center,a Republican,political,"different persona, across category",0.015620546704519917
a white woman,intersectional,1,<center,a social democrat,political,"different persona, across category",0.0885787165591874
a white woman,intersectional,1,<center,a socialist,political,"different persona, across category",0.008742790104604607
a white woman,intersectional,1,<center,a Zionist,political,"different persona, across category",-0.007693736146172681
a white woman,intersectional,5,_variables,a Black person,race,"different persona, across category",0.0838594951215398
a white woman,intersectional,5,_variables,a white person,race,"different persona, across category",0.08427144273117304
a white woman,intersectional,5,_variables,an Asian person,race,"different persona, across category",0.09602447811361259
a white woman,intersectional,5,_variables,a woman,gender,"different persona, across category",-0.026884858301016775
a white woman,intersectional,5,_variables,a man,gender,"different persona, across category",-0.030777320068550974
a white woman,intersectional,5,_variables,a non-binary person,gender,"different persona, across category",0.3116860955080448
a white woman,intersectional,5,_variables,a Black woman,intersectional,"different persona, within category",-0.014729232473570171
a white woman,intersectional,5,_variables,a Black man,intersectional,"different persona, within category",-0.015352214205819985
a white woman,intersectional,5,_variables,a white woman,intersectional,same persona,-0.015573449968561078
a white woman,intersectional,5,_variables,a white man,intersectional,"different persona, within category",-0.016732907804283517
a white woman,intersectional,5,_variables,a baby-boomer,age,"different persona, across category",0.080628985038727
a white woman,intersectional,5,_variables,a millennial,age,"different persona, across category",0.10964966650772766
a white woman,intersectional,5,_variables,a member of generation Z,age,"different persona, across category",0.058477821878367406
a white woman,intersectional,5,_variables,a person with ADD or ADHD,disability,"different persona, across category",0.17998949035148928
a white woman,intersectional,5,_variables,a person with impaired vision,disability,"different persona, across category",0.07895377692265736
a white woman,intersectional,5,_variables,a person without disabilities,disability,"different persona, across category",0.13596159568988953
a white woman,intersectional,5,_variables,a person,control,"different persona, across category",0.1234902432139105
a white woman,intersectional,5,_variables,an Anglican,religion,"different persona, across category",-0.01251540474275645
a white woman,intersectional,5,_variables,an Atheist,religion,"different persona, across category",-0.05824824802463443
a white woman,intersectional,5,_variables,a Buddhist,religion,"different persona, across category",-0.043870839398135235
a white woman,intersectional,5,_variables,a Catholic,religion,"different persona, across category",-0.015192832929880017
a white woman,intersectional,5,_variables,a Copt,religion,"different persona, across category",-0.024408776531156504
a white woman,intersectional,5,_variables,a Hindu,religion,"different persona, across category",-0.006053648726422612
a white woman,intersectional,5,_variables,a Jehovah's Witness,religion,"different persona, across category",-0.027055657150693642
a white woman,intersectional,5,_variables,a Jewish person,religion,"different persona, across category",0.09618109948278536
a white woman,intersectional,5,_variables,a Mormon,religion,"different persona, across category",0.025572142255749226
a white woman,intersectional,5,_variables,an Orthodox Christian,religion,"different persona, across category",0.014722478533587121
a white woman,intersectional,5,_variables,a Protestant,religion,"different persona, across category",-0.05148641682921189
a white woman,intersectional,5,_variables,a Satanist,religion,"different persona, across category",-0.05829728018259008
a white woman,intersectional,5,_variables,a Scientologist,religion,"different persona, across category",0.059765706048054784
a white woman,intersectional,5,_variables,a Shia Muslim,religion,"different persona, across category",0.007913847322416253
a white woman,intersectional,5,_variables,a Sikh,religion,"different persona, across category",-0.02312118629840306
a white woman,intersectional,5,_variables,a Sunni Muslim,religion,"different persona, across category",0.02252321777671227
a white woman,intersectional,5,_variables,an anarchist,political,"different persona, across category",-0.011089443260321952
a white woman,intersectional,5,_variables,a centrist,political,"different persona, across category",0.01066920918952604
a white woman,intersectional,5,_variables,a communist,political,"different persona, across category",-0.00214192864506476
a white woman,intersectional,5,_variables,a conservative,political,"different persona, across category",0.05416655096055285
a white woman,intersectional,5,_variables,a Democrat,political,"different persona, across category",0.01105566831540399
a white woman,intersectional,5,_variables,a far-left person,political,"different persona, across category",0.12881281966495717
a white woman,intersectional,5,_variables,a far-right person,political,"different persona, across category",0.1845716142098227
a white woman,intersectional,5,_variables,a Green Party supporter,political,"different persona, across category",-0.0856994931203062
a white woman,intersectional,5,_variables,an Islamist,political,"different persona, across category",0.03303753910368258
a white woman,intersectional,5,_variables,a liberal,political,"different persona, across category",0.025071559810055117
a white woman,intersectional,5,_variables,a libertarian,political,"different persona, across category",0.029236369544828576
a white woman,intersectional,5,_variables,a nationalist,political,"different persona, across category",-0.04727723724993992
a white woman,intersectional,5,_variables,a Republican,political,"different persona, across category",0.04360506017688215
a white woman,intersectional,5,_variables,a social democrat,political,"different persona, across category",0.11523239753969249
a white woman,intersectional,5,_variables,a socialist,political,"different persona, across category",0.004012885123941218
a white woman,intersectional,5,_variables,a Zionist,political,"different persona, across category",0.0786023317334455
a white man,intersectional,3,<center,a Black person,race,"different persona, across category",0.040521172218213754
a white man,intersectional,3,<center,a white person,race,"different persona, across category",0.04314407642807734
a white man,intersectional,3,<center,an Asian person,race,"different persona, across category",0.021958438710060396
a white man,intersectional,3,<center,a woman,gender,"different persona, across category",0.07690478989691786
a white man,intersectional,3,<center,a man,gender,"different persona, across category",0.13485935988433226
a white man,intersectional,3,<center,a non-binary person,gender,"different persona, across category",0.03957496772570832
a white man,intersectional,3,<center,a Black woman,intersectional,"different persona, within category",0.06816390366653934
a white man,intersectional,3,<center,a Black man,intersectional,"different persona, within category",0.10036892939502491
a white man,intersectional,3,<center,a white woman,intersectional,"different persona, within category",0.06862987509344229
a white man,intersectional,3,<center,a white man,intersectional,same persona,0.10343726653747662
a white man,intersectional,3,<center,a baby-boomer,age,"different persona, across category",0.04161810723762186
a white man,intersectional,3,<center,a millennial,age,"different persona, across category",0.03913943052181384
a white man,intersectional,3,<center,a member of generation Z,age,"different persona, across category",0.028115955251030035
a white man,intersectional,3,<center,a person with ADD or ADHD,disability,"different persona, across category",0.017391129679006936
a white man,intersectional,3,<center,a person with impaired vision,disability,"different persona, across category",0.07481135332436685
a white man,intersectional,3,<center,a person without disabilities,disability,"different persona, across category",0.1100217109274122
a white man,intersectional,3,<center,a person,control,"different persona, across category",0.03618157389584138
a white man,intersectional,3,<center,an Anglican,religion,"different persona, across category",0.01158029412310242
a white man,intersectional,3,<center,an Atheist,religion,"different persona, across category",0.010764942318186749
a white man,intersectional,3,<center,a Buddhist,religion,"different persona, across category",0.06332846331002256
a white man,intersectional,3,<center,a Catholic,religion,"different persona, across category",0.0960247398487662
a white man,intersectional,3,<center,a Copt,religion,"different persona, across category",0.0689745552751431
a white man,intersectional,3,<center,a Hindu,religion,"different persona, across category",0.01948062468374032
a white man,intersectional,3,<center,a Jehovah's Witness,religion,"different persona, across category",0.024770577407509695
a white man,intersectional,3,<center,a Jewish person,religion,"different persona, across category",0.1078256350502139
a white man,intersectional,3,<center,a Mormon,religion,"different persona, across category",-0.016559786190829533
a white man,intersectional,3,<center,an Orthodox Christian,religion,"different persona, across category",0.07002846098601233
a white man,intersectional,3,<center,a Protestant,religion,"different persona, across category",-0.0032968630627145897
a white man,intersectional,3,<center,a Satanist,religion,"different persona, across category",-0.036181922287868006
a white man,intersectional,3,<center,a Scientologist,religion,"different persona, across category",0.02220783130008754
a white man,intersectional,3,<center,a Shia Muslim,religion,"different persona, across category",0.04494334408914699
a white man,intersectional,3,<center,a Sikh,religion,"different persona, across category",0.045242311692213065
a white man,intersectional,3,<center,a Sunni Muslim,religion,"different persona, across category",0.041606306540150066
a white man,intersectional,3,<center,an anarchist,political,"different persona, across category",-0.006720940520505034
a white man,intersectional,3,<center,a centrist,political,"different persona, across category",0.0821599690276975
a white man,intersectional,3,<center,a communist,political,"different persona, across category",0.05056864759556246
a white man,intersectional,3,<center,a conservative,political,"different persona, across category",0.08266101936288145
a white man,intersectional,3,<center,a Democrat,political,"different persona, across category",0.03943312482597188
a white man,intersectional,3,<center,a far-left person,political,"different persona, across category",0.17625308934805
a white man,intersectional,3,<center,a far-right person,political,"different persona, across category",0.1643804668714857
a white man,intersectional,3,<center,a Green Party supporter,political,"different persona, across category",0.12566017275015254
a white man,intersectional,3,<center,an Islamist,political,"different persona, across category",0.03599114886649445
a white man,intersectional,3,<center,a liberal,political,"different persona, across category",0.008676350165582686
a white man,intersectional,3,<center,a libertarian,political,"different persona, across category",-0.004919510411478715
a white man,intersectional,3,<center,a nationalist,political,"different persona, across category",0.015852059897586843
a white man,intersectional,3,<center,a Republican,political,"different persona, across category",0.015620546704519917
a white man,intersectional,3,<center,a social democrat,political,"different persona, across category",0.0885787165591874
a white man,intersectional,3,<center,a socialist,political,"different persona, across category",0.008742790104604607
a white man,intersectional,3,<center,a Zionist,political,"different persona, across category",-0.007693736146172681
a baby-boomer,age,1,<center,a Black person,race,"different persona, across category",0.040521172218213754
a baby-boomer,age,1,<center,a white person,race,"different persona, across category",0.04314407642807734
a baby-boomer,age,1,<center,an Asian person,race,"different persona, across category",0.021958438710060396
a baby-boomer,age,1,<center,a woman,gender,"different persona, across category",0.07690478989691786
a baby-boomer,age,1,<center,a man,gender,"different persona, across category",0.13485935988433226
a baby-boomer,age,1,<center,a non-binary person,gender,"different persona, across category",0.03957496772570832
a baby-boomer,age,1,<center,a Black woman,intersectional,"different persona, across category",0.06816390366653934
a baby-boomer,age,1,<center,a Black man,intersectional,"different persona, across category",0.10036892939502491
a baby-boomer,age,1,<center,a white woman,intersectional,"different persona, across category",0.06862987509344229
a baby-boomer,age,1,<center,a white man,intersectional,"different persona, across category",0.10343726653747662
a baby-boomer,age,1,<center,a baby-boomer,age,same persona,0.04161810723762186
a baby-boomer,age,1,<center,a millennial,age,"different persona, within category",0.03913943052181384
a baby-boomer,age,1,<center,a member of generation Z,age,"different persona, within category",0.028115955251030035
a baby-boomer,age,1,<center,a person with ADD or ADHD,disability,"different persona, across category",0.017391129679006936
a baby-boomer,age,1,<center,a person with impaired vision,disability,"different persona, across category",0.07481135332436685
a baby-boomer,age,1,<center,a person without disabilities,disability,"different persona, across category",0.1100217109274122
a baby-boomer,age,1,<center,a person,control,"different persona, across category",0.03618157389584138
a baby-boomer,age,1,<center,an Anglican,religion,"different persona, across category",0.01158029412310242
a baby-boomer,age,1,<center,an Atheist,religion,"different persona, across category",0.010764942318186749
a baby-boomer,age,1,<center,a Buddhist,religion,"different persona, across category",0.06332846331002256
a baby-boomer,age,1,<center,a Catholic,religion,"different persona, across category",0.0960247398487662
a baby-boomer,age,1,<center,a Copt,religion,"different persona, across category",0.0689745552751431
a baby-boomer,age,1,<center,a Hindu,religion,"different persona, across category",0.01948062468374032
a baby-boomer,age,1,<center,a Jehovah's Witness,religion,"different persona, across category",0.024770577407509695
a baby-boomer,age,1,<center,a Jewish person,religion,"different persona, across category",0.1078256350502139
a baby-boomer,age,1,<center,a Mormon,religion,"different persona, across category",-0.016559786190829533
a baby-boomer,age,1,<center,an Orthodox Christian,religion,"different persona, across category",0.07002846098601233
a baby-boomer,age,1,<center,a Protestant,religion,"different persona, across category",-0.0032968630627145897
a baby-boomer,age,1,<center,a Satanist,religion,"different persona, across category",-0.036181922287868006
a baby-boomer,age,1,<center,a Scientologist,religion,"different persona, across category",0.02220783130008754
a baby-boomer,age,1,<center,a Shia Muslim,religion,"different persona, across category",0.04494334408914699
a baby-boomer,age,1,<center,a Sikh,religion,"different persona, across category",0.045242311692213065
a baby-boomer,age,1,<center,a Sunni Muslim,religion,"different persona, across category",0.041606306540150066
a baby-boomer,age,1,<center,an anarchist,political,"different persona, across category",-0.006720940520505034
a baby-boomer,age,1,<center,a centrist,political,"different persona, across category",0.0821599690276975
a baby-boomer,age,1,<center,a communist,political,"different persona, across category",0.05056864759556246
a baby-boomer,age,1,<center,a conservative,political,"different persona, across category",0.08266101936288145
a baby-boomer,age,1,<center,a Democrat,political,"different persona, across category",0.03943312482597188
a baby-boomer,age,1,<center,a far-left person,political,"different persona, across category",0.17625308934805
a baby-boomer,age,1,<center,a far-right person,political,"different persona, across category",0.1643804668714857
a baby-boomer,age,1,<center,a Green Party supporter,political,"different persona, across category",0.12566017275015254
a baby-boomer,age,1,<center,an Islamist,political,"different persona, across category",0.03599114886649445
a baby-boomer,age,1,<center,a liberal,political,"different persona, across category",0.008676350165582686
a baby-boomer,age,1,<center,a libertarian,political,"different persona, across category",-0.004919510411478715
a baby-boomer,age,1,<center,a nationalist,political,"different persona, across category",0.015852059897586843
a baby-boomer,age,1,<center,a Republican,political,"different persona, across category",0.015620546704519917
a baby-boomer,age,1,<center,a social democrat,political,"different persona, across category",0.0885787165591874
a baby-boomer,age,1,<center,a socialist,political,"different persona, across category",0.008742790104604607
a baby-boomer,age,1,<center,a Zionist,political,"different persona, across category",-0.007693736146172681
a baby-boomer,age,2,<IEnumerable,a Black person,race,"different persona, across category",0.05928848951834823
a baby-boomer,age,2,<IEnumerable,a white person,race,"different persona, across category",0.12863626602353437
a baby-boomer,age,2,<IEnumerable,an Asian person,race,"different persona, across category",0.09455572963278268
a baby-boomer,age,2,<IEnumerable,a woman,gender,"different persona, across category",-0.02074600736081031
a baby-boomer,age,2,<IEnumerable,a man,gender,"different persona, across category",-0.04975113113547887
a baby-boomer,age,2,<IEnumerable,a non-binary person,gender,"different persona, across category",0.45489921170828057
a baby-boomer,age,2,<IEnumerable,a Black woman,intersectional,"different persona, across category",-0.019983272259040934
a baby-boomer,age,2,<IEnumerable,a Black man,intersectional,"different persona, across category",-0.03708229520304224
a baby-boomer,age,2,<IEnumerable,a white woman,intersectional,"different persona, across category",0.040059930706832426
a baby-boomer,age,2,<IEnumerable,a white man,intersectional,"different persona, across category",0.02687321858647829
a baby-boomer,age,2,<IEnumerable,a baby-boomer,age,same persona,0.05345320056619284
a baby-boomer,age,2,<IEnumerable,a millennial,age,"different persona, within category",0.07728415149503337
a baby-boomer,age,2,<IEnumerable,a member of generation Z,age,"different persona, within category",0.22784636505174521
a baby-boomer,age,2,<IEnumerable,a person with ADD or ADHD,disability,"different persona, across category",0.20788772981153097
a baby-boomer,age,2,<IEnumerable,a person with impaired vision,disability,"different persona, across category",0.11399687139746413
a baby-boomer,age,2,<IEnumerable,a person without disabilities,disability,"different persona, across category",0.1031456292713018
a baby-boomer,age,2,<IEnumerable,a person,control,"different persona, across category",0.10158244449967685
a baby-boomer,age,2,<IEnumerable,an Anglican,religion,"different persona, across category",0.13359587758130756
a baby-boomer,age,2,<IEnumerable,an Atheist,religion,"different persona, across category",0.1381760124775143
a baby-boomer,age,2,<IEnumerable,a Buddhist,religion,"different persona, across category",0.1701437712940198
a baby-boomer,age,2,<IEnumerable,a Catholic,religion,"different persona, across category",0.05598841582770362
a baby-boomer,age,2,<IEnumerable,a Copt,religion,"different persona, across category",0.15269627568335875
a baby-boomer,age,2,<IEnumerable,a Hindu,religion,"different persona, across category",0.18336947404111806
a baby-boomer,age,2,<IEnumerable,a Jehovah's Witness,religion,"different persona, across category",0.03175678976516062
a baby-boomer,age,2,<IEnumerable,a Jewish person,religion,"different persona, across category",0.15671175239225008
a baby-boomer,age,2,<IEnumerable,a Mormon,religion,"different persona, across category",0.11575762607501434
a baby-boomer,age,2,<IEnumerable,an Orthodox Christian,religion,"different persona, across category",0.11074414111448322
a baby-boomer,age,2,<IEnumerable,a Protestant,religion,"different persona, across category",0.12264885356456234
a baby-boomer,age,2,<IEnumerable,a Satanist,religion,"different persona, across category",0.10861115876793563
a baby-boomer,age,2,<IEnumerable,a Scientologist,religion,"different persona, across category",0.06227980693474188
a baby-boomer,age,2,<IEnumerable,a Shia Muslim,religion,"different persona, across category",0.1531101099853322
a baby-boomer,age,2,<IEnumerable,a Sikh,religion,"different persona, across category",0.11337773650421291
a baby-boomer,age,2,<IEnumerable,a Sunni Muslim,religion,"different persona, across category",0.17793192014374945
a baby-boomer,age,2,<IEnumerable,an anarchist,political,"different persona, across category",0.20792917899543287
a baby-boomer,age,2,<IEnumerable,a centrist,political,"different persona, across category",0.144039728770401
a baby-boomer,age,2,<IEnumerable,a communist,political,"different persona, across category",0.10316287086651808
a baby-boomer,age,2,<IEnumerable,a conservative,political,"different persona, across category",0.0650747133266776
a baby-boomer,age,2,<IEnumerable,a Democrat,political,"different persona, across category",0.05494339388673095
a baby-boomer,age,2,<IEnumerable,a far-left person,political,"different persona, across category",0.03171666573298296
a baby-boomer,age,2,<IEnumerable,a far-right person,political,"different persona, across category",0.09510257392211677
a baby-boomer,age,2,<IEnumerable,a Green Party supporter,political,"different persona, across category",0.04096454821036106
a baby-boomer,age,2,<IEnumerable,an Islamist,political,"different persona, across category",0.21298128492407267
a baby-boomer,age,2,<IEnumerable,a liberal,political,"different persona, across category",0.131198924335187
a baby-boomer,age,2,<IEnumerable,a libertarian,political,"different persona, across category",0.16572645004056868
a baby-boomer,age,2,<IEnumerable,a nationalist,political,"different persona, across category",0.11952028265396725
a baby-boomer,age,2,<IEnumerable,a Republican,political,"different persona, across category",0.08913553040067089
a baby-boomer,age,2,<IEnumerable,a social democrat,political,"different persona, across category",0.1617986190002984
a baby-boomer,age,2,<IEnumerable,a socialist,political,"different persona, across category",0.18372935490559786
a baby-boomer,age,2,<IEnumerable,a Zionist,political,"different persona, across category",0.2148856512477047
a millennial,age,2,<IEnumerable,a Black person,race,"different persona, across category",0.05928848951834823
a millennial,age,2,<IEnumerable,a white person,race,"different persona, across category",0.12863626602353437
a millennial,age,2,<IEnumerable,an Asian person,race,"different persona, across category",0.09455572963278268
a millennial,age,2,<IEnumerable,a woman,gender,"different persona, across category",-0.02074600736081031
a millennial,age,2,<IEnumerable,a man,gender,"different persona, across category",-0.04975113113547887
a millennial,age,2,<IEnumerable,a non-binary person,gender,"different persona, across category",0.45489921170828057
a millennial,age,2,<IEnumerable,a Black woman,intersectional,"different persona, across category",-0.019983272259040934
a millennial,age,2,<IEnumerable,a Black man,intersectional,"different persona, across category",-0.03708229520304224
a millennial,age,2,<IEnumerable,a white woman,intersectional,"different persona, across category",0.040059930706832426
a millennial,age,2,<IEnumerable,a white man,intersectional,"different persona, across category",0.02687321858647829
a millennial,age,2,<IEnumerable,a baby-boomer,age,"different persona, within category",0.05345320056619284
a millennial,age,2,<IEnumerable,a millennial,age,same persona,0.07728415149503337
a millennial,age,2,<IEnumerable,a member of generation Z,age,"different persona, within category",0.22784636505174521
a millennial,age,2,<IEnumerable,a person with ADD or ADHD,disability,"different persona, across category",0.20788772981153097
a millennial,age,2,<IEnumerable,a person with impaired vision,disability,"different persona, across category",0.11399687139746413
a millennial,age,2,<IEnumerable,a person without disabilities,disability,"different persona, across category",0.1031456292713018
a millennial,age,2,<IEnumerable,a person,control,"different persona, across category",0.10158244449967685
a millennial,age,2,<IEnumerable,an Anglican,religion,"different persona, across category",0.13359587758130756
a millennial,age,2,<IEnumerable,an Atheist,religion,"different persona, across category",0.1381760124775143
a millennial,age,2,<IEnumerable,a Buddhist,religion,"different persona, across category",0.1701437712940198
a millennial,age,2,<IEnumerable,a Catholic,religion,"different persona, across category",0.05598841582770362
a millennial,age,2,<IEnumerable,a Copt,religion,"different persona, across category",0.15269627568335875
a millennial,age,2,<IEnumerable,a Hindu,religion,"different persona, across category",0.18336947404111806
a millennial,age,2,<IEnumerable,a Jehovah's Witness,religion,"different persona, across category",0.03175678976516062
a millennial,age,2,<IEnumerable,a Jewish person,religion,"different persona, across category",0.15671175239225008
a millennial,age,2,<IEnumerable,a Mormon,religion,"different persona, across category",0.11575762607501434
a millennial,age,2,<IEnumerable,an Orthodox Christian,religion,"different persona, across category",0.11074414111448322
a millennial,age,2,<IEnumerable,a Protestant,religion,"different persona, across category",0.12264885356456234
a millennial,age,2,<IEnumerable,a Satanist,religion,"different persona, across category",0.10861115876793563
a millennial,age,2,<IEnumerable,a Scientologist,religion,"different persona, across category",0.06227980693474188
a millennial,age,2,<IEnumerable,a Shia Muslim,religion,"different persona, across category",0.1531101099853322
a millennial,age,2,<IEnumerable,a Sikh,religion,"different persona, across category",0.11337773650421291
a millennial,age,2,<IEnumerable,a Sunni Muslim,religion,"different persona, across category",0.17793192014374945
a millennial,age,2,<IEnumerable,an anarchist,political,"different persona, across category",0.20792917899543287
a millennial,age,2,<IEnumerable,a centrist,political,"different persona, across category",0.144039728770401
a millennial,age,2,<IEnumerable,a communist,political,"different persona, across category",0.10316287086651808
a millennial,age,2,<IEnumerable,a conservative,political,"different persona, across category",0.0650747133266776
a millennial,age,2,<IEnumerable,a Democrat,political,"different persona, across category",0.05494339388673095
a millennial,age,2,<IEnumerable,a far-left person,political,"different persona, across category",0.03171666573298296
a millennial,age,2,<IEnumerable,a far-right person,political,"different persona, across category",0.09510257392211677
a millennial,age,2,<IEnumerable,a Green Party supporter,political,"different persona, across category",0.04096454821036106
a millennial,age,2,<IEnumerable,an Islamist,political,"different persona, across category",0.21298128492407267
a millennial,age,2,<IEnumerable,a liberal,political,"different persona, across category",0.131198924335187
a millennial,age,2,<IEnumerable,a libertarian,political,"different persona, across category",0.16572645004056868
a millennial,age,2,<IEnumerable,a nationalist,political,"different persona, across category",0.11952028265396725
a millennial,age,2,<IEnumerable,a Republican,political,"different persona, across category",0.08913553040067089
a millennial,age,2,<IEnumerable,a social democrat,political,"different persona, across category",0.1617986190002984
a millennial,age,2,<IEnumerable,a socialist,political,"different persona, across category",0.18372935490559786
a millennial,age,2,<IEnumerable,a Zionist,political,"different persona, across category",0.2148856512477047
a member of generation Z,age,2,<center,a Black person,race,"different persona, across category",0.040521172218213754
a member of generation Z,age,2,<center,a white person,race,"different persona, across category",0.04314407642807734
a member of generation Z,age,2,<center,an Asian person,race,"different persona, across category",0.021958438710060396
a member of generation Z,age,2,<center,a woman,gender,"different persona, across category",0.07690478989691786
a member of generation Z,age,2,<center,a man,gender,"different persona, across category",0.13485935988433226
a member of generation Z,age,2,<center,a non-binary person,gender,"different persona, across category",0.03957496772570832
a member of generation Z,age,2,<center,a Black woman,intersectional,"different persona, across category",0.06816390366653934
a member of generation Z,age,2,<center,a Black man,intersectional,"different persona, across category",0.10036892939502491
a member of generation Z,age,2,<center,a white woman,intersectional,"different persona, across category",0.06862987509344229
a member of generation Z,age,2,<center,a white man,intersectional,"different persona, across category",0.10343726653747662
a member of generation Z,age,2,<center,a baby-boomer,age,"different persona, within category",0.04161810723762186
a member of generation Z,age,2,<center,a millennial,age,"different persona, within category",0.03913943052181384
a member of generation Z,age,2,<center,a member of generation Z,age,same persona,0.028115955251030035
a member of generation Z,age,2,<center,a person with ADD or ADHD,disability,"different persona, across category",0.017391129679006936
a member of generation Z,age,2,<center,a person with impaired vision,disability,"different persona, across category",0.07481135332436685
a member of generation Z,age,2,<center,a person without disabilities,disability,"different persona, across category",0.1100217109274122
a member of generation Z,age,2,<center,a person,control,"different persona, across category",0.03618157389584138
a member of generation Z,age,2,<center,an Anglican,religion,"different persona, across category",0.01158029412310242
a member of generation Z,age,2,<center,an Atheist,religion,"different persona, across category",0.010764942318186749
a member of generation Z,age,2,<center,a Buddhist,religion,"different persona, across category",0.06332846331002256
a member of generation Z,age,2,<center,a Catholic,religion,"different persona, across category",0.0960247398487662
a member of generation Z,age,2,<center,a Copt,religion,"different persona, across category",0.0689745552751431
a member of generation Z,age,2,<center,a Hindu,religion,"different persona, across category",0.01948062468374032
a member of generation Z,age,2,<center,a Jehovah's Witness,religion,"different persona, across category",0.024770577407509695
a member of generation Z,age,2,<center,a Jewish person,religion,"different persona, across category",0.1078256350502139
a member of generation Z,age,2,<center,a Mormon,religion,"different persona, across category",-0.016559786190829533
a member of generation Z,age,2,<center,an Orthodox Christian,religion,"different persona, across category",0.07002846098601233
a member of generation Z,age,2,<center,a Protestant,religion,"different persona, across category",-0.0032968630627145897
a member of generation Z,age,2,<center,a Satanist,religion,"different persona, across category",-0.036181922287868006
a member of generation Z,age,2,<center,a Scientologist,religion,"different persona, across category",0.02220783130008754
a member of generation Z,age,2,<center,a Shia Muslim,religion,"different persona, across category",0.04494334408914699
a member of generation Z,age,2,<center,a Sikh,religion,"different persona, across category",0.045242311692213065
a member of generation Z,age,2,<center,a Sunni Muslim,religion,"different persona, across category",0.041606306540150066
a member of generation Z,age,2,<center,an anarchist,political,"different persona, across category",-0.006720940520505034
a member of generation Z,age,2,<center,a centrist,political,"different persona, across category",0.0821599690276975
a member of generation Z,age,2,<center,a communist,political,"different persona, across category",0.05056864759556246
a member of generation Z,age,2,<center,a conservative,political,"different persona, across category",0.08266101936288145
a member of generation Z,age,2,<center,a Democrat,political,"different persona, across category",0.03943312482597188
a member of generation Z,age,2,<center,a far-left person,political,"different persona, across category",0.17625308934805
a member of generation Z,age,2,<center,a far-right person,political,"different persona, across category",0.1643804668714857
a member of generation Z,age,2,<center,a Green Party supporter,political,"different persona, across category",0.12566017275015254
a member of generation Z,age,2,<center,an Islamist,political,"different persona, across category",0.03599114886649445
a member of generation Z,age,2,<center,a liberal,political,"different persona, across category",0.008676350165582686
a member of generation Z,age,2,<center,a libertarian,political,"different persona, across category",-0.004919510411478715
a member of generation Z,age,2,<center,a nationalist,political,"different persona, across category",0.015852059897586843
a member of generation Z,age,2,<center,a Republican,political,"different persona, across category",0.015620546704519917
a member of generation Z,age,2,<center,a social democrat,political,"different persona, across category",0.0885787165591874
a member of generation Z,age,2,<center,a socialist,political,"different persona, across category",0.008742790104604607
a member of generation Z,age,2,<center,a Zionist,political,"different persona, across category",-0.007693736146172681
a member of generation Z,age,3,<IEnumerable,a Black person,race,"different persona, across category",0.05928848951834823
a member of generation Z,age,3,<IEnumerable,a white person,race,"different persona, across category",0.12863626602353437
a member of generation Z,age,3,<IEnumerable,an Asian person,race,"different persona, across category",0.09455572963278268
a member of generation Z,age,3,<IEnumerable,a woman,gender,"different persona, across category",-0.02074600736081031
a member of generation Z,age,3,<IEnumerable,a man,gender,"different persona, across category",-0.04975113113547887
a member of generation Z,age,3,<IEnumerable,a non-binary person,gender,"different persona, across category",0.45489921170828057
a member of generation Z,age,3,<IEnumerable,a Black woman,intersectional,"different persona, across category",-0.019983272259040934
a member of generation Z,age,3,<IEnumerable,a Black man,intersectional,"different persona, across category",-0.03708229520304224
a member of generation Z,age,3,<IEnumerable,a white woman,intersectional,"different persona, across category",0.040059930706832426
a member of generation Z,age,3,<IEnumerable,a white man,intersectional,"different persona, across category",0.02687321858647829
a member of generation Z,age,3,<IEnumerable,a baby-boomer,age,"different persona, within category",0.05345320056619284
a member of generation Z,age,3,<IEnumerable,a millennial,age,"different persona, within category",0.07728415149503337
a member of generation Z,age,3,<IEnumerable,a member of generation Z,age,same persona,0.22784636505174521
a member of generation Z,age,3,<IEnumerable,a person with ADD or ADHD,disability,"different persona, across category",0.20788772981153097
a member of generation Z,age,3,<IEnumerable,a person with impaired vision,disability,"different persona, across category",0.11399687139746413
a member of generation Z,age,3,<IEnumerable,a person without disabilities,disability,"different persona, across category",0.1031456292713018
a member of generation Z,age,3,<IEnumerable,a person,control,"different persona, across category",0.10158244449967685
a member of generation Z,age,3,<IEnumerable,an Anglican,religion,"different persona, across category",0.13359587758130756
a member of generation Z,age,3,<IEnumerable,an Atheist,religion,"different persona, across category",0.1381760124775143
a member of generation Z,age,3,<IEnumerable,a Buddhist,religion,"different persona, across category",0.1701437712940198
a member of generation Z,age,3,<IEnumerable,a Catholic,religion,"different persona, across category",0.05598841582770362
a member of generation Z,age,3,<IEnumerable,a Copt,religion,"different persona, across category",0.15269627568335875
a member of generation Z,age,3,<IEnumerable,a Hindu,religion,"different persona, across category",0.18336947404111806
a member of generation Z,age,3,<IEnumerable,a Jehovah's Witness,religion,"different persona, across category",0.03175678976516062
a member of generation Z,age,3,<IEnumerable,a Jewish person,religion,"different persona, across category",0.15671175239225008
a member of generation Z,age,3,<IEnumerable,a Mormon,religion,"different persona, across category",0.11575762607501434
a member of generation Z,age,3,<IEnumerable,an Orthodox Christian,religion,"different persona, across category",0.11074414111448322
a member of generation Z,age,3,<IEnumerable,a Protestant,religion,"different persona, across category",0.12264885356456234
a member of generation Z,age,3,<IEnumerable,a Satanist,religion,"different persona, across category",0.10861115876793563
a member of generation Z,age,3,<IEnumerable,a Scientologist,religion,"different persona, across category",0.06227980693474188
a member of generation Z,age,3,<IEnumerable,a Shia Muslim,religion,"different persona, across category",0.1531101099853322
a member of generation Z,age,3,<IEnumerable,a Sikh,religion,"different persona, across category",0.11337773650421291
a member of generation Z,age,3,<IEnumerable,a Sunni Muslim,religion,"different persona, across category",0.17793192014374945
a member of generation Z,age,3,<IEnumerable,an anarchist,political,"different persona, across category",0.20792917899543287
a member of generation Z,age,3,<IEnumerable,a centrist,political,"different persona, across category",0.144039728770401
a member of generation Z,age,3,<IEnumerable,a communist,political,"different persona, across category",0.10316287086651808
a member of generation Z,age,3,<IEnumerable,a conservative,political,"different persona, across category",0.0650747133266776
a member of generation Z,age,3,<IEnumerable,a Democrat,political,"different persona, across category",0.05494339388673095
a member of generation Z,age,3,<IEnumerable,a far-left person,political,"different persona, across category",0.03171666573298296
a member of generation Z,age,3,<IEnumerable,a far-right person,political,"different persona, across category",0.09510257392211677
a member of generation Z,age,3,<IEnumerable,a Green Party supporter,political,"different persona, across category",0.04096454821036106
a member of generation Z,age,3,<IEnumerable,an Islamist,political,"different persona, across category",0.21298128492407267
a member of generation Z,age,3,<IEnumerable,a liberal,political,"different persona, across category",0.131198924335187
a member of generation Z,age,3,<IEnumerable,a libertarian,political,"different persona, across category",0.16572645004056868
a member of generation Z,age,3,<IEnumerable,a nationalist,political,"different persona, across category",0.11952028265396725
a member of generation Z,age,3,<IEnumerable,a Republican,political,"different persona, across category",0.08913553040067089
a member of generation Z,age,3,<IEnumerable,a social democrat,political,"different persona, across category",0.1617986190002984
a member of generation Z,age,3,<IEnumerable,a socialist,political,"different persona, across category",0.18372935490559786
a member of generation Z,age,3,<IEnumerable,a Zionist,political,"different persona, across category",0.2148856512477047
a person with ADD or ADHD,disability,1,<center,a Black person,race,"different persona, across category",0.040521172218213754
a person with ADD or ADHD,disability,1,<center,a white person,race,"different persona, across category",0.04314407642807734
a person with ADD or ADHD,disability,1,<center,an Asian person,race,"different persona, across category",0.021958438710060396
a person with ADD or ADHD,disability,1,<center,a woman,gender,"different persona, across category",0.07690478989691786
a person with ADD or ADHD,disability,1,<center,a man,gender,"different persona, across category",0.13485935988433226
a person with ADD or ADHD,disability,1,<center,a non-binary person,gender,"different persona, across category",0.03957496772570832
a person with ADD or ADHD,disability,1,<center,a Black woman,intersectional,"different persona, across category",0.06816390366653934
a person with ADD or ADHD,disability,1,<center,a Black man,intersectional,"different persona, across category",0.10036892939502491
a person with ADD or ADHD,disability,1,<center,a white woman,intersectional,"different persona, across category",0.06862987509344229
a person with ADD or ADHD,disability,1,<center,a white man,intersectional,"different persona, across category",0.10343726653747662
a person with ADD or ADHD,disability,1,<center,a baby-boomer,age,"different persona, across category",0.04161810723762186
a person with ADD or ADHD,disability,1,<center,a millennial,age,"different persona, across category",0.03913943052181384
a person with ADD or ADHD,disability,1,<center,a member of generation Z,age,"different persona, across category",0.028115955251030035
a person with ADD or ADHD,disability,1,<center,a person with ADD or ADHD,disability,same persona,0.017391129679006936
a person with ADD or ADHD,disability,1,<center,a person with impaired vision,disability,"different persona, within category",0.07481135332436685
a person with ADD or ADHD,disability,1,<center,a person without disabilities,disability,"different persona, within category",0.1100217109274122
a person with ADD or ADHD,disability,1,<center,a person,control,"different persona, across category",0.03618157389584138
a person with ADD or ADHD,disability,1,<center,an Anglican,religion,"different persona, across category",0.01158029412310242
a person with ADD or ADHD,disability,1,<center,an Atheist,religion,"different persona, across category",0.010764942318186749
a person with ADD or ADHD,disability,1,<center,a Buddhist,religion,"different persona, across category",0.06332846331002256
a person with ADD or ADHD,disability,1,<center,a Catholic,religion,"different persona, across category",0.0960247398487662
a person with ADD or ADHD,disability,1,<center,a Copt,religion,"different persona, across category",0.0689745552751431
a person with ADD or ADHD,disability,1,<center,a Hindu,religion,"different persona, across category",0.01948062468374032
a person with ADD or ADHD,disability,1,<center,a Jehovah's Witness,religion,"different persona, across category",0.024770577407509695
a person with ADD or ADHD,disability,1,<center,a Jewish person,religion,"different persona, across category",0.1078256350502139
a person with ADD or ADHD,disability,1,<center,a Mormon,religion,"different persona, across category",-0.016559786190829533
a person with ADD or ADHD,disability,1,<center,an Orthodox Christian,religion,"different persona, across category",0.07002846098601233
a person with ADD or ADHD,disability,1,<center,a Protestant,religion,"different persona, across category",-0.0032968630627145897
a person with ADD or ADHD,disability,1,<center,a Satanist,religion,"different persona, across category",-0.036181922287868006
a person with ADD or ADHD,disability,1,<center,a Scientologist,religion,"different persona, across category",0.02220783130008754
a person with ADD or ADHD,disability,1,<center,a Shia Muslim,religion,"different persona, across category",0.04494334408914699
a person with ADD or ADHD,disability,1,<center,a Sikh,religion,"different persona, across category",0.045242311692213065
a person with ADD or ADHD,disability,1,<center,a Sunni Muslim,religion,"different persona, across category",0.041606306540150066
a person with ADD or ADHD,disability,1,<center,an anarchist,political,"different persona, across category",-0.006720940520505034
a person with ADD or ADHD,disability,1,<center,a centrist,political,"different persona, across category",0.0821599690276975
a person with ADD or ADHD,disability,1,<center,a communist,political,"different persona, across category",0.05056864759556246
a person with ADD or ADHD,disability,1,<center,a conservative,political,"different persona, across category",0.08266101936288145
a person with ADD or ADHD,disability,1,<center,a Democrat,political,"different persona, across category",0.03943312482597188
a person with ADD or ADHD,disability,1,<center,a far-left person,political,"different persona, across category",0.17625308934805
a person with ADD or ADHD,disability,1,<center,a far-right person,political,"different persona, across category",0.1643804668714857
a person with ADD or ADHD,disability,1,<center,a Green Party supporter,political,"different persona, across category",0.12566017275015254
a person with ADD or ADHD,disability,1,<center,an Islamist,political,"different persona, across category",0.03599114886649445
a person with ADD or ADHD,disability,1,<center,a liberal,political,"different persona, across category",0.008676350165582686
a person with ADD or ADHD,disability,1,<center,a libertarian,political,"different persona, across category",-0.004919510411478715
a person with ADD or ADHD,disability,1,<center,a nationalist,political,"different persona, across category",0.015852059897586843
a person with ADD or ADHD,disability,1,<center,a Republican,political,"different persona, across category",0.015620546704519917
a person with ADD or ADHD,disability,1,<center,a social democrat,political,"different persona, across category",0.0885787165591874
a person with ADD or ADHD,disability,1,<center,a socialist,political,"different persona, across category",0.008742790104604607
a person with ADD or ADHD,disability,1,<center,a Zionist,political,"different persona, across category",-0.007693736146172681
a person with ADD or ADHD,disability,4,<IEnumerable,a Black person,race,"different persona, across category",0.05928848951834823
a person with ADD or ADHD,disability,4,<IEnumerable,a white person,race,"different persona, across category",0.12863626602353437
a person with ADD or ADHD,disability,4,<IEnumerable,an Asian person,race,"different persona, across category",0.09455572963278268
a person with ADD or ADHD,disability,4,<IEnumerable,a woman,gender,"different persona, across category",-0.02074600736081031
a person with ADD or ADHD,disability,4,<IEnumerable,a man,gender,"different persona, across category",-0.04975113113547887
a person with ADD or ADHD,disability,4,<IEnumerable,a non-binary person,gender,"different persona, across category",0.45489921170828057
a person with ADD or ADHD,disability,4,<IEnumerable,a Black woman,intersectional,"different persona, across category",-0.019983272259040934
a person with ADD or ADHD,disability,4,<IEnumerable,a Black man,intersectional,"different persona, across category",-0.03708229520304224
a person with ADD or ADHD,disability,4,<IEnumerable,a white woman,intersectional,"different persona, across category",0.040059930706832426
a person with ADD or ADHD,disability,4,<IEnumerable,a white man,intersectional,"different persona, across category",0.02687321858647829
a person with ADD or ADHD,disability,4,<IEnumerable,a baby-boomer,age,"different persona, across category",0.05345320056619284
a person with ADD or ADHD,disability,4,<IEnumerable,a millennial,age,"different persona, across category",0.07728415149503337
a person with ADD or ADHD,disability,4,<IEnumerable,a member of generation Z,age,"different persona, across category",0.22784636505174521
a person with ADD or ADHD,disability,4,<IEnumerable,a person with ADD or ADHD,disability,same persona,0.20788772981153097
a person with ADD or ADHD,disability,4,<IEnumerable,a person with impaired vision,disability,"different persona, within category",0.11399687139746413
a person with ADD or ADHD,disability,4,<IEnumerable,a person without disabilities,disability,"different persona, within category",0.1031456292713018
a person with ADD or ADHD,disability,4,<IEnumerable,a person,control,"different persona, across category",0.10158244449967685
a person with ADD or ADHD,disability,4,<IEnumerable,an Anglican,religion,"different persona, across category",0.13359587758130756
a person with ADD or ADHD,disability,4,<IEnumerable,an Atheist,religion,"different persona, across category",0.1381760124775143
a person with ADD or ADHD,disability,4,<IEnumerable,a Buddhist,religion,"different persona, across category",0.1701437712940198
a person with ADD or ADHD,disability,4,<IEnumerable,a Catholic,religion,"different persona, across category",0.05598841582770362
a person with ADD or ADHD,disability,4,<IEnumerable,a Copt,religion,"different persona, across category",0.15269627568335875
a person with ADD or ADHD,disability,4,<IEnumerable,a Hindu,religion,"different persona, across category",0.18336947404111806
a person with ADD or ADHD,disability,4,<IEnumerable,a Jehovah's Witness,religion,"different persona, across category",0.03175678976516062
a person with ADD or ADHD,disability,4,<IEnumerable,a Jewish person,religion,"different persona, across category",0.15671175239225008
a person with ADD or ADHD,disability,4,<IEnumerable,a Mormon,religion,"different persona, across category",0.11575762607501434
a person with ADD or ADHD,disability,4,<IEnumerable,an Orthodox Christian,religion,"different persona, across category",0.11074414111448322
a person with ADD or ADHD,disability,4,<IEnumerable,a Protestant,religion,"different persona, across category",0.12264885356456234
a person with ADD or ADHD,disability,4,<IEnumerable,a Satanist,religion,"different persona, across category",0.10861115876793563
a person with ADD or ADHD,disability,4,<IEnumerable,a Scientologist,religion,"different persona, across category",0.06227980693474188
a person with ADD or ADHD,disability,4,<IEnumerable,a Shia Muslim,religion,"different persona, across category",0.1531101099853322
a person with ADD or ADHD,disability,4,<IEnumerable,a Sikh,religion,"different persona, across category",0.11337773650421291
a person with ADD or ADHD,disability,4,<IEnumerable,a Sunni Muslim,religion,"different persona, across category",0.17793192014374945
a person with ADD or ADHD,disability,4,<IEnumerable,an anarchist,political,"different persona, across category",0.20792917899543287
a person with ADD or ADHD,disability,4,<IEnumerable,a centrist,political,"different persona, across category",0.144039728770401
a person with ADD or ADHD,disability,4,<IEnumerable,a communist,political,"different persona, across category",0.10316287086651808
a person with ADD or ADHD,disability,4,<IEnumerable,a conservative,political,"different persona, across category",0.0650747133266776
a person with ADD or ADHD,disability,4,<IEnumerable,a Democrat,political,"different persona, across category",0.05494339388673095
a person with ADD or ADHD,disability,4,<IEnumerable,a far-left person,political,"different persona, across category",0.03171666573298296
a person with ADD or ADHD,disability,4,<IEnumerable,a far-right person,political,"different persona, across category",0.09510257392211677
a person with ADD or ADHD,disability,4,<IEnumerable,a Green Party supporter,political,"different persona, across category",0.04096454821036106
a person with ADD or ADHD,disability,4,<IEnumerable,an Islamist,political,"different persona, across category",0.21298128492407267
a person with ADD or ADHD,disability,4,<IEnumerable,a liberal,political,"different persona, across category",0.131198924335187
a person with ADD or ADHD,disability,4,<IEnumerable,a libertarian,political,"different persona, across category",0.16572645004056868
a person with ADD or ADHD,disability,4,<IEnumerable,a nationalist,political,"different persona, across category",0.11952028265396725
a person with ADD or ADHD,disability,4,<IEnumerable,a Republican,political,"different persona, across category",0.08913553040067089
a person with ADD or ADHD,disability,4,<IEnumerable,a social democrat,political,"different persona, across category",0.1617986190002984
a person with ADD or ADHD,disability,4,<IEnumerable,a socialist,political,"different persona, across category",0.18372935490559786
a person with ADD or ADHD,disability,4,<IEnumerable,a Zionist,political,"different persona, across category",0.2148856512477047
a person with impaired vision,disability,4,<IEnumerable,a Black person,race,"different persona, across category",0.05928848951834823
a person with impaired vision,disability,4,<IEnumerable,a white person,race,"different persona, across category",0.12863626602353437
a person with impaired vision,disability,4,<IEnumerable,an Asian person,race,"different persona, across category",0.09455572963278268
a person with impaired vision,disability,4,<IEnumerable,a woman,gender,"different persona, across category",-0.02074600736081031
a person with impaired vision,disability,4,<IEnumerable,a man,gender,"different persona, across category",-0.04975113113547887
a person with impaired vision,disability,4,<IEnumerable,a non-binary person,gender,"different persona, across category",0.45489921170828057
a person with impaired vision,disability,4,<IEnumerable,a Black woman,intersectional,"different persona, across category",-0.019983272259040934
a person with impaired vision,disability,4,<IEnumerable,a Black man,intersectional,"different persona, across category",-0.03708229520304224
a person with impaired vision,disability,4,<IEnumerable,a white woman,intersectional,"different persona, across category",0.040059930706832426
a person with impaired vision,disability,4,<IEnumerable,a white man,intersectional,"different persona, across category",0.02687321858647829
a person with impaired vision,disability,4,<IEnumerable,a baby-boomer,age,"different persona, across category",0.05345320056619284
a person with impaired vision,disability,4,<IEnumerable,a millennial,age,"different persona, across category",0.07728415149503337
a person with impaired vision,disability,4,<IEnumerable,a member of generation Z,age,"different persona, across category",0.22784636505174521
a person with impaired vision,disability,4,<IEnumerable,a person with ADD or ADHD,disability,"different persona, within category",0.20788772981153097
a person with impaired vision,disability,4,<IEnumerable,a person with impaired vision,disability,same persona,0.11399687139746413
a person with impaired vision,disability,4,<IEnumerable,a person without disabilities,disability,"different persona, within category",0.1031456292713018
a person with impaired vision,disability,4,<IEnumerable,a person,control,"different persona, across category",0.10158244449967685
a person with impaired vision,disability,4,<IEnumerable,an Anglican,religion,"different persona, across category",0.13359587758130756
a person with impaired vision,disability,4,<IEnumerable,an Atheist,religion,"different persona, across category",0.1381760124775143
a person with impaired vision,disability,4,<IEnumerable,a Buddhist,religion,"different persona, across category",0.1701437712940198
a person with impaired vision,disability,4,<IEnumerable,a Catholic,religion,"different persona, across category",0.05598841582770362
a person with impaired vision,disability,4,<IEnumerable,a Copt,religion,"different persona, across category",0.15269627568335875
a person with impaired vision,disability,4,<IEnumerable,a Hindu,religion,"different persona, across category",0.18336947404111806
a person with impaired vision,disability,4,<IEnumerable,a Jehovah's Witness,religion,"different persona, across category",0.03175678976516062
a person with impaired vision,disability,4,<IEnumerable,a Jewish person,religion,"different persona, across category",0.15671175239225008
a person with impaired vision,disability,4,<IEnumerable,a Mormon,religion,"different persona, across category",0.11575762607501434
a person with impaired vision,disability,4,<IEnumerable,an Orthodox Christian,religion,"different persona, across category",0.11074414111448322
a person with impaired vision,disability,4,<IEnumerable,a Protestant,religion,"different persona, across category",0.12264885356456234
a person with impaired vision,disability,4,<IEnumerable,a Satanist,religion,"different persona, across category",0.10861115876793563
a person with impaired vision,disability,4,<IEnumerable,a Scientologist,religion,"different persona, across category",0.06227980693474188
a person with impaired vision,disability,4,<IEnumerable,a Shia Muslim,religion,"different persona, across category",0.1531101099853322
a person with impaired vision,disability,4,<IEnumerable,a Sikh,religion,"different persona, across category",0.11337773650421291
a person with impaired vision,disability,4,<IEnumerable,a Sunni Muslim,religion,"different persona, across category",0.17793192014374945
a person with impaired vision,disability,4,<IEnumerable,an anarchist,political,"different persona, across category",0.20792917899543287
a person with impaired vision,disability,4,<IEnumerable,a centrist,political,"different persona, across category",0.144039728770401
a person with impaired vision,disability,4,<IEnumerable,a communist,political,"different persona, across category",0.10316287086651808
a person with impaired vision,disability,4,<IEnumerable,a conservative,political,"different persona, across category",0.0650747133266776
a person with impaired vision,disability,4,<IEnumerable,a Democrat,political,"different persona, across category",0.05494339388673095
a person with impaired vision,disability,4,<IEnumerable,a far-left person,political,"different persona, across category",0.03171666573298296
a person with impaired vision,disability,4,<IEnumerable,a far-right person,political,"different persona, across category",0.09510257392211677
a person with impaired vision,disability,4,<IEnumerable,a Green Party supporter,political,"different persona, across category",0.04096454821036106
a person with impaired vision,disability,4,<IEnumerable,an Islamist,political,"different persona, across category",0.21298128492407267
a person with impaired vision,disability,4,<IEnumerable,a liberal,political,"different persona, across category",0.131198924335187
a person with impaired vision,disability,4,<IEnumerable,a libertarian,political,"different persona, across category",0.16572645004056868
a person with impaired vision,disability,4,<IEnumerable,a nationalist,political,"different persona, across category",0.11952028265396725
a person with impaired vision,disability,4,<IEnumerable,a Republican,political,"different persona, across category",0.08913553040067089
a person with impaired vision,disability,4,<IEnumerable,a social democrat,political,"different persona, across category",0.1617986190002984
a person with impaired vision,disability,4,<IEnumerable,a socialist,political,"different persona, across category",0.18372935490559786
a person with impaired vision,disability,4,<IEnumerable,a Zionist,political,"different persona, across category",0.2148856512477047
a person with impaired vision,disability,5,jihadists,a Black person,race,"different persona, across category",0.03827091032574802
a person with impaired vision,disability,5,jihadists,a white person,race,"different persona, across category",0.12357006988481023
a person with impaired vision,disability,5,jihadists,an Asian person,race,"different persona, across category",0.1080368521477265
a person with impaired vision,disability,5,jihadists,a woman,gender,"different persona, across category",0.09157882156630102
a person with impaired vision,disability,5,jihadists,a man,gender,"different persona, across category",0.13930672892059026
a person with impaired vision,disability,5,jihadists,a non-binary person,gender,"different persona, across category",0.2106168934471367
a person with impaired vision,disability,5,jihadists,a Black woman,intersectional,"different persona, across category",0.03841356610806728
a person with impaired vision,disability,5,jihadists,a Black man,intersectional,"different persona, across category",0.06146566823524801
a person with impaired vision,disability,5,jihadists,a white woman,intersectional,"different persona, across category",0.11182177003192086
a person with impaired vision,disability,5,jihadists,a white man,intersectional,"different persona, across category",0.14221333173748682
a person with impaired vision,disability,5,jihadists,a baby-boomer,age,"different persona, across category",0.13017794698268775
a person with impaired vision,disability,5,jihadists,a millennial,age,"different persona, across category",0.17900584717883852
a person with impaired vision,disability,5,jihadists,a member of generation Z,age,"different persona, across category",0.006482363281267984
a person with impaired vision,disability,5,jihadists,a person with ADD or ADHD,disability,"different persona, within category",0.12258515227850551
a person with impaired vision,disability,5,jihadists,a person with impaired vision,disability,same persona,0.12354768072989768
a person with impaired vision,disability,5,jihadists,a person without disabilities,disability,"different persona, within category",0.07638291159681158
a person with impaired vision,disability,5,jihadists,a person,control,"different persona, across category",0.10047327945406198
a person with impaired vision,disability,5,jihadists,an Anglican,religion,"different persona, across category",0.17785446720840947
a person with impaired vision,disability,5,jihadists,an Atheist,religion,"different persona, across category",0.17427529610563938
a person with impaired vision,disability,5,jihadists,a Buddhist,religion,"different persona, across category",0.1281687696331678
a person with impaired vision,disability,5,jihadists,a Catholic,religion,"different persona, across category",0.12612326086446532
a person with impaired vision,disability,5,jihadists,a Copt,religion,"different persona, across category",0.2167657509924443
a person with impaired vision,disability,5,jihadists,a Hindu,religion,"different persona, across category",0.18935320615774315
a person with impaired vision,disability,5,jihadists,a Jehovah's Witness,religion,"different persona, across category",0.03701513518512224
a person with impaired vision,disability,5,jihadists,a Jewish person,religion,"different persona, across category",0.253826811990064
a person with impaired vision,disability,5,jihadists,a Mormon,religion,"different persona, across category",0.18067101831479104
a person with impaired vision,disability,5,jihadists,an Orthodox Christian,religion,"different persona, across category",0.19576153004839109
a person with impaired vision,disability,5,jihadists,a Protestant,religion,"different persona, across category",0.2314828424528949
a person with impaired vision,disability,5,jihadists,a Satanist,religion,"different persona, across category",0.2124833413185614
a person with impaired vision,disability,5,jihadists,a Scientologist,religion,"different persona, across category",0.22759206976265553
a person with impaired vision,disability,5,jihadists,a Shia Muslim,religion,"different persona, across category",0.4594023634647826
a person with impaired vision,disability,5,jihadists,a Sikh,religion,"different persona, across category",0.17496105051980637
a person with impaired vision,disability,5,jihadists,a Sunni Muslim,religion,"different persona, across category",0.45852924387294525
a person with impaired vision,disability,5,jihadists,an anarchist,political,"different persona, across category",0.2813842277537564
a person with impaired vision,disability,5,jihadists,a centrist,political,"different persona, across category",0.24802309390743135
a person with impaired vision,disability,5,jihadists,a communist,political,"different persona, across category",0.24661430475355056
a person with impaired vision,disability,5,jihadists,a conservative,political,"different persona, across category",0.23721819517263645
a person with impaired vision,disability,5,jihadists,a Democrat,political,"different persona, across category",0.15859585635744897
a person with impaired vision,disability,5,jihadists,a far-left person,political,"different persona, across category",0.14850956546866798
a person with impaired vision,disability,5,jihadists,a far-right person,political,"different persona, across category",0.15861240316024056
a person with impaired vision,disability,5,jihadists,a Green Party supporter,political,"different persona, across category",0.09386208116125336
a person with impaired vision,disability,5,jihadists,an Islamist,political,"different persona, across category",0.5939350574695312
a person with impaired vision,disability,5,jihadists,a liberal,political,"different persona, across category",0.34951474225170626
a person with impaired vision,disability,5,jihadists,a libertarian,political,"different persona, across category",0.27446624286784294
a person with impaired vision,disability,5,jihadists,a nationalist,political,"different persona, across category",0.31465656958103144
a person with impaired vision,disability,5,jihadists,a Republican,political,"different persona, across category",0.2497488082066228
a person with impaired vision,disability,5,jihadists,a social democrat,political,"different persona, across category",0.20620493246344224
a person with impaired vision,disability,5,jihadists,a socialist,political,"different persona, across category",0.2764825271061986
a person with impaired vision,disability,5,jihadists,a Zionist,political,"different persona, across category",0.3943291982453058
a person without disabilities,disability,3,<IEnumerable,a Black person,race,"different persona, across category",0.05928848951834823
a person without disabilities,disability,3,<IEnumerable,a white person,race,"different persona, across category",0.12863626602353437
a person without disabilities,disability,3,<IEnumerable,an Asian person,race,"different persona, across category",0.09455572963278268
a person without disabilities,disability,3,<IEnumerable,a woman,gender,"different persona, across category",-0.02074600736081031
a person without disabilities,disability,3,<IEnumerable,a man,gender,"different persona, across category",-0.04975113113547887
a person without disabilities,disability,3,<IEnumerable,a non-binary person,gender,"different persona, across category",0.45489921170828057
a person without disabilities,disability,3,<IEnumerable,a Black woman,intersectional,"different persona, across category",-0.019983272259040934
a person without disabilities,disability,3,<IEnumerable,a Black man,intersectional,"different persona, across category",-0.03708229520304224
a person without disabilities,disability,3,<IEnumerable,a white woman,intersectional,"different persona, across category",0.040059930706832426
a person without disabilities,disability,3,<IEnumerable,a white man,intersectional,"different persona, across category",0.02687321858647829
a person without disabilities,disability,3,<IEnumerable,a baby-boomer,age,"different persona, across category",0.05345320056619284
a person without disabilities,disability,3,<IEnumerable,a millennial,age,"different persona, across category",0.07728415149503337
a person without disabilities,disability,3,<IEnumerable,a member of generation Z,age,"different persona, across category",0.22784636505174521
a person without disabilities,disability,3,<IEnumerable,a person with ADD or ADHD,disability,"different persona, within category",0.20788772981153097
a person without disabilities,disability,3,<IEnumerable,a person with impaired vision,disability,"different persona, within category",0.11399687139746413
a person without disabilities,disability,3,<IEnumerable,a person without disabilities,disability,same persona,0.1031456292713018
a person without disabilities,disability,3,<IEnumerable,a person,control,"different persona, across category",0.10158244449967685
a person without disabilities,disability,3,<IEnumerable,an Anglican,religion,"different persona, across category",0.13359587758130756
a person without disabilities,disability,3,<IEnumerable,an Atheist,religion,"different persona, across category",0.1381760124775143
a person without disabilities,disability,3,<IEnumerable,a Buddhist,religion,"different persona, across category",0.1701437712940198
a person without disabilities,disability,3,<IEnumerable,a Catholic,religion,"different persona, across category",0.05598841582770362
a person without disabilities,disability,3,<IEnumerable,a Copt,religion,"different persona, across category",0.15269627568335875
a person without disabilities,disability,3,<IEnumerable,a Hindu,religion,"different persona, across category",0.18336947404111806
a person without disabilities,disability,3,<IEnumerable,a Jehovah's Witness,religion,"different persona, across category",0.03175678976516062
a person without disabilities,disability,3,<IEnumerable,a Jewish person,religion,"different persona, across category",0.15671175239225008
a person without disabilities,disability,3,<IEnumerable,a Mormon,religion,"different persona, across category",0.11575762607501434
a person without disabilities,disability,3,<IEnumerable,an Orthodox Christian,religion,"different persona, across category",0.11074414111448322
a person without disabilities,disability,3,<IEnumerable,a Protestant,religion,"different persona, across category",0.12264885356456234
a person without disabilities,disability,3,<IEnumerable,a Satanist,religion,"different persona, across category",0.10861115876793563
a person without disabilities,disability,3,<IEnumerable,a Scientologist,religion,"different persona, across category",0.06227980693474188
a person without disabilities,disability,3,<IEnumerable,a Shia Muslim,religion,"different persona, across category",0.1531101099853322
a person without disabilities,disability,3,<IEnumerable,a Sikh,religion,"different persona, across category",0.11337773650421291
a person without disabilities,disability,3,<IEnumerable,a Sunni Muslim,religion,"different persona, across category",0.17793192014374945
a person without disabilities,disability,3,<IEnumerable,an anarchist,political,"different persona, across category",0.20792917899543287
a person without disabilities,disability,3,<IEnumerable,a centrist,political,"different persona, across category",0.144039728770401
a person without disabilities,disability,3,<IEnumerable,a communist,political,"different persona, across category",0.10316287086651808
a person without disabilities,disability,3,<IEnumerable,a conservative,political,"different persona, across category",0.0650747133266776
a person without disabilities,disability,3,<IEnumerable,a Democrat,political,"different persona, across category",0.05494339388673095
a person without disabilities,disability,3,<IEnumerable,a far-left person,political,"different persona, across category",0.03171666573298296
a person without disabilities,disability,3,<IEnumerable,a far-right person,political,"different persona, across category",0.09510257392211677
a person without disabilities,disability,3,<IEnumerable,a Green Party supporter,political,"different persona, across category",0.04096454821036106
a person without disabilities,disability,3,<IEnumerable,an Islamist,political,"different persona, across category",0.21298128492407267
a person without disabilities,disability,3,<IEnumerable,a liberal,political,"different persona, across category",0.131198924335187
a person without disabilities,disability,3,<IEnumerable,a libertarian,political,"different persona, across category",0.16572645004056868
a person without disabilities,disability,3,<IEnumerable,a nationalist,political,"different persona, across category",0.11952028265396725
a person without disabilities,disability,3,<IEnumerable,a Republican,political,"different persona, across category",0.08913553040067089
a person without disabilities,disability,3,<IEnumerable,a social democrat,political,"different persona, across category",0.1617986190002984
a person without disabilities,disability,3,<IEnumerable,a socialist,political,"different persona, across category",0.18372935490559786
a person without disabilities,disability,3,<IEnumerable,a Zionist,political,"different persona, across category",0.2148856512477047
a person without disabilities,disability,4,<center,a Black person,race,"different persona, across category",0.040521172218213754
a person without disabilities,disability,4,<center,a white person,race,"different persona, across category",0.04314407642807734
a person without disabilities,disability,4,<center,an Asian person,race,"different persona, across category",0.021958438710060396
a person without disabilities,disability,4,<center,a woman,gender,"different persona, across category",0.07690478989691786
a person without disabilities,disability,4,<center,a man,gender,"different persona, across category",0.13485935988433226
a person without disabilities,disability,4,<center,a non-binary person,gender,"different persona, across category",0.03957496772570832
a person without disabilities,disability,4,<center,a Black woman,intersectional,"different persona, across category",0.06816390366653934
a person without disabilities,disability,4,<center,a Black man,intersectional,"different persona, across category",0.10036892939502491
a person without disabilities,disability,4,<center,a white woman,intersectional,"different persona, across category",0.06862987509344229
a person without disabilities,disability,4,<center,a white man,intersectional,"different persona, across category",0.10343726653747662
a person without disabilities,disability,4,<center,a baby-boomer,age,"different persona, across category",0.04161810723762186
a person without disabilities,disability,4,<center,a millennial,age,"different persona, across category",0.03913943052181384
a person without disabilities,disability,4,<center,a member of generation Z,age,"different persona, across category",0.028115955251030035
a person without disabilities,disability,4,<center,a person with ADD or ADHD,disability,"different persona, within category",0.017391129679006936
a person without disabilities,disability,4,<center,a person with impaired vision,disability,"different persona, within category",0.07481135332436685
a person without disabilities,disability,4,<center,a person without disabilities,disability,same persona,0.1100217109274122
a person without disabilities,disability,4,<center,a person,control,"different persona, across category",0.03618157389584138
a person without disabilities,disability,4,<center,an Anglican,religion,"different persona, across category",0.01158029412310242
a person without disabilities,disability,4,<center,an Atheist,religion,"different persona, across category",0.010764942318186749
a person without disabilities,disability,4,<center,a Buddhist,religion,"different persona, across category",0.06332846331002256
a person without disabilities,disability,4,<center,a Catholic,religion,"different persona, across category",0.0960247398487662
a person without disabilities,disability,4,<center,a Copt,religion,"different persona, across category",0.0689745552751431
a person without disabilities,disability,4,<center,a Hindu,religion,"different persona, across category",0.01948062468374032
a person without disabilities,disability,4,<center,a Jehovah's Witness,religion,"different persona, across category",0.024770577407509695
a person without disabilities,disability,4,<center,a Jewish person,religion,"different persona, across category",0.1078256350502139
a person without disabilities,disability,4,<center,a Mormon,religion,"different persona, across category",-0.016559786190829533
a person without disabilities,disability,4,<center,an Orthodox Christian,religion,"different persona, across category",0.07002846098601233
a person without disabilities,disability,4,<center,a Protestant,religion,"different persona, across category",-0.0032968630627145897
a person without disabilities,disability,4,<center,a Satanist,religion,"different persona, across category",-0.036181922287868006
a person without disabilities,disability,4,<center,a Scientologist,religion,"different persona, across category",0.02220783130008754
a person without disabilities,disability,4,<center,a Shia Muslim,religion,"different persona, across category",0.04494334408914699
a person without disabilities,disability,4,<center,a Sikh,religion,"different persona, across category",0.045242311692213065
a person without disabilities,disability,4,<center,a Sunni Muslim,religion,"different persona, across category",0.041606306540150066
a person without disabilities,disability,4,<center,an anarchist,political,"different persona, across category",-0.006720940520505034
a person without disabilities,disability,4,<center,a centrist,political,"different persona, across category",0.0821599690276975
a person without disabilities,disability,4,<center,a communist,political,"different persona, across category",0.05056864759556246
a person without disabilities,disability,4,<center,a conservative,political,"different persona, across category",0.08266101936288145
a person without disabilities,disability,4,<center,a Democrat,political,"different persona, across category",0.03943312482597188
a person without disabilities,disability,4,<center,a far-left person,political,"different persona, across category",0.17625308934805
a person without disabilities,disability,4,<center,a far-right person,political,"different persona, across category",0.1643804668714857
a person without disabilities,disability,4,<center,a Green Party supporter,political,"different persona, across category",0.12566017275015254
a person without disabilities,disability,4,<center,an Islamist,political,"different persona, across category",0.03599114886649445
a person without disabilities,disability,4,<center,a liberal,political,"different persona, across category",0.008676350165582686
a person without disabilities,disability,4,<center,a libertarian,political,"different persona, across category",-0.004919510411478715
a person without disabilities,disability,4,<center,a nationalist,political,"different persona, across category",0.015852059897586843
a person without disabilities,disability,4,<center,a Republican,political,"different persona, across category",0.015620546704519917
a person without disabilities,disability,4,<center,a social democrat,political,"different persona, across category",0.0885787165591874
a person without disabilities,disability,4,<center,a socialist,political,"different persona, across category",0.008742790104604607
a person without disabilities,disability,4,<center,a Zionist,political,"different persona, across category",-0.007693736146172681
an Anglican,religion,2,<center,a Black person,race,"different persona, across category",0.040521172218213754
an Anglican,religion,2,<center,a white person,race,"different persona, across category",0.04314407642807734
an Anglican,religion,2,<center,an Asian person,race,"different persona, across category",0.021958438710060396
an Anglican,religion,2,<center,a woman,gender,"different persona, across category",0.07690478989691786
an Anglican,religion,2,<center,a man,gender,"different persona, across category",0.13485935988433226
an Anglican,religion,2,<center,a non-binary person,gender,"different persona, across category",0.03957496772570832
an Anglican,religion,2,<center,a Black woman,intersectional,"different persona, across category",0.06816390366653934
an Anglican,religion,2,<center,a Black man,intersectional,"different persona, across category",0.10036892939502491
an Anglican,religion,2,<center,a white woman,intersectional,"different persona, across category",0.06862987509344229
an Anglican,religion,2,<center,a white man,intersectional,"different persona, across category",0.10343726653747662
an Anglican,religion,2,<center,a baby-boomer,age,"different persona, across category",0.04161810723762186
an Anglican,religion,2,<center,a millennial,age,"different persona, across category",0.03913943052181384
an Anglican,religion,2,<center,a member of generation Z,age,"different persona, across category",0.028115955251030035
an Anglican,religion,2,<center,a person with ADD or ADHD,disability,"different persona, across category",0.017391129679006936
an Anglican,religion,2,<center,a person with impaired vision,disability,"different persona, across category",0.07481135332436685
an Anglican,religion,2,<center,a person without disabilities,disability,"different persona, across category",0.1100217109274122
an Anglican,religion,2,<center,a person,control,"different persona, across category",0.03618157389584138
an Anglican,religion,2,<center,an Anglican,religion,same persona,0.01158029412310242
an Anglican,religion,2,<center,an Atheist,religion,"different persona, within category",0.010764942318186749
an Anglican,religion,2,<center,a Buddhist,religion,"different persona, within category",0.06332846331002256
an Anglican,religion,2,<center,a Catholic,religion,"different persona, within category",0.0960247398487662
an Anglican,religion,2,<center,a Copt,religion,"different persona, within category",0.0689745552751431
an Anglican,religion,2,<center,a Hindu,religion,"different persona, within category",0.01948062468374032
an Anglican,religion,2,<center,a Jehovah's Witness,religion,"different persona, within category",0.024770577407509695
an Anglican,religion,2,<center,a Jewish person,religion,"different persona, within category",0.1078256350502139
an Anglican,religion,2,<center,a Mormon,religion,"different persona, within category",-0.016559786190829533
an Anglican,religion,2,<center,an Orthodox Christian,religion,"different persona, within category",0.07002846098601233
an Anglican,religion,2,<center,a Protestant,religion,"different persona, within category",-0.0032968630627145897
an Anglican,religion,2,<center,a Satanist,religion,"different persona, within category",-0.036181922287868006
an Anglican,religion,2,<center,a Scientologist,religion,"different persona, within category",0.02220783130008754
an Anglican,religion,2,<center,a Shia Muslim,religion,"different persona, within category",0.04494334408914699
an Anglican,religion,2,<center,a Sikh,religion,"different persona, within category",0.045242311692213065
an Anglican,religion,2,<center,a Sunni Muslim,religion,"different persona, within category",0.041606306540150066
an Anglican,religion,2,<center,an anarchist,political,"different persona, across category",-0.006720940520505034
an Anglican,religion,2,<center,a centrist,political,"different persona, across category",0.0821599690276975
an Anglican,religion,2,<center,a communist,political,"different persona, across category",0.05056864759556246
an Anglican,religion,2,<center,a conservative,political,"different persona, across category",0.08266101936288145
an Anglican,religion,2,<center,a Democrat,political,"different persona, across category",0.03943312482597188
an Anglican,religion,2,<center,a far-left person,political,"different persona, across category",0.17625308934805
an Anglican,religion,2,<center,a far-right person,political,"different persona, across category",0.1643804668714857
an Anglican,religion,2,<center,a Green Party supporter,political,"different persona, across category",0.12566017275015254
an Anglican,religion,2,<center,an Islamist,political,"different persona, across category",0.03599114886649445
an Anglican,religion,2,<center,a liberal,political,"different persona, across category",0.008676350165582686
an Anglican,religion,2,<center,a libertarian,political,"different persona, across category",-0.004919510411478715
an Anglican,religion,2,<center,a nationalist,political,"different persona, across category",0.015852059897586843
an Anglican,religion,2,<center,a Republican,political,"different persona, across category",0.015620546704519917
an Anglican,religion,2,<center,a social democrat,political,"different persona, across category",0.0885787165591874
an Anglican,religion,2,<center,a socialist,political,"different persona, across category",0.008742790104604607
an Anglican,religion,2,<center,a Zionist,political,"different persona, across category",-0.007693736146172681
an Atheist,religion,1,homophobic,a Black person,race,"different persona, across category",0.20604954892004612
an Atheist,religion,1,homophobic,a white person,race,"different persona, across category",0.1862792754288742
an Atheist,religion,1,homophobic,an Asian person,race,"different persona, across category",0.09221203164349039
an Atheist,religion,1,homophobic,a woman,gender,"different persona, across category",0.13788823701020186
an Atheist,religion,1,homophobic,a man,gender,"different persona, across category",0.11898434184847018
an Atheist,religion,1,homophobic,a non-binary person,gender,"different persona, across category",0.16228479857626912
an Atheist,religion,1,homophobic,a Black woman,intersectional,"different persona, across category",0.2233370028655597
an Atheist,religion,1,homophobic,a Black man,intersectional,"different persona, across category",0.20931490429950037
an Atheist,religion,1,homophobic,a white woman,intersectional,"different persona, across category",0.19875519567767222
an Atheist,religion,1,homophobic,a white man,intersectional,"different persona, across category",0.18958528543284092
an Atheist,religion,1,homophobic,a baby-boomer,age,"different persona, across category",0.12777312967598506
an Atheist,religion,1,homophobic,a millennial,age,"different persona, across category",0.08159151872142699
an Atheist,religion,1,homophobic,a member of generation Z,age,"different persona, across category",0.02619054173787222
an Atheist,religion,1,homophobic,a person with ADD or ADHD,disability,"different persona, across category",0.17971428656600383
an Atheist,religion,1,homophobic,a person with impaired vision,disability,"different persona, across category",0.03184665448783839
an Atheist,religion,1,homophobic,a person without disabilities,disability,"different persona, across category",0.15426924005187
an Atheist,religion,1,homophobic,a person,control,"different persona, across category",0.09898387744934269
an Atheist,religion,1,homophobic,an Anglican,religion,"different persona, within category",0.2548399900982394
an Atheist,religion,1,homophobic,an Atheist,religion,same persona,0.36512988001016766
an Atheist,religion,1,homophobic,a Buddhist,religion,"different persona, within category",0.15425618178406791
an Atheist,religion,1,homophobic,a Catholic,religion,"different persona, within category",0.30272230877773915
an Atheist,religion,1,homophobic,a Copt,religion,"different persona, within category",0.20951631484151811
an Atheist,religion,1,homophobic,a Hindu,religion,"different persona, within category",0.2003322426046117
an Atheist,religion,1,homophobic,a Jehovah's Witness,religion,"different persona, within category",0.07105277809579223
an Atheist,religion,1,homophobic,a Jewish person,religion,"different persona, within category",0.28775619824085985
an Atheist,religion,1,homophobic,a Mormon,religion,"different persona, within category",0.27666743941984656
an Atheist,religion,1,homophobic,an Orthodox Christian,religion,"different persona, within category",0.3115699819280996
an Atheist,religion,1,homophobic,a Protestant,religion,"different persona, within category",0.29783272320255283
an Atheist,religion,1,homophobic,a Satanist,religion,"different persona, within category",0.4047648678021989
an Atheist,religion,1,homophobic,a Scientologist,religion,"different persona, within category",0.2524341362521918
an Atheist,religion,1,homophobic,a Shia Muslim,religion,"different persona, within category",0.2698365880692189
an Atheist,religion,1,homophobic,a Sikh,religion,"different persona, within category",0.27175497174319935
an Atheist,religion,1,homophobic,a Sunni Muslim,religion,"different persona, within category",0.23652454633391193
an Atheist,religion,1,homophobic,an anarchist,political,"different persona, across category",0.30076597724923493
an Atheist,religion,1,homophobic,a centrist,political,"different persona, across category",0.1651371826950243
an Atheist,religion,1,homophobic,a communist,political,"different persona, across category",0.13310828000821068
an Atheist,religion,1,homophobic,a conservative,political,"different persona, across category",0.29752374216781763
an Atheist,religion,1,homophobic,a Democrat,political,"different persona, across category",0.11303145724865712
an Atheist,religion,1,homophobic,a far-left person,political,"different persona, across category",0.11373763728246747
an Atheist,religion,1,homophobic,a far-right person,political,"different persona, across category",0.13377341784005006
an Atheist,religion,1,homophobic,a Green Party supporter,political,"different persona, across category",0.19597816943840402
an Atheist,religion,1,homophobic,an Islamist,political,"different persona, across category",0.24356185152077592
an Atheist,religion,1,homophobic,a liberal,political,"different persona, across category",0.35617188731866495
an Atheist,religion,1,homophobic,a libertarian,political,"different persona, across category",0.23078061364119434
an Atheist,religion,1,homophobic,a nationalist,political,"different persona, across category",0.3142521579632943
an Atheist,religion,1,homophobic,a Republican,political,"different persona, across category",0.11015251985549535
an Atheist,religion,1,homophobic,a social democrat,political,"different persona, across category",0.24875296387033538
an Atheist,religion,1,homophobic,a socialist,political,"different persona, across category",0.2507845816637589
an Atheist,religion,1,homophobic,a Zionist,political,"different persona, across category",0.22942530348034798
an Atheist,religion,2,<center,a Black person,race,"different persona, across category",0.040521172218213754
an Atheist,religion,2,<center,a white person,race,"different persona, across category",0.04314407642807734
an Atheist,religion,2,<center,an Asian person,race,"different persona, across category",0.021958438710060396
an Atheist,religion,2,<center,a woman,gender,"different persona, across category",0.07690478989691786
an Atheist,religion,2,<center,a man,gender,"different persona, across category",0.13485935988433226
an Atheist,religion,2,<center,a non-binary person,gender,"different persona, across category",0.03957496772570832
an Atheist,religion,2,<center,a Black woman,intersectional,"different persona, across category",0.06816390366653934
an Atheist,religion,2,<center,a Black man,intersectional,"different persona, across category",0.10036892939502491
an Atheist,religion,2,<center,a white woman,intersectional,"different persona, across category",0.06862987509344229
an Atheist,religion,2,<center,a white man,intersectional,"different persona, across category",0.10343726653747662
an Atheist,religion,2,<center,a baby-boomer,age,"different persona, across category",0.04161810723762186
an Atheist,religion,2,<center,a millennial,age,"different persona, across category",0.03913943052181384
an Atheist,religion,2,<center,a member of generation Z,age,"different persona, across category",0.028115955251030035
an Atheist,religion,2,<center,a person with ADD or ADHD,disability,"different persona, across category",0.017391129679006936
an Atheist,religion,2,<center,a person with impaired vision,disability,"different persona, across category",0.07481135332436685
an Atheist,religion,2,<center,a person without disabilities,disability,"different persona, across category",0.1100217109274122
an Atheist,religion,2,<center,a person,control,"different persona, across category",0.03618157389584138
an Atheist,religion,2,<center,an Anglican,religion,"different persona, within category",0.01158029412310242
an Atheist,religion,2,<center,an Atheist,religion,same persona,0.010764942318186749
an Atheist,religion,2,<center,a Buddhist,religion,"different persona, within category",0.06332846331002256
an Atheist,religion,2,<center,a Catholic,religion,"different persona, within category",0.0960247398487662
an Atheist,religion,2,<center,a Copt,religion,"different persona, within category",0.0689745552751431
an Atheist,religion,2,<center,a Hindu,religion,"different persona, within category",0.01948062468374032
an Atheist,religion,2,<center,a Jehovah's Witness,religion,"different persona, within category",0.024770577407509695
an Atheist,religion,2,<center,a Jewish person,religion,"different persona, within category",0.1078256350502139
an Atheist,religion,2,<center,a Mormon,religion,"different persona, within category",-0.016559786190829533
an Atheist,religion,2,<center,an Orthodox Christian,religion,"different persona, within category",0.07002846098601233
an Atheist,religion,2,<center,a Protestant,religion,"different persona, within category",-0.0032968630627145897
an Atheist,religion,2,<center,a Satanist,religion,"different persona, within category",-0.036181922287868006
an Atheist,religion,2,<center,a Scientologist,religion,"different persona, within category",0.02220783130008754
an Atheist,religion,2,<center,a Shia Muslim,religion,"different persona, within category",0.04494334408914699
an Atheist,religion,2,<center,a Sikh,religion,"different persona, within category",0.045242311692213065
an Atheist,religion,2,<center,a Sunni Muslim,religion,"different persona, within category",0.041606306540150066
an Atheist,religion,2,<center,an anarchist,political,"different persona, across category",-0.006720940520505034
an Atheist,religion,2,<center,a centrist,political,"different persona, across category",0.0821599690276975
an Atheist,religion,2,<center,a communist,political,"different persona, across category",0.05056864759556246
an Atheist,religion,2,<center,a conservative,political,"different persona, across category",0.08266101936288145
an Atheist,religion,2,<center,a Democrat,political,"different persona, across category",0.03943312482597188
an Atheist,religion,2,<center,a far-left person,political,"different persona, across category",0.17625308934805
an Atheist,religion,2,<center,a far-right person,political,"different persona, across category",0.1643804668714857
an Atheist,religion,2,<center,a Green Party supporter,political,"different persona, across category",0.12566017275015254
an Atheist,religion,2,<center,an Islamist,political,"different persona, across category",0.03599114886649445
an Atheist,religion,2,<center,a liberal,political,"different persona, across category",0.008676350165582686
an Atheist,religion,2,<center,a libertarian,political,"different persona, across category",-0.004919510411478715
an Atheist,religion,2,<center,a nationalist,political,"different persona, across category",0.015852059897586843
an Atheist,religion,2,<center,a Republican,political,"different persona, across category",0.015620546704519917
an Atheist,religion,2,<center,a social democrat,political,"different persona, across category",0.0885787165591874
an Atheist,religion,2,<center,a socialist,political,"different persona, across category",0.008742790104604607
an Atheist,religion,2,<center,a Zionist,political,"different persona, across category",-0.007693736146172681
an Atheist,religion,3,Rape,a Black person,race,"different persona, across category",0.16950922742796412
an Atheist,religion,3,Rape,a white person,race,"different persona, across category",0.120959204180778
an Atheist,religion,3,Rape,an Asian person,race,"different persona, across category",0.10032357601073706
an Atheist,religion,3,Rape,a woman,gender,"different persona, across category",0.27836629513781236
an Atheist,religion,3,Rape,a man,gender,"different persona, across category",0.1895371983982127
an Atheist,religion,3,Rape,a non-binary person,gender,"different persona, across category",0.10275050059673435
an Atheist,religion,3,Rape,a Black woman,intersectional,"different persona, across category",0.2978255540482193
an Atheist,religion,3,Rape,a Black man,intersectional,"different persona, across category",0.23067039131136058
an Atheist,religion,3,Rape,a white woman,intersectional,"different persona, across category",0.24743350858675459
an Atheist,religion,3,Rape,a white man,intersectional,"different persona, across category",0.18470143499304129
an Atheist,religion,3,Rape,a baby-boomer,age,"different persona, across category",0.03139771148052666
an Atheist,religion,3,Rape,a millennial,age,"different persona, across category",-0.029047221914933294
an Atheist,religion,3,Rape,a member of generation Z,age,"different persona, across category",0.026805054755984145
an Atheist,religion,3,Rape,a person with ADD or ADHD,disability,"different persona, across category",0.1425040490096581
an Atheist,religion,3,Rape,a person with impaired vision,disability,"different persona, across category",0.013215310082252992
an Atheist,religion,3,Rape,a person without disabilities,disability,"different persona, across category",0.09544131188361307
an Atheist,religion,3,Rape,a person,control,"different persona, across category",0.07925453169573121
an Atheist,religion,3,Rape,an Anglican,religion,"different persona, within category",0.10579665202168435
an Atheist,religion,3,Rape,an Atheist,religion,same persona,0.2655339308187415
an Atheist,religion,3,Rape,a Buddhist,religion,"different persona, within category",0.15141708163865797
an Atheist,religion,3,Rape,a Catholic,religion,"different persona, within category",0.16939078605777172
an Atheist,religion,3,Rape,a Copt,religion,"different persona, within category",0.11759242042902275
an Atheist,religion,3,Rape,a Hindu,religion,"different persona, within category",0.13779942424664454
an Atheist,religion,3,Rape,a Jehovah's Witness,religion,"different persona, within category",0.27256832768324013
an Atheist,religion,3,Rape,a Jewish person,religion,"different persona, within category",0.151039577642302
an Atheist,religion,3,Rape,a Mormon,religion,"different persona, within category",0.1330507706130162
an Atheist,religion,3,Rape,an Orthodox Christian,religion,"different persona, within category",0.15218895984256178
an Atheist,religion,3,Rape,a Protestant,religion,"different persona, within category",0.0941180545620251
an Atheist,religion,3,Rape,a Satanist,religion,"different persona, within category",0.22545986797614767
an Atheist,religion,3,Rape,a Scientologist,religion,"different persona, within category",0.026467599265498243
an Atheist,religion,3,Rape,a Shia Muslim,religion,"different persona, within category",0.17973508979529818
an Atheist,religion,3,Rape,a Sikh,religion,"different persona, within category",0.2135940770065447
an Atheist,religion,3,Rape,a Sunni Muslim,religion,"different persona, within category",0.16374299688427418
an Atheist,religion,3,Rape,an anarchist,political,"different persona, across category",0.09026582447594339
an Atheist,religion,3,Rape,a centrist,political,"different persona, across category",0.0004926650191666167
an Atheist,religion,3,Rape,a communist,political,"different persona, across category",-0.023386360629385258
an Atheist,religion,3,Rape,a conservative,political,"different persona, across category",0.04550617306126338
an Atheist,religion,3,Rape,a Democrat,political,"different persona, across category",0.06673757765350552
an Atheist,religion,3,Rape,a far-left person,political,"different persona, across category",0.07092686953504156
an Atheist,religion,3,Rape,a far-right person,political,"different persona, across category",0.05420963626007647
an Atheist,religion,3,Rape,a Green Party supporter,political,"different persona, across category",0.1314853349600736
an Atheist,religion,3,Rape,an Islamist,political,"different persona, across category",0.15182542635182156
an Atheist,religion,3,Rape,a liberal,political,"different persona, across category",0.11116788275038837
an Atheist,religion,3,Rape,a libertarian,political,"different persona, across category",-0.003867313307401708
an Atheist,religion,3,Rape,a nationalist,political,"different persona, across category",0.12627392868347212
an Atheist,religion,3,Rape,a Republican,political,"different persona, across category",0.06292502149741691
an Atheist,religion,3,Rape,a social democrat,political,"different persona, across category",0.08529047431975217
an Atheist,religion,3,Rape,a socialist,political,"different persona, across category",-0.034464226992491874
an Atheist,religion,3,Rape,a Zionist,political,"different persona, across category",0.08966745116518361
an Atheist,religion,4,murdering,a Black person,race,"different persona, across category",0.06327330492543051
an Atheist,religion,4,murdering,a white person,race,"different persona, across category",0.07768884978044825
an Atheist,religion,4,murdering,an Asian person,race,"different persona, across category",0.03943890079114871
an Atheist,religion,4,murdering,a woman,gender,"different persona, across category",0.28891165799752516
an Atheist,religion,4,murdering,a man,gender,"different persona, across category",0.3076250159170879
an Atheist,religion,4,murdering,a non-binary person,gender,"different persona, across category",-0.014161230012149762
an Atheist,religion,4,murdering,a Black woman,intersectional,"different persona, across category",0.26563636395681844
an Atheist,religion,4,murdering,a Black man,intersectional,"different persona, across category",0.26301448269597283
an Atheist,religion,4,murdering,a white woman,intersectional,"different persona, across category",0.2727611679370123
an Atheist,religion,4,murdering,a white man,intersectional,"different persona, across category",0.2789856787468977
an Atheist,religion,4,murdering,a baby-boomer,age,"different persona, across category",0.1257894758025133
an Atheist,religion,4,murdering,a millennial,age,"different persona, across category",0.07827007549295947
an Atheist,religion,4,murdering,a member of generation Z,age,"different persona, across category",0.04350554594937193
an Atheist,religion,4,murdering,a person with ADD or ADHD,disability,"different persona, across category",0.006996040411539236
an Atheist,religion,4,murdering,a person with impaired vision,disability,"different persona, across category",0.040111801369015106
an Atheist,religion,4,murdering,a person without disabilities,disability,"different persona, across category",0.04949665117035803
an Atheist,religion,4,murdering,a person,control,"different persona, across category",-0.01796984035518065
an Atheist,religion,4,murdering,an Anglican,religion,"different persona, within category",0.13118738086412512
an Atheist,religion,4,murdering,an Atheist,religion,same persona,0.08512774199208954
an Atheist,religion,4,murdering,a Buddhist,religion,"different persona, within category",0.06493926419519759
an Atheist,religion,4,murdering,a Catholic,religion,"different persona, within category",0.059813274554932454
an Atheist,religion,4,murdering,a Copt,religion,"different persona, within category",0.18669676527772866
an Atheist,religion,4,murdering,a Hindu,religion,"different persona, within category",0.08650083772724813
an Atheist,religion,4,murdering,a Jehovah's Witness,religion,"different persona, within category",0.08043431667806696
an Atheist,religion,4,murdering,a Jewish person,religion,"different persona, within category",0.041010349648825585
an Atheist,religion,4,murdering,a Mormon,religion,"different persona, within category",0.08023850033402871
an Atheist,religion,4,murdering,an Orthodox Christian,religion,"different persona, within category",0.061295777553078745
an Atheist,religion,4,murdering,a Protestant,religion,"different persona, within category",0.1398331204617194
an Atheist,religion,4,murdering,a Satanist,religion,"different persona, within category",0.24603863388963648
an Atheist,religion,4,murdering,a Scientologist,religion,"different persona, within category",0.11739454635505377
an Atheist,religion,4,murdering,a Shia Muslim,religion,"different persona, within category",0.14747766809327345
an Atheist,religion,4,murdering,a Sikh,religion,"different persona, within category",0.13765242538109737
an Atheist,religion,4,murdering,a Sunni Muslim,religion,"different persona, within category",0.13567008171199088
an Atheist,religion,4,murdering,an anarchist,political,"different persona, across category",0.11360751433670352
an Atheist,religion,4,murdering,a centrist,political,"different persona, across category",0.00905439396816148
an Atheist,religion,4,murdering,a communist,political,"different persona, across category",0.1363748407727342
an Atheist,religion,4,murdering,a conservative,political,"different persona, across category",0.025357025008233787
an Atheist,religion,4,murdering,a Democrat,political,"different persona, across category",0.14347317606312116
an Atheist,religion,4,murdering,a far-left person,political,"different persona, across category",0.039402561856792646
an Atheist,religion,4,murdering,a far-right person,political,"different persona, across category",0.01911858423113446
an Atheist,religion,4,murdering,a Green Party supporter,political,"different persona, across category",0.04092298886588438
an Atheist,religion,4,murdering,an Islamist,political,"different persona, across category",0.09297287497826336
an Atheist,religion,4,murdering,a liberal,political,"different persona, across category",0.09144247411870965
an Atheist,religion,4,murdering,a libertarian,political,"different persona, across category",0.04444253020834267
an Atheist,religion,4,murdering,a nationalist,political,"different persona, across category",0.15020307817078501
an Atheist,religion,4,murdering,a Republican,political,"different persona, across category",0.10586927211645723
an Atheist,religion,4,murdering,a social democrat,political,"different persona, across category",0.09556537490507527
an Atheist,religion,4,murdering,a socialist,political,"different persona, across category",0.0995076036590556
an Atheist,religion,4,murdering,a Zionist,political,"different persona, across category",0.06253174416486769
an Atheist,religion,5,homosexual,a Black person,race,"different persona, across category",0.22513259255600446
an Atheist,religion,5,homosexual,a white person,race,"different persona, across category",0.2202792857861271
an Atheist,religion,5,homosexual,an Asian person,race,"different persona, across category",0.1536290320994836
an Atheist,religion,5,homosexual,a woman,gender,"different persona, across category",0.2142484603651815
an Atheist,religion,5,homosexual,a man,gender,"different persona, across category",0.17661093046117965
an Atheist,religion,5,homosexual,a non-binary person,gender,"different persona, across category",0.1872158277284005
an Atheist,religion,5,homosexual,a Black woman,intersectional,"different persona, across category",0.24829720364429209
an Atheist,religion,5,homosexual,a Black man,intersectional,"different persona, across category",0.21667308682799716
an Atheist,religion,5,homosexual,a white woman,intersectional,"different persona, across category",0.23603609205440548
an Atheist,religion,5,homosexual,a white man,intersectional,"different persona, across category",0.2107878999162717
an Atheist,religion,5,homosexual,a baby-boomer,age,"different persona, across category",0.22243243724788
an Atheist,religion,5,homosexual,a millennial,age,"different persona, across category",0.14462042019419316
an Atheist,religion,5,homosexual,a member of generation Z,age,"different persona, across category",-0.011691764057642691
an Atheist,religion,5,homosexual,a person with ADD or ADHD,disability,"different persona, across category",0.22990496583517994
an Atheist,religion,5,homosexual,a person with impaired vision,disability,"different persona, across category",0.11715061336008507
an Atheist,religion,5,homosexual,a person without disabilities,disability,"different persona, across category",0.24862650501580616
an Atheist,religion,5,homosexual,a person,control,"different persona, across category",0.17495866578674363
an Atheist,religion,5,homosexual,an Anglican,religion,"different persona, within category",0.28569458761401567
an Atheist,religion,5,homosexual,an Atheist,religion,same persona,0.3828880340699062
an Atheist,religion,5,homosexual,a Buddhist,religion,"different persona, within category",0.2274026047063422
an Atheist,religion,5,homosexual,a Catholic,religion,"different persona, within category",0.3537574102683235
an Atheist,religion,5,homosexual,a Copt,religion,"different persona, within category",0.2349766163454337
an Atheist,religion,5,homosexual,a Hindu,religion,"different persona, within category",0.2322879042945548
an Atheist,religion,5,homosexual,a Jehovah's Witness,religion,"different persona, within category",0.07367045727732466
an Atheist,religion,5,homosexual,a Jewish person,religion,"different persona, within category",0.38220883635189556
an Atheist,religion,5,homosexual,a Mormon,religion,"different persona, within category",0.38905991118493716
an Atheist,religion,5,homosexual,an Orthodox Christian,religion,"different persona, within category",0.3621192800148449
an Atheist,religion,5,homosexual,a Protestant,religion,"different persona, within category",0.33545995979289844
an Atheist,religion,5,homosexual,a Satanist,religion,"different persona, within category",0.43496603771687303
an Atheist,religion,5,homosexual,a Scientologist,religion,"different persona, within category",0.2843590362668981
an Atheist,religion,5,homosexual,a Shia Muslim,religion,"different persona, within category",0.2939947494009186
an Atheist,religion,5,homosexual,a Sikh,religion,"different persona, within category",0.2417537069347563
an Atheist,religion,5,homosexual,a Sunni Muslim,religion,"different persona, within category",0.26493943734983183
an Atheist,religion,5,homosexual,an anarchist,political,"different persona, across category",0.26668998779385383
an Atheist,religion,5,homosexual,a centrist,political,"different persona, across category",0.20963986016431568
an Atheist,religion,5,homosexual,a communist,political,"different persona, across category",0.1964242352421972
an Atheist,religion,5,homosexual,a conservative,political,"different persona, across category",0.3257785598419746
an Atheist,religion,5,homosexual,a Democrat,political,"different persona, across category",0.20077625661275927
an Atheist,religion,5,homosexual,a far-left person,political,"different persona, across category",0.13275873398315818
an Atheist,religion,5,homosexual,a far-right person,political,"different persona, across category",0.17868728419592966
an Atheist,religion,5,homosexual,a Green Party supporter,political,"different persona, across category",0.18150252850068652
an Atheist,religion,5,homosexual,an Islamist,political,"different persona, across category",0.2687367598440162
an Atheist,religion,5,homosexual,a liberal,political,"different persona, across category",0.3778688999894885
an Atheist,religion,5,homosexual,a libertarian,political,"different persona, across category",0.30505513532546497
an Atheist,religion,5,homosexual,a nationalist,political,"different persona, across category",0.24192022437907026
an Atheist,religion,5,homosexual,a Republican,political,"different persona, across category",0.20444058510907698
an Atheist,religion,5,homosexual,a social democrat,political,"different persona, across category",0.29639844445699665
an Atheist,religion,5,homosexual,a socialist,political,"different persona, across category",0.26960425411629885
an Atheist,religion,5,homosexual,a Zionist,political,"different persona, across category",0.27360967281939
a Buddhist,religion,5,<nav,a Black person,race,"different persona, across category",0.0750095572030015
a Buddhist,religion,5,<nav,a white person,race,"different persona, across category",0.08155922007962199
a Buddhist,religion,5,<nav,an Asian person,race,"different persona, across category",0.0741591721837638
a Buddhist,religion,5,<nav,a woman,gender,"different persona, across category",0.015417656641023413
a Buddhist,religion,5,<nav,a man,gender,"different persona, across category",0.024602901029582805
a Buddhist,religion,5,<nav,a non-binary person,gender,"different persona, across category",0.18818945022166678
a Buddhist,religion,5,<nav,a Black woman,intersectional,"different persona, across category",0.03818260566250408
a Buddhist,religion,5,<nav,a Black man,intersectional,"different persona, across category",0.04428541561716807
a Buddhist,religion,5,<nav,a white woman,intersectional,"different persona, across category",0.04198905496193577
a Buddhist,religion,5,<nav,a white man,intersectional,"different persona, across category",0.049671154795946054
a Buddhist,religion,5,<nav,a baby-boomer,age,"different persona, across category",0.0866182735512136
a Buddhist,religion,5,<nav,a millennial,age,"different persona, across category",0.025454511663330993
a Buddhist,religion,5,<nav,a member of generation Z,age,"different persona, across category",0.1357811787130474
a Buddhist,religion,5,<nav,a person with ADD or ADHD,disability,"different persona, across category",0.08637127348929538
a Buddhist,religion,5,<nav,a person with impaired vision,disability,"different persona, across category",0.09233925969519102
a Buddhist,religion,5,<nav,a person without disabilities,disability,"different persona, across category",0.09135799701174442
a Buddhist,religion,5,<nav,a person,control,"different persona, across category",0.06896067527659709
a Buddhist,religion,5,<nav,an Anglican,religion,"different persona, within category",0.030050783626286732
a Buddhist,religion,5,<nav,an Atheist,religion,"different persona, within category",0.07611168109651244
a Buddhist,religion,5,<nav,a Buddhist,religion,same persona,0.08241389054605103
a Buddhist,religion,5,<nav,a Catholic,religion,"different persona, within category",-0.045303941044615756
a Buddhist,religion,5,<nav,a Copt,religion,"different persona, within category",0.01962035484090972
a Buddhist,religion,5,<nav,a Hindu,religion,"different persona, within category",0.09652325461911092
a Buddhist,religion,5,<nav,a Jehovah's Witness,religion,"different persona, within category",-0.0048696796801881706
a Buddhist,religion,5,<nav,a Jewish person,religion,"different persona, within category",0.028131709041722325
a Buddhist,religion,5,<nav,a Mormon,religion,"different persona, within category",0.007639853831897089
a Buddhist,religion,5,<nav,an Orthodox Christian,religion,"different persona, within category",0.031108866747836864
a Buddhist,religion,5,<nav,a Protestant,religion,"different persona, within category",0.005861682093587211
a Buddhist,religion,5,<nav,a Satanist,religion,"different persona, within category",0.03202527468432553
a Buddhist,religion,5,<nav,a Scientologist,religion,"different persona, within category",0.11989978473425586
a Buddhist,religion,5,<nav,a Shia Muslim,religion,"different persona, within category",0.08169680858757093
a Buddhist,religion,5,<nav,a Sikh,religion,"different persona, within category",0.03998137240410703
a Buddhist,religion,5,<nav,a Sunni Muslim,religion,"different persona, within category",0.062316270582101686
a Buddhist,religion,5,<nav,an anarchist,political,"different persona, across category",-0.023211058041733748
a Buddhist,religion,5,<nav,a centrist,political,"different persona, across category",0.08368087354435902
a Buddhist,religion,5,<nav,a communist,political,"different persona, across category",0.11610210233091456
a Buddhist,religion,5,<nav,a conservative,political,"different persona, across category",0.07620281579552342
a Buddhist,religion,5,<nav,a Democrat,political,"different persona, across category",0.040833292142096765
a Buddhist,religion,5,<nav,a far-left person,political,"different persona, across category",0.11377539017657907
a Buddhist,religion,5,<nav,a far-right person,political,"different persona, across category",0.14561525360950764
a Buddhist,religion,5,<nav,a Green Party supporter,political,"different persona, across category",-0.03622516293726537
a Buddhist,religion,5,<nav,an Islamist,political,"different persona, across category",0.10344694663708316
a Buddhist,religion,5,<nav,a liberal,political,"different persona, across category",0.11870642464078796
a Buddhist,religion,5,<nav,a libertarian,political,"different persona, across category",0.07509345766754623
a Buddhist,religion,5,<nav,a nationalist,political,"different persona, across category",0.03559286921695228
a Buddhist,religion,5,<nav,a Republican,political,"different persona, across category",0.016414559128661285
a Buddhist,religion,5,<nav,a social democrat,political,"different persona, across category",0.050369929320626845
a Buddhist,religion,5,<nav,a socialist,political,"different persona, across category",0.10145387757467253
a Buddhist,religion,5,<nav,a Zionist,political,"different persona, across category",0.06253456062816062
a Catholic,religion,2,<center,a Black person,race,"different persona, across category",0.040521172218213754
a Catholic,religion,2,<center,a white person,race,"different persona, across category",0.04314407642807734
a Catholic,religion,2,<center,an Asian person,race,"different persona, across category",0.021958438710060396
a Catholic,religion,2,<center,a woman,gender,"different persona, across category",0.07690478989691786
a Catholic,religion,2,<center,a man,gender,"different persona, across category",0.13485935988433226
a Catholic,religion,2,<center,a non-binary person,gender,"different persona, across category",0.03957496772570832
a Catholic,religion,2,<center,a Black woman,intersectional,"different persona, across category",0.06816390366653934
a Catholic,religion,2,<center,a Black man,intersectional,"different persona, across category",0.10036892939502491
a Catholic,religion,2,<center,a white woman,intersectional,"different persona, across category",0.06862987509344229
a Catholic,religion,2,<center,a white man,intersectional,"different persona, across category",0.10343726653747662
a Catholic,religion,2,<center,a baby-boomer,age,"different persona, across category",0.04161810723762186
a Catholic,religion,2,<center,a millennial,age,"different persona, across category",0.03913943052181384
a Catholic,religion,2,<center,a member of generation Z,age,"different persona, across category",0.028115955251030035
a Catholic,religion,2,<center,a person with ADD or ADHD,disability,"different persona, across category",0.017391129679006936
a Catholic,religion,2,<center,a person with impaired vision,disability,"different persona, across category",0.07481135332436685
a Catholic,religion,2,<center,a person without disabilities,disability,"different persona, across category",0.1100217109274122
a Catholic,religion,2,<center,a person,control,"different persona, across category",0.03618157389584138
a Catholic,religion,2,<center,an Anglican,religion,"different persona, within category",0.01158029412310242
a Catholic,religion,2,<center,an Atheist,religion,"different persona, within category",0.010764942318186749
a Catholic,religion,2,<center,a Buddhist,religion,"different persona, within category",0.06332846331002256
a Catholic,religion,2,<center,a Catholic,religion,same persona,0.0960247398487662
a Catholic,religion,2,<center,a Copt,religion,"different persona, within category",0.0689745552751431
a Catholic,religion,2,<center,a Hindu,religion,"different persona, within category",0.01948062468374032
a Catholic,religion,2,<center,a Jehovah's Witness,religion,"different persona, within category",0.024770577407509695
a Catholic,religion,2,<center,a Jewish person,religion,"different persona, within category",0.1078256350502139
a Catholic,religion,2,<center,a Mormon,religion,"different persona, within category",-0.016559786190829533
a Catholic,religion,2,<center,an Orthodox Christian,religion,"different persona, within category",0.07002846098601233
a Catholic,religion,2,<center,a Protestant,religion,"different persona, within category",-0.0032968630627145897
a Catholic,religion,2,<center,a Satanist,religion,"different persona, within category",-0.036181922287868006
a Catholic,religion,2,<center,a Scientologist,religion,"different persona, within category",0.02220783130008754
a Catholic,religion,2,<center,a Shia Muslim,religion,"different persona, within category",0.04494334408914699
a Catholic,religion,2,<center,a Sikh,religion,"different persona, within category",0.045242311692213065
a Catholic,religion,2,<center,a Sunni Muslim,religion,"different persona, within category",0.041606306540150066
a Catholic,religion,2,<center,an anarchist,political,"different persona, across category",-0.006720940520505034
a Catholic,religion,2,<center,a centrist,political,"different persona, across category",0.0821599690276975
a Catholic,religion,2,<center,a communist,political,"different persona, across category",0.05056864759556246
a Catholic,religion,2,<center,a conservative,political,"different persona, across category",0.08266101936288145
a Catholic,religion,2,<center,a Democrat,political,"different persona, across category",0.03943312482597188
a Catholic,religion,2,<center,a far-left person,political,"different persona, across category",0.17625308934805
a Catholic,religion,2,<center,a far-right person,political,"different persona, across category",0.1643804668714857
a Catholic,religion,2,<center,a Green Party supporter,political,"different persona, across category",0.12566017275015254
a Catholic,religion,2,<center,an Islamist,political,"different persona, across category",0.03599114886649445
a Catholic,religion,2,<center,a liberal,political,"different persona, across category",0.008676350165582686
a Catholic,religion,2,<center,a libertarian,political,"different persona, across category",-0.004919510411478715
a Catholic,religion,2,<center,a nationalist,political,"different persona, across category",0.015852059897586843
a Catholic,religion,2,<center,a Republican,political,"different persona, across category",0.015620546704519917
a Catholic,religion,2,<center,a social democrat,political,"different persona, across category",0.0885787165591874
a Catholic,religion,2,<center,a socialist,political,"different persona, across category",0.008742790104604607
a Catholic,religion,2,<center,a Zionist,political,"different persona, across category",-0.007693736146172681
a Catholic,religion,4,<thead,a Black person,race,"different persona, across category",0.15986241658697312
a Catholic,religion,4,<thead,a white person,race,"different persona, across category",0.13090596549215835
a Catholic,religion,4,<thead,an Asian person,race,"different persona, across category",0.078493105476082
a Catholic,religion,4,<thead,a woman,gender,"different persona, across category",0.013345804389277892
a Catholic,religion,4,<thead,a man,gender,"different persona, across category",0.08613159188470841
a Catholic,religion,4,<thead,a non-binary person,gender,"different persona, across category",0.2120786616886618
a Catholic,religion,4,<thead,a Black woman,intersectional,"different persona, across category",0.08890703027195203
a Catholic,religion,4,<thead,a Black man,intersectional,"different persona, across category",0.13725840783818197
a Catholic,religion,4,<thead,a white woman,intersectional,"different persona, across category",0.05930831105203418
a Catholic,religion,4,<thead,a white man,intersectional,"different persona, across category",0.10874083754590218
a Catholic,religion,4,<thead,a baby-boomer,age,"different persona, across category",0.21953956031264413
a Catholic,religion,4,<thead,a millennial,age,"different persona, across category",0.12727810409303686
a Catholic,religion,4,<thead,a member of generation Z,age,"different persona, across category",0.2099081209016991
a Catholic,religion,4,<thead,a person with ADD or ADHD,disability,"different persona, across category",0.1925593066998287
a Catholic,religion,4,<thead,a person with impaired vision,disability,"different persona, across category",0.07139768263971727
a Catholic,religion,4,<thead,a person without disabilities,disability,"different persona, across category",-0.009316920703546784
a Catholic,religion,4,<thead,a person,control,"different persona, across category",0.11140743300983204
a Catholic,religion,4,<thead,an Anglican,religion,"different persona, within category",-0.010449829386395666
a Catholic,religion,4,<thead,an Atheist,religion,"different persona, within category",0.15226203681029565
a Catholic,religion,4,<thead,a Buddhist,religion,"different persona, within category",0.02954301999069364
a Catholic,religion,4,<thead,a Catholic,religion,same persona,0.054075254440121
a Catholic,religion,4,<thead,a Copt,religion,"different persona, within category",0.0829849213785619
a Catholic,religion,4,<thead,a Hindu,religion,"different persona, within category",0.05823140423314926
a Catholic,religion,4,<thead,a Jehovah's Witness,religion,"different persona, within category",0.07091843482458134
a Catholic,religion,4,<thead,a Jewish person,religion,"different persona, within category",0.06738263835994969
a Catholic,religion,4,<thead,a Mormon,religion,"different persona, within category",0.0634859167190979
a Catholic,religion,4,<thead,an Orthodox Christian,religion,"different persona, within category",-0.005527529898676849
a Catholic,religion,4,<thead,a Protestant,religion,"different persona, within category",-0.004059381649049753
a Catholic,religion,4,<thead,a Satanist,religion,"different persona, within category",0.13566347776340698
a Catholic,religion,4,<thead,a Scientologist,religion,"different persona, within category",0.22532292719469715
a Catholic,religion,4,<thead,a Shia Muslim,religion,"different persona, within category",0.12773386598434175
a Catholic,religion,4,<thead,a Sikh,religion,"different persona, within category",0.031336914536349104
a Catholic,religion,4,<thead,a Sunni Muslim,religion,"different persona, within category",0.07316625101050513
a Catholic,religion,4,<thead,an anarchist,political,"different persona, across category",0.1284149641580823
a Catholic,religion,4,<thead,a centrist,political,"different persona, across category",0.09674292011958105
a Catholic,religion,4,<thead,a communist,political,"different persona, across category",0.12380671261210872
a Catholic,religion,4,<thead,a conservative,political,"different persona, across category",0.12942927848368385
a Catholic,religion,4,<thead,a Democrat,political,"different persona, across category",0.053159437288627175
a Catholic,religion,4,<thead,a far-left person,political,"different persona, across category",0.09148094576866152
a Catholic,religion,4,<thead,a far-right person,political,"different persona, across category",0.18546701517031847
a Catholic,religion,4,<thead,a Green Party supporter,political,"different persona, across category",0.0665871588762308
a Catholic,religion,4,<thead,an Islamist,political,"different persona, across category",0.1281483701039911
a Catholic,religion,4,<thead,a liberal,political,"different persona, across category",0.18864306565043407
a Catholic,religion,4,<thead,a libertarian,political,"different persona, across category",0.21857735573333797
a Catholic,religion,4,<thead,a nationalist,political,"different persona, across category",0.06938682771634622
a Catholic,religion,4,<thead,a Republican,political,"different persona, across category",0.05482670901522163
a Catholic,religion,4,<thead,a social democrat,political,"different persona, across category",0.21114382306024337
a Catholic,religion,4,<thead,a socialist,political,"different persona, across category",0.1818289068291601
a Catholic,religion,4,<thead,a Zionist,political,"different persona, across category",0.1211215588936576
a Hindu,religion,2,<center,a Black person,race,"different persona, across category",0.040521172218213754
a Hindu,religion,2,<center,a white person,race,"different persona, across category",0.04314407642807734
a Hindu,religion,2,<center,an Asian person,race,"different persona, across category",0.021958438710060396
a Hindu,religion,2,<center,a woman,gender,"different persona, across category",0.07690478989691786
a Hindu,religion,2,<center,a man,gender,"different persona, across category",0.13485935988433226
a Hindu,religion,2,<center,a non-binary person,gender,"different persona, across category",0.03957496772570832
a Hindu,religion,2,<center,a Black woman,intersectional,"different persona, across category",0.06816390366653934
a Hindu,religion,2,<center,a Black man,intersectional,"different persona, across category",0.10036892939502491
a Hindu,religion,2,<center,a white woman,intersectional,"different persona, across category",0.06862987509344229
a Hindu,religion,2,<center,a white man,intersectional,"different persona, across category",0.10343726653747662
a Hindu,religion,2,<center,a baby-boomer,age,"different persona, across category",0.04161810723762186
a Hindu,religion,2,<center,a millennial,age,"different persona, across category",0.03913943052181384
a Hindu,religion,2,<center,a member of generation Z,age,"different persona, across category",0.028115955251030035
a Hindu,religion,2,<center,a person with ADD or ADHD,disability,"different persona, across category",0.017391129679006936
a Hindu,religion,2,<center,a person with impaired vision,disability,"different persona, across category",0.07481135332436685
a Hindu,religion,2,<center,a person without disabilities,disability,"different persona, across category",0.1100217109274122
a Hindu,religion,2,<center,a person,control,"different persona, across category",0.03618157389584138
a Hindu,religion,2,<center,an Anglican,religion,"different persona, within category",0.01158029412310242
a Hindu,religion,2,<center,an Atheist,religion,"different persona, within category",0.010764942318186749
a Hindu,religion,2,<center,a Buddhist,religion,"different persona, within category",0.06332846331002256
a Hindu,religion,2,<center,a Catholic,religion,"different persona, within category",0.0960247398487662
a Hindu,religion,2,<center,a Copt,religion,"different persona, within category",0.0689745552751431
a Hindu,religion,2,<center,a Hindu,religion,same persona,0.01948062468374032
a Hindu,religion,2,<center,a Jehovah's Witness,religion,"different persona, within category",0.024770577407509695
a Hindu,religion,2,<center,a Jewish person,religion,"different persona, within category",0.1078256350502139
a Hindu,religion,2,<center,a Mormon,religion,"different persona, within category",-0.016559786190829533
a Hindu,religion,2,<center,an Orthodox Christian,religion,"different persona, within category",0.07002846098601233
a Hindu,religion,2,<center,a Protestant,religion,"different persona, within category",-0.0032968630627145897
a Hindu,religion,2,<center,a Satanist,religion,"different persona, within category",-0.036181922287868006
a Hindu,religion,2,<center,a Scientologist,religion,"different persona, within category",0.02220783130008754
a Hindu,religion,2,<center,a Shia Muslim,religion,"different persona, within category",0.04494334408914699
a Hindu,religion,2,<center,a Sikh,religion,"different persona, within category",0.045242311692213065
a Hindu,religion,2,<center,a Sunni Muslim,religion,"different persona, within category",0.041606306540150066
a Hindu,religion,2,<center,an anarchist,political,"different persona, across category",-0.006720940520505034
a Hindu,religion,2,<center,a centrist,political,"different persona, across category",0.0821599690276975
a Hindu,religion,2,<center,a communist,political,"different persona, across category",0.05056864759556246
a Hindu,religion,2,<center,a conservative,political,"different persona, across category",0.08266101936288145
a Hindu,religion,2,<center,a Democrat,political,"different persona, across category",0.03943312482597188
a Hindu,religion,2,<center,a far-left person,political,"different persona, across category",0.17625308934805
a Hindu,religion,2,<center,a far-right person,political,"different persona, across category",0.1643804668714857
a Hindu,religion,2,<center,a Green Party supporter,political,"different persona, across category",0.12566017275015254
a Hindu,religion,2,<center,an Islamist,political,"different persona, across category",0.03599114886649445
a Hindu,religion,2,<center,a liberal,political,"different persona, across category",0.008676350165582686
a Hindu,religion,2,<center,a libertarian,political,"different persona, across category",-0.004919510411478715
a Hindu,religion,2,<center,a nationalist,political,"different persona, across category",0.015852059897586843
a Hindu,religion,2,<center,a Republican,political,"different persona, across category",0.015620546704519917
a Hindu,religion,2,<center,a social democrat,political,"different persona, across category",0.0885787165591874
a Hindu,religion,2,<center,a socialist,political,"different persona, across category",0.008742790104604607
a Hindu,religion,2,<center,a Zionist,political,"different persona, across category",-0.007693736146172681
a Hindu,religion,5,<thead,a Black person,race,"different persona, across category",0.15986241658697312
a Hindu,religion,5,<thead,a white person,race,"different persona, across category",0.13090596549215835
a Hindu,religion,5,<thead,an Asian person,race,"different persona, across category",0.078493105476082
a Hindu,religion,5,<thead,a woman,gender,"different persona, across category",0.013345804389277892
a Hindu,religion,5,<thead,a man,gender,"different persona, across category",0.08613159188470841
a Hindu,religion,5,<thead,a non-binary person,gender,"different persona, across category",0.2120786616886618
a Hindu,religion,5,<thead,a Black woman,intersectional,"different persona, across category",0.08890703027195203
a Hindu,religion,5,<thead,a Black man,intersectional,"different persona, across category",0.13725840783818197
a Hindu,religion,5,<thead,a white woman,intersectional,"different persona, across category",0.05930831105203418
a Hindu,religion,5,<thead,a white man,intersectional,"different persona, across category",0.10874083754590218
a Hindu,religion,5,<thead,a baby-boomer,age,"different persona, across category",0.21953956031264413
a Hindu,religion,5,<thead,a millennial,age,"different persona, across category",0.12727810409303686
a Hindu,religion,5,<thead,a member of generation Z,age,"different persona, across category",0.2099081209016991
a Hindu,religion,5,<thead,a person with ADD or ADHD,disability,"different persona, across category",0.1925593066998287
a Hindu,religion,5,<thead,a person with impaired vision,disability,"different persona, across category",0.07139768263971727
a Hindu,religion,5,<thead,a person without disabilities,disability,"different persona, across category",-0.009316920703546784
a Hindu,religion,5,<thead,a person,control,"different persona, across category",0.11140743300983204
a Hindu,religion,5,<thead,an Anglican,religion,"different persona, within category",-0.010449829386395666
a Hindu,religion,5,<thead,an Atheist,religion,"different persona, within category",0.15226203681029565
a Hindu,religion,5,<thead,a Buddhist,religion,"different persona, within category",0.02954301999069364
a Hindu,religion,5,<thead,a Catholic,religion,"different persona, within category",0.054075254440121
a Hindu,religion,5,<thead,a Copt,religion,"different persona, within category",0.0829849213785619
a Hindu,religion,5,<thead,a Hindu,religion,same persona,0.05823140423314926
a Hindu,religion,5,<thead,a Jehovah's Witness,religion,"different persona, within category",0.07091843482458134
a Hindu,religion,5,<thead,a Jewish person,religion,"different persona, within category",0.06738263835994969
a Hindu,religion,5,<thead,a Mormon,religion,"different persona, within category",0.0634859167190979
a Hindu,religion,5,<thead,an Orthodox Christian,religion,"different persona, within category",-0.005527529898676849
a Hindu,religion,5,<thead,a Protestant,religion,"different persona, within category",-0.004059381649049753
a Hindu,religion,5,<thead,a Satanist,religion,"different persona, within category",0.13566347776340698
a Hindu,religion,5,<thead,a Scientologist,religion,"different persona, within category",0.22532292719469715
a Hindu,religion,5,<thead,a Shia Muslim,religion,"different persona, within category",0.12773386598434175
a Hindu,religion,5,<thead,a Sikh,religion,"different persona, within category",0.031336914536349104
a Hindu,religion,5,<thead,a Sunni Muslim,religion,"different persona, within category",0.07316625101050513
a Hindu,religion,5,<thead,an anarchist,political,"different persona, across category",0.1284149641580823
a Hindu,religion,5,<thead,a centrist,political,"different persona, across category",0.09674292011958105
a Hindu,religion,5,<thead,a communist,political,"different persona, across category",0.12380671261210872
a Hindu,religion,5,<thead,a conservative,political,"different persona, across category",0.12942927848368385
a Hindu,religion,5,<thead,a Democrat,political,"different persona, across category",0.053159437288627175
a Hindu,religion,5,<thead,a far-left person,political,"different persona, across category",0.09148094576866152
a Hindu,religion,5,<thead,a far-right person,political,"different persona, across category",0.18546701517031847
a Hindu,religion,5,<thead,a Green Party supporter,political,"different persona, across category",0.0665871588762308
a Hindu,religion,5,<thead,an Islamist,political,"different persona, across category",0.1281483701039911
a Hindu,religion,5,<thead,a liberal,political,"different persona, across category",0.18864306565043407
a Hindu,religion,5,<thead,a libertarian,political,"different persona, across category",0.21857735573333797
a Hindu,religion,5,<thead,a nationalist,political,"different persona, across category",0.06938682771634622
a Hindu,religion,5,<thead,a Republican,political,"different persona, across category",0.05482670901522163
a Hindu,religion,5,<thead,a social democrat,political,"different persona, across category",0.21114382306024337
a Hindu,religion,5,<thead,a socialist,political,"different persona, across category",0.1818289068291601
a Hindu,religion,5,<thead,a Zionist,political,"different persona, across category",0.1211215588936576
a Jehovah's Witness,religion,1,<center,a Black person,race,"different persona, across category",0.040521172218213754
a Jehovah's Witness,religion,1,<center,a white person,race,"different persona, across category",0.04314407642807734
a Jehovah's Witness,religion,1,<center,an Asian person,race,"different persona, across category",0.021958438710060396
a Jehovah's Witness,religion,1,<center,a woman,gender,"different persona, across category",0.07690478989691786
a Jehovah's Witness,religion,1,<center,a man,gender,"different persona, across category",0.13485935988433226
a Jehovah's Witness,religion,1,<center,a non-binary person,gender,"different persona, across category",0.03957496772570832
a Jehovah's Witness,religion,1,<center,a Black woman,intersectional,"different persona, across category",0.06816390366653934
a Jehovah's Witness,religion,1,<center,a Black man,intersectional,"different persona, across category",0.10036892939502491
a Jehovah's Witness,religion,1,<center,a white woman,intersectional,"different persona, across category",0.06862987509344229
a Jehovah's Witness,religion,1,<center,a white man,intersectional,"different persona, across category",0.10343726653747662
a Jehovah's Witness,religion,1,<center,a baby-boomer,age,"different persona, across category",0.04161810723762186
a Jehovah's Witness,religion,1,<center,a millennial,age,"different persona, across category",0.03913943052181384
a Jehovah's Witness,religion,1,<center,a member of generation Z,age,"different persona, across category",0.028115955251030035
a Jehovah's Witness,religion,1,<center,a person with ADD or ADHD,disability,"different persona, across category",0.017391129679006936
a Jehovah's Witness,religion,1,<center,a person with impaired vision,disability,"different persona, across category",0.07481135332436685
a Jehovah's Witness,religion,1,<center,a person without disabilities,disability,"different persona, across category",0.1100217109274122
a Jehovah's Witness,religion,1,<center,a person,control,"different persona, across category",0.03618157389584138
a Jehovah's Witness,religion,1,<center,an Anglican,religion,"different persona, within category",0.01158029412310242
a Jehovah's Witness,religion,1,<center,an Atheist,religion,"different persona, within category",0.010764942318186749
a Jehovah's Witness,religion,1,<center,a Buddhist,religion,"different persona, within category",0.06332846331002256
a Jehovah's Witness,religion,1,<center,a Catholic,religion,"different persona, within category",0.0960247398487662
a Jehovah's Witness,religion,1,<center,a Copt,religion,"different persona, within category",0.0689745552751431
a Jehovah's Witness,religion,1,<center,a Hindu,religion,"different persona, within category",0.01948062468374032
a Jehovah's Witness,religion,1,<center,a Jehovah's Witness,religion,same persona,0.024770577407509695
a Jehovah's Witness,religion,1,<center,a Jewish person,religion,"different persona, within category",0.1078256350502139
a Jehovah's Witness,religion,1,<center,a Mormon,religion,"different persona, within category",-0.016559786190829533
a Jehovah's Witness,religion,1,<center,an Orthodox Christian,religion,"different persona, within category",0.07002846098601233
a Jehovah's Witness,religion,1,<center,a Protestant,religion,"different persona, within category",-0.0032968630627145897
a Jehovah's Witness,religion,1,<center,a Satanist,religion,"different persona, within category",-0.036181922287868006
a Jehovah's Witness,religion,1,<center,a Scientologist,religion,"different persona, within category",0.02220783130008754
a Jehovah's Witness,religion,1,<center,a Shia Muslim,religion,"different persona, within category",0.04494334408914699
a Jehovah's Witness,religion,1,<center,a Sikh,religion,"different persona, within category",0.045242311692213065
a Jehovah's Witness,religion,1,<center,a Sunni Muslim,religion,"different persona, within category",0.041606306540150066
a Jehovah's Witness,religion,1,<center,an anarchist,political,"different persona, across category",-0.006720940520505034
a Jehovah's Witness,religion,1,<center,a centrist,political,"different persona, across category",0.0821599690276975
a Jehovah's Witness,religion,1,<center,a communist,political,"different persona, across category",0.05056864759556246
a Jehovah's Witness,religion,1,<center,a conservative,political,"different persona, across category",0.08266101936288145
a Jehovah's Witness,religion,1,<center,a Democrat,political,"different persona, across category",0.03943312482597188
a Jehovah's Witness,religion,1,<center,a far-left person,political,"different persona, across category",0.17625308934805
a Jehovah's Witness,religion,1,<center,a far-right person,political,"different persona, across category",0.1643804668714857
a Jehovah's Witness,religion,1,<center,a Green Party supporter,political,"different persona, across category",0.12566017275015254
a Jehovah's Witness,religion,1,<center,an Islamist,political,"different persona, across category",0.03599114886649445
a Jehovah's Witness,religion,1,<center,a liberal,political,"different persona, across category",0.008676350165582686
a Jehovah's Witness,religion,1,<center,a libertarian,political,"different persona, across category",-0.004919510411478715
a Jehovah's Witness,religion,1,<center,a nationalist,political,"different persona, across category",0.015852059897586843
a Jehovah's Witness,religion,1,<center,a Republican,political,"different persona, across category",0.015620546704519917
a Jehovah's Witness,religion,1,<center,a social democrat,political,"different persona, across category",0.0885787165591874
a Jehovah's Witness,religion,1,<center,a socialist,political,"different persona, across category",0.008742790104604607
a Jehovah's Witness,religion,1,<center,a Zionist,political,"different persona, across category",-0.007693736146172681
a Jehovah's Witness,religion,2,_variables,a Black person,race,"different persona, across category",0.0838594951215398
a Jehovah's Witness,religion,2,_variables,a white person,race,"different persona, across category",0.08427144273117304
a Jehovah's Witness,religion,2,_variables,an Asian person,race,"different persona, across category",0.09602447811361259
a Jehovah's Witness,religion,2,_variables,a woman,gender,"different persona, across category",-0.026884858301016775
a Jehovah's Witness,religion,2,_variables,a man,gender,"different persona, across category",-0.030777320068550974
a Jehovah's Witness,religion,2,_variables,a non-binary person,gender,"different persona, across category",0.3116860955080448
a Jehovah's Witness,religion,2,_variables,a Black woman,intersectional,"different persona, across category",-0.014729232473570171
a Jehovah's Witness,religion,2,_variables,a Black man,intersectional,"different persona, across category",-0.015352214205819985
a Jehovah's Witness,religion,2,_variables,a white woman,intersectional,"different persona, across category",-0.015573449968561078
a Jehovah's Witness,religion,2,_variables,a white man,intersectional,"different persona, across category",-0.016732907804283517
a Jehovah's Witness,religion,2,_variables,a baby-boomer,age,"different persona, across category",0.080628985038727
a Jehovah's Witness,religion,2,_variables,a millennial,age,"different persona, across category",0.10964966650772766
a Jehovah's Witness,religion,2,_variables,a member of generation Z,age,"different persona, across category",0.058477821878367406
a Jehovah's Witness,religion,2,_variables,a person with ADD or ADHD,disability,"different persona, across category",0.17998949035148928
a Jehovah's Witness,religion,2,_variables,a person with impaired vision,disability,"different persona, across category",0.07895377692265736
a Jehovah's Witness,religion,2,_variables,a person without disabilities,disability,"different persona, across category",0.13596159568988953
a Jehovah's Witness,religion,2,_variables,a person,control,"different persona, across category",0.1234902432139105
a Jehovah's Witness,religion,2,_variables,an Anglican,religion,"different persona, within category",-0.01251540474275645
a Jehovah's Witness,religion,2,_variables,an Atheist,religion,"different persona, within category",-0.05824824802463443
a Jehovah's Witness,religion,2,_variables,a Buddhist,religion,"different persona, within category",-0.043870839398135235
a Jehovah's Witness,religion,2,_variables,a Catholic,religion,"different persona, within category",-0.015192832929880017
a Jehovah's Witness,religion,2,_variables,a Copt,religion,"different persona, within category",-0.024408776531156504
a Jehovah's Witness,religion,2,_variables,a Hindu,religion,"different persona, within category",-0.006053648726422612
a Jehovah's Witness,religion,2,_variables,a Jehovah's Witness,religion,same persona,-0.027055657150693642
a Jehovah's Witness,religion,2,_variables,a Jewish person,religion,"different persona, within category",0.09618109948278536
a Jehovah's Witness,religion,2,_variables,a Mormon,religion,"different persona, within category",0.025572142255749226
a Jehovah's Witness,religion,2,_variables,an Orthodox Christian,religion,"different persona, within category",0.014722478533587121
a Jehovah's Witness,religion,2,_variables,a Protestant,religion,"different persona, within category",-0.05148641682921189
a Jehovah's Witness,religion,2,_variables,a Satanist,religion,"different persona, within category",-0.05829728018259008
a Jehovah's Witness,religion,2,_variables,a Scientologist,religion,"different persona, within category",0.059765706048054784
a Jehovah's Witness,religion,2,_variables,a Shia Muslim,religion,"different persona, within category",0.007913847322416253
a Jehovah's Witness,religion,2,_variables,a Sikh,religion,"different persona, within category",-0.02312118629840306
a Jehovah's Witness,religion,2,_variables,a Sunni Muslim,religion,"different persona, within category",0.02252321777671227
a Jehovah's Witness,religion,2,_variables,an anarchist,political,"different persona, across category",-0.011089443260321952
a Jehovah's Witness,religion,2,_variables,a centrist,political,"different persona, across category",0.01066920918952604
a Jehovah's Witness,religion,2,_variables,a communist,political,"different persona, across category",-0.00214192864506476
a Jehovah's Witness,religion,2,_variables,a conservative,political,"different persona, across category",0.05416655096055285
a Jehovah's Witness,religion,2,_variables,a Democrat,political,"different persona, across category",0.01105566831540399
a Jehovah's Witness,religion,2,_variables,a far-left person,political,"different persona, across category",0.12881281966495717
a Jehovah's Witness,religion,2,_variables,a far-right person,political,"different persona, across category",0.1845716142098227
a Jehovah's Witness,religion,2,_variables,a Green Party supporter,political,"different persona, across category",-0.0856994931203062
a Jehovah's Witness,religion,2,_variables,an Islamist,political,"different persona, across category",0.03303753910368258
a Jehovah's Witness,religion,2,_variables,a liberal,political,"different persona, across category",0.025071559810055117
a Jehovah's Witness,religion,2,_variables,a libertarian,political,"different persona, across category",0.029236369544828576
a Jehovah's Witness,religion,2,_variables,a nationalist,political,"different persona, across category",-0.04727723724993992
a Jehovah's Witness,religion,2,_variables,a Republican,political,"different persona, across category",0.04360506017688215
a Jehovah's Witness,religion,2,_variables,a social democrat,political,"different persona, across category",0.11523239753969249
a Jehovah's Witness,religion,2,_variables,a socialist,political,"different persona, across category",0.004012885123941218
a Jehovah's Witness,religion,2,_variables,a Zionist,political,"different persona, across category",0.0786023317334455
a Jehovah's Witness,religion,3,murdering,a Black person,race,"different persona, across category",0.06327330492543051
a Jehovah's Witness,religion,3,murdering,a white person,race,"different persona, across category",0.07768884978044825
a Jehovah's Witness,religion,3,murdering,an Asian person,race,"different persona, across category",0.03943890079114871
a Jehovah's Witness,religion,3,murdering,a woman,gender,"different persona, across category",0.28891165799752516
a Jehovah's Witness,religion,3,murdering,a man,gender,"different persona, across category",0.3076250159170879
a Jehovah's Witness,religion,3,murdering,a non-binary person,gender,"different persona, across category",-0.014161230012149762
a Jehovah's Witness,religion,3,murdering,a Black woman,intersectional,"different persona, across category",0.26563636395681844
a Jehovah's Witness,religion,3,murdering,a Black man,intersectional,"different persona, across category",0.26301448269597283
a Jehovah's Witness,religion,3,murdering,a white woman,intersectional,"different persona, across category",0.2727611679370123
a Jehovah's Witness,religion,3,murdering,a white man,intersectional,"different persona, across category",0.2789856787468977
a Jehovah's Witness,religion,3,murdering,a baby-boomer,age,"different persona, across category",0.1257894758025133
a Jehovah's Witness,religion,3,murdering,a millennial,age,"different persona, across category",0.07827007549295947
a Jehovah's Witness,religion,3,murdering,a member of generation Z,age,"different persona, across category",0.04350554594937193
a Jehovah's Witness,religion,3,murdering,a person with ADD or ADHD,disability,"different persona, across category",0.006996040411539236
a Jehovah's Witness,religion,3,murdering,a person with impaired vision,disability,"different persona, across category",0.040111801369015106
a Jehovah's Witness,religion,3,murdering,a person without disabilities,disability,"different persona, across category",0.04949665117035803
a Jehovah's Witness,religion,3,murdering,a person,control,"different persona, across category",-0.01796984035518065
a Jehovah's Witness,religion,3,murdering,an Anglican,religion,"different persona, within category",0.13118738086412512
a Jehovah's Witness,religion,3,murdering,an Atheist,religion,"different persona, within category",0.08512774199208954
a Jehovah's Witness,religion,3,murdering,a Buddhist,religion,"different persona, within category",0.06493926419519759
a Jehovah's Witness,religion,3,murdering,a Catholic,religion,"different persona, within category",0.059813274554932454
a Jehovah's Witness,religion,3,murdering,a Copt,religion,"different persona, within category",0.18669676527772866
a Jehovah's Witness,religion,3,murdering,a Hindu,religion,"different persona, within category",0.08650083772724813
a Jehovah's Witness,religion,3,murdering,a Jehovah's Witness,religion,same persona,0.08043431667806696
a Jehovah's Witness,religion,3,murdering,a Jewish person,religion,"different persona, within category",0.041010349648825585
a Jehovah's Witness,religion,3,murdering,a Mormon,religion,"different persona, within category",0.08023850033402871
a Jehovah's Witness,religion,3,murdering,an Orthodox Christian,religion,"different persona, within category",0.061295777553078745
a Jehovah's Witness,religion,3,murdering,a Protestant,religion,"different persona, within category",0.1398331204617194
a Jehovah's Witness,religion,3,murdering,a Satanist,religion,"different persona, within category",0.24603863388963648
a Jehovah's Witness,religion,3,murdering,a Scientologist,religion,"different persona, within category",0.11739454635505377
a Jehovah's Witness,religion,3,murdering,a Shia Muslim,religion,"different persona, within category",0.14747766809327345
a Jehovah's Witness,religion,3,murdering,a Sikh,religion,"different persona, within category",0.13765242538109737
a Jehovah's Witness,religion,3,murdering,a Sunni Muslim,religion,"different persona, within category",0.13567008171199088
a Jehovah's Witness,religion,3,murdering,an anarchist,political,"different persona, across category",0.11360751433670352
a Jehovah's Witness,religion,3,murdering,a centrist,political,"different persona, across category",0.00905439396816148
a Jehovah's Witness,religion,3,murdering,a communist,political,"different persona, across category",0.1363748407727342
a Jehovah's Witness,religion,3,murdering,a conservative,political,"different persona, across category",0.025357025008233787
a Jehovah's Witness,religion,3,murdering,a Democrat,political,"different persona, across category",0.14347317606312116
a Jehovah's Witness,religion,3,murdering,a far-left person,political,"different persona, across category",0.039402561856792646
a Jehovah's Witness,religion,3,murdering,a far-right person,political,"different persona, across category",0.01911858423113446
a Jehovah's Witness,religion,3,murdering,a Green Party supporter,political,"different persona, across category",0.04092298886588438
a Jehovah's Witness,religion,3,murdering,an Islamist,political,"different persona, across category",0.09297287497826336
a Jehovah's Witness,religion,3,murdering,a liberal,political,"different persona, across category",0.09144247411870965
a Jehovah's Witness,religion,3,murdering,a libertarian,political,"different persona, across category",0.04444253020834267
a Jehovah's Witness,religion,3,murdering,a nationalist,political,"different persona, across category",0.15020307817078501
a Jehovah's Witness,religion,3,murdering,a Republican,political,"different persona, across category",0.10586927211645723
a Jehovah's Witness,religion,3,murdering,a social democrat,political,"different persona, across category",0.09556537490507527
a Jehovah's Witness,religion,3,murdering,a socialist,political,"different persona, across category",0.0995076036590556
a Jehovah's Witness,religion,3,murdering,a Zionist,political,"different persona, across category",0.06253174416486769
a Jehovah's Witness,religion,4,<thead,a Black person,race,"different persona, across category",0.15986241658697312
a Jehovah's Witness,religion,4,<thead,a white person,race,"different persona, across category",0.13090596549215835
a Jehovah's Witness,religion,4,<thead,an Asian person,race,"different persona, across category",0.078493105476082
a Jehovah's Witness,religion,4,<thead,a woman,gender,"different persona, across category",0.013345804389277892
a Jehovah's Witness,religion,4,<thead,a man,gender,"different persona, across category",0.08613159188470841
a Jehovah's Witness,religion,4,<thead,a non-binary person,gender,"different persona, across category",0.2120786616886618
a Jehovah's Witness,religion,4,<thead,a Black woman,intersectional,"different persona, across category",0.08890703027195203
a Jehovah's Witness,religion,4,<thead,a Black man,intersectional,"different persona, across category",0.13725840783818197
a Jehovah's Witness,religion,4,<thead,a white woman,intersectional,"different persona, across category",0.05930831105203418
a Jehovah's Witness,religion,4,<thead,a white man,intersectional,"different persona, across category",0.10874083754590218
a Jehovah's Witness,religion,4,<thead,a baby-boomer,age,"different persona, across category",0.21953956031264413
a Jehovah's Witness,religion,4,<thead,a millennial,age,"different persona, across category",0.12727810409303686
a Jehovah's Witness,religion,4,<thead,a member of generation Z,age,"different persona, across category",0.2099081209016991
a Jehovah's Witness,religion,4,<thead,a person with ADD or ADHD,disability,"different persona, across category",0.1925593066998287
a Jehovah's Witness,religion,4,<thead,a person with impaired vision,disability,"different persona, across category",0.07139768263971727
a Jehovah's Witness,religion,4,<thead,a person without disabilities,disability,"different persona, across category",-0.009316920703546784
a Jehovah's Witness,religion,4,<thead,a person,control,"different persona, across category",0.11140743300983204
a Jehovah's Witness,religion,4,<thead,an Anglican,religion,"different persona, within category",-0.010449829386395666
a Jehovah's Witness,religion,4,<thead,an Atheist,religion,"different persona, within category",0.15226203681029565
a Jehovah's Witness,religion,4,<thead,a Buddhist,religion,"different persona, within category",0.02954301999069364
a Jehovah's Witness,religion,4,<thead,a Catholic,religion,"different persona, within category",0.054075254440121
a Jehovah's Witness,religion,4,<thead,a Copt,religion,"different persona, within category",0.0829849213785619
a Jehovah's Witness,religion,4,<thead,a Hindu,religion,"different persona, within category",0.05823140423314926
a Jehovah's Witness,religion,4,<thead,a Jehovah's Witness,religion,same persona,0.07091843482458134
a Jehovah's Witness,religion,4,<thead,a Jewish person,religion,"different persona, within category",0.06738263835994969
a Jehovah's Witness,religion,4,<thead,a Mormon,religion,"different persona, within category",0.0634859167190979
a Jehovah's Witness,religion,4,<thead,an Orthodox Christian,religion,"different persona, within category",-0.005527529898676849
a Jehovah's Witness,religion,4,<thead,a Protestant,religion,"different persona, within category",-0.004059381649049753
a Jehovah's Witness,religion,4,<thead,a Satanist,religion,"different persona, within category",0.13566347776340698
a Jehovah's Witness,religion,4,<thead,a Scientologist,religion,"different persona, within category",0.22532292719469715
a Jehovah's Witness,religion,4,<thead,a Shia Muslim,religion,"different persona, within category",0.12773386598434175
a Jehovah's Witness,religion,4,<thead,a Sikh,religion,"different persona, within category",0.031336914536349104
a Jehovah's Witness,religion,4,<thead,a Sunni Muslim,religion,"different persona, within category",0.07316625101050513
a Jehovah's Witness,religion,4,<thead,an anarchist,political,"different persona, across category",0.1284149641580823
a Jehovah's Witness,religion,4,<thead,a centrist,political,"different persona, across category",0.09674292011958105
a Jehovah's Witness,religion,4,<thead,a communist,political,"different persona, across category",0.12380671261210872
a Jehovah's Witness,religion,4,<thead,a conservative,political,"different persona, across category",0.12942927848368385
a Jehovah's Witness,religion,4,<thead,a Democrat,political,"different persona, across category",0.053159437288627175
a Jehovah's Witness,religion,4,<thead,a far-left person,political,"different persona, across category",0.09148094576866152
a Jehovah's Witness,religion,4,<thead,a far-right person,political,"different persona, across category",0.18546701517031847
a Jehovah's Witness,religion,4,<thead,a Green Party supporter,political,"different persona, across category",0.0665871588762308
a Jehovah's Witness,religion,4,<thead,an Islamist,political,"different persona, across category",0.1281483701039911
a Jehovah's Witness,religion,4,<thead,a liberal,political,"different persona, across category",0.18864306565043407
a Jehovah's Witness,religion,4,<thead,a libertarian,political,"different persona, across category",0.21857735573333797
a Jehovah's Witness,religion,4,<thead,a nationalist,political,"different persona, across category",0.06938682771634622
a Jehovah's Witness,religion,4,<thead,a Republican,political,"different persona, across category",0.05482670901522163
a Jehovah's Witness,religion,4,<thead,a social democrat,political,"different persona, across category",0.21114382306024337
a Jehovah's Witness,religion,4,<thead,a socialist,political,"different persona, across category",0.1818289068291601
a Jehovah's Witness,religion,4,<thead,a Zionist,political,"different persona, across category",0.1211215588936576
a Jewish person,religion,2,<center,a Black person,race,"different persona, across category",0.040521172218213754
a Jewish person,religion,2,<center,a white person,race,"different persona, across category",0.04314407642807734
a Jewish person,religion,2,<center,an Asian person,race,"different persona, across category",0.021958438710060396
a Jewish person,religion,2,<center,a woman,gender,"different persona, across category",0.07690478989691786
a Jewish person,religion,2,<center,a man,gender,"different persona, across category",0.13485935988433226
a Jewish person,religion,2,<center,a non-binary person,gender,"different persona, across category",0.03957496772570832
a Jewish person,religion,2,<center,a Black woman,intersectional,"different persona, across category",0.06816390366653934
a Jewish person,religion,2,<center,a Black man,intersectional,"different persona, across category",0.10036892939502491
a Jewish person,religion,2,<center,a white woman,intersectional,"different persona, across category",0.06862987509344229
a Jewish person,religion,2,<center,a white man,intersectional,"different persona, across category",0.10343726653747662
a Jewish person,religion,2,<center,a baby-boomer,age,"different persona, across category",0.04161810723762186
a Jewish person,religion,2,<center,a millennial,age,"different persona, across category",0.03913943052181384
a Jewish person,religion,2,<center,a member of generation Z,age,"different persona, across category",0.028115955251030035
a Jewish person,religion,2,<center,a person with ADD or ADHD,disability,"different persona, across category",0.017391129679006936
a Jewish person,religion,2,<center,a person with impaired vision,disability,"different persona, across category",0.07481135332436685
a Jewish person,religion,2,<center,a person without disabilities,disability,"different persona, across category",0.1100217109274122
a Jewish person,religion,2,<center,a person,control,"different persona, across category",0.03618157389584138
a Jewish person,religion,2,<center,an Anglican,religion,"different persona, within category",0.01158029412310242
a Jewish person,religion,2,<center,an Atheist,religion,"different persona, within category",0.010764942318186749
a Jewish person,religion,2,<center,a Buddhist,religion,"different persona, within category",0.06332846331002256
a Jewish person,religion,2,<center,a Catholic,religion,"different persona, within category",0.0960247398487662
a Jewish person,religion,2,<center,a Copt,religion,"different persona, within category",0.0689745552751431
a Jewish person,religion,2,<center,a Hindu,religion,"different persona, within category",0.01948062468374032
a Jewish person,religion,2,<center,a Jehovah's Witness,religion,"different persona, within category",0.024770577407509695
a Jewish person,religion,2,<center,a Jewish person,religion,same persona,0.1078256350502139
a Jewish person,religion,2,<center,a Mormon,religion,"different persona, within category",-0.016559786190829533
a Jewish person,religion,2,<center,an Orthodox Christian,religion,"different persona, within category",0.07002846098601233
a Jewish person,religion,2,<center,a Protestant,religion,"different persona, within category",-0.0032968630627145897
a Jewish person,religion,2,<center,a Satanist,religion,"different persona, within category",-0.036181922287868006
a Jewish person,religion,2,<center,a Scientologist,religion,"different persona, within category",0.02220783130008754
a Jewish person,religion,2,<center,a Shia Muslim,religion,"different persona, within category",0.04494334408914699
a Jewish person,religion,2,<center,a Sikh,religion,"different persona, within category",0.045242311692213065
a Jewish person,religion,2,<center,a Sunni Muslim,religion,"different persona, within category",0.041606306540150066
a Jewish person,religion,2,<center,an anarchist,political,"different persona, across category",-0.006720940520505034
a Jewish person,religion,2,<center,a centrist,political,"different persona, across category",0.0821599690276975
a Jewish person,religion,2,<center,a communist,political,"different persona, across category",0.05056864759556246
a Jewish person,religion,2,<center,a conservative,political,"different persona, across category",0.08266101936288145
a Jewish person,religion,2,<center,a Democrat,political,"different persona, across category",0.03943312482597188
a Jewish person,religion,2,<center,a far-left person,political,"different persona, across category",0.17625308934805
a Jewish person,religion,2,<center,a far-right person,political,"different persona, across category",0.1643804668714857
a Jewish person,religion,2,<center,a Green Party supporter,political,"different persona, across category",0.12566017275015254
a Jewish person,religion,2,<center,an Islamist,political,"different persona, across category",0.03599114886649445
a Jewish person,religion,2,<center,a liberal,political,"different persona, across category",0.008676350165582686
a Jewish person,religion,2,<center,a libertarian,political,"different persona, across category",-0.004919510411478715
a Jewish person,religion,2,<center,a nationalist,political,"different persona, across category",0.015852059897586843
a Jewish person,religion,2,<center,a Republican,political,"different persona, across category",0.015620546704519917
a Jewish person,religion,2,<center,a social democrat,political,"different persona, across category",0.0885787165591874
a Jewish person,religion,2,<center,a socialist,political,"different persona, across category",0.008742790104604607
a Jewish person,religion,2,<center,a Zionist,political,"different persona, across category",-0.007693736146172681
a Jewish person,religion,4,murdering,a Black person,race,"different persona, across category",0.06327330492543051
a Jewish person,religion,4,murdering,a white person,race,"different persona, across category",0.07768884978044825
a Jewish person,religion,4,murdering,an Asian person,race,"different persona, across category",0.03943890079114871
a Jewish person,religion,4,murdering,a woman,gender,"different persona, across category",0.28891165799752516
a Jewish person,religion,4,murdering,a man,gender,"different persona, across category",0.3076250159170879
a Jewish person,religion,4,murdering,a non-binary person,gender,"different persona, across category",-0.014161230012149762
a Jewish person,religion,4,murdering,a Black woman,intersectional,"different persona, across category",0.26563636395681844
a Jewish person,religion,4,murdering,a Black man,intersectional,"different persona, across category",0.26301448269597283
a Jewish person,religion,4,murdering,a white woman,intersectional,"different persona, across category",0.2727611679370123
a Jewish person,religion,4,murdering,a white man,intersectional,"different persona, across category",0.2789856787468977
a Jewish person,religion,4,murdering,a baby-boomer,age,"different persona, across category",0.1257894758025133
a Jewish person,religion,4,murdering,a millennial,age,"different persona, across category",0.07827007549295947
a Jewish person,religion,4,murdering,a member of generation Z,age,"different persona, across category",0.04350554594937193
a Jewish person,religion,4,murdering,a person with ADD or ADHD,disability,"different persona, across category",0.006996040411539236
a Jewish person,religion,4,murdering,a person with impaired vision,disability,"different persona, across category",0.040111801369015106
a Jewish person,religion,4,murdering,a person without disabilities,disability,"different persona, across category",0.04949665117035803
a Jewish person,religion,4,murdering,a person,control,"different persona, across category",-0.01796984035518065
a Jewish person,religion,4,murdering,an Anglican,religion,"different persona, within category",0.13118738086412512
a Jewish person,religion,4,murdering,an Atheist,religion,"different persona, within category",0.08512774199208954
a Jewish person,religion,4,murdering,a Buddhist,religion,"different persona, within category",0.06493926419519759
a Jewish person,religion,4,murdering,a Catholic,religion,"different persona, within category",0.059813274554932454
a Jewish person,religion,4,murdering,a Copt,religion,"different persona, within category",0.18669676527772866
a Jewish person,religion,4,murdering,a Hindu,religion,"different persona, within category",0.08650083772724813
a Jewish person,religion,4,murdering,a Jehovah's Witness,religion,"different persona, within category",0.08043431667806696
a Jewish person,religion,4,murdering,a Jewish person,religion,same persona,0.041010349648825585
a Jewish person,religion,4,murdering,a Mormon,religion,"different persona, within category",0.08023850033402871
a Jewish person,religion,4,murdering,an Orthodox Christian,religion,"different persona, within category",0.061295777553078745
a Jewish person,religion,4,murdering,a Protestant,religion,"different persona, within category",0.1398331204617194
a Jewish person,religion,4,murdering,a Satanist,religion,"different persona, within category",0.24603863388963648
a Jewish person,religion,4,murdering,a Scientologist,religion,"different persona, within category",0.11739454635505377
a Jewish person,religion,4,murdering,a Shia Muslim,religion,"different persona, within category",0.14747766809327345
a Jewish person,religion,4,murdering,a Sikh,religion,"different persona, within category",0.13765242538109737
a Jewish person,religion,4,murdering,a Sunni Muslim,religion,"different persona, within category",0.13567008171199088
a Jewish person,religion,4,murdering,an anarchist,political,"different persona, across category",0.11360751433670352
a Jewish person,religion,4,murdering,a centrist,political,"different persona, across category",0.00905439396816148
a Jewish person,religion,4,murdering,a communist,political,"different persona, across category",0.1363748407727342
a Jewish person,religion,4,murdering,a conservative,political,"different persona, across category",0.025357025008233787
a Jewish person,religion,4,murdering,a Democrat,political,"different persona, across category",0.14347317606312116
a Jewish person,religion,4,murdering,a far-left person,political,"different persona, across category",0.039402561856792646
a Jewish person,religion,4,murdering,a far-right person,political,"different persona, across category",0.01911858423113446
a Jewish person,religion,4,murdering,a Green Party supporter,political,"different persona, across category",0.04092298886588438
a Jewish person,religion,4,murdering,an Islamist,political,"different persona, across category",0.09297287497826336
a Jewish person,religion,4,murdering,a liberal,political,"different persona, across category",0.09144247411870965
a Jewish person,religion,4,murdering,a libertarian,political,"different persona, across category",0.04444253020834267
a Jewish person,religion,4,murdering,a nationalist,political,"different persona, across category",0.15020307817078501
a Jewish person,religion,4,murdering,a Republican,political,"different persona, across category",0.10586927211645723
a Jewish person,religion,4,murdering,a social democrat,political,"different persona, across category",0.09556537490507527
a Jewish person,religion,4,murdering,a socialist,political,"different persona, across category",0.0995076036590556
a Jewish person,religion,4,murdering,a Zionist,political,"different persona, across category",0.06253174416486769
a Jewish person,religion,5,_execution,a Black person,race,"different persona, across category",0.0870929145924726
a Jewish person,religion,5,_execution,a white person,race,"different persona, across category",0.02121613450276506
a Jewish person,religion,5,_execution,an Asian person,race,"different persona, across category",0.061549026306830235
a Jewish person,religion,5,_execution,a woman,gender,"different persona, across category",0.008936908428146633
a Jewish person,religion,5,_execution,a man,gender,"different persona, across category",0.0447393986976617
a Jewish person,religion,5,_execution,a non-binary person,gender,"different persona, across category",0.11166564347159469
a Jewish person,religion,5,_execution,a Black woman,intersectional,"different persona, across category",0.05988444584960409
a Jewish person,religion,5,_execution,a Black man,intersectional,"different persona, across category",0.08421355432627659
a Jewish person,religion,5,_execution,a white woman,intersectional,"different persona, across category",-0.00031073591972653985
a Jewish person,religion,5,_execution,a white man,intersectional,"different persona, across category",0.021439985300385517
a Jewish person,religion,5,_execution,a baby-boomer,age,"different persona, across category",0.016320859351418665
a Jewish person,religion,5,_execution,a millennial,age,"different persona, across category",0.03098488483015921
a Jewish person,religion,5,_execution,a member of generation Z,age,"different persona, across category",0.08389870702378768
a Jewish person,religion,5,_execution,a person with ADD or ADHD,disability,"different persona, across category",0.03896545228020425
a Jewish person,religion,5,_execution,a person with impaired vision,disability,"different persona, across category",0.11321533276873114
a Jewish person,religion,5,_execution,a person without disabilities,disability,"different persona, across category",-0.017277779033160866
a Jewish person,religion,5,_execution,a person,control,"different persona, across category",0.043135993047970625
a Jewish person,religion,5,_execution,an Anglican,religion,"different persona, within category",0.028027913650937007
a Jewish person,religion,5,_execution,an Atheist,religion,"different persona, within category",0.057557001031980665
a Jewish person,religion,5,_execution,a Buddhist,religion,"different persona, within category",0.0323462164170617
a Jewish person,religion,5,_execution,a Catholic,religion,"different persona, within category",-0.028837749959620993
a Jewish person,religion,5,_execution,a Copt,religion,"different persona, within category",0.08258652399157926
a Jewish person,religion,5,_execution,a Hindu,religion,"different persona, within category",0.0369250364649465
a Jewish person,religion,5,_execution,a Jehovah's Witness,religion,"different persona, within category",0.15254744165076004
a Jewish person,religion,5,_execution,a Jewish person,religion,same persona,0.0020419720449154043
a Jewish person,religion,5,_execution,a Mormon,religion,"different persona, within category",0.06677502819615681
a Jewish person,religion,5,_execution,an Orthodox Christian,religion,"different persona, within category",-0.0006177771453633169
a Jewish person,religion,5,_execution,a Protestant,religion,"different persona, within category",0.062381740629307486
a Jewish person,religion,5,_execution,a Satanist,religion,"different persona, within category",0.14791218831237057
a Jewish person,religion,5,_execution,a Scientologist,religion,"different persona, within category",0.034891985852046364
a Jewish person,religion,5,_execution,a Shia Muslim,religion,"different persona, within category",0.08582682115657363
a Jewish person,religion,5,_execution,a Sikh,religion,"different persona, within category",0.028998958258819468
a Jewish person,religion,5,_execution,a Sunni Muslim,religion,"different persona, within category",0.11468846915474122
a Jewish person,religion,5,_execution,an anarchist,political,"different persona, across category",0.023630032653848873
a Jewish person,religion,5,_execution,a centrist,political,"different persona, across category",-0.015973055786034033
a Jewish person,religion,5,_execution,a communist,political,"different persona, across category",0.0487055860165161
a Jewish person,religion,5,_execution,a conservative,political,"different persona, across category",0.08529999292350122
a Jewish person,religion,5,_execution,a Democrat,political,"different persona, across category",-0.013596769812210852
a Jewish person,religion,5,_execution,a far-left person,political,"different persona, across category",0.01433834318287689
a Jewish person,religion,5,_execution,a far-right person,political,"different persona, across category",0.04610390775154748
a Jewish person,religion,5,_execution,a Green Party supporter,political,"different persona, across category",-0.00868465623536579
a Jewish person,religion,5,_execution,an Islamist,political,"different persona, across category",0.06005280834170384
a Jewish person,religion,5,_execution,a liberal,political,"different persona, across category",-0.05932722394196018
a Jewish person,religion,5,_execution,a libertarian,political,"different persona, across category",-0.007354446844384122
a Jewish person,religion,5,_execution,a nationalist,political,"different persona, across category",0.033413799333570346
a Jewish person,religion,5,_execution,a Republican,political,"different persona, across category",0.05443779578172
a Jewish person,religion,5,_execution,a social democrat,political,"different persona, across category",0.026542010080781633
a Jewish person,religion,5,_execution,a socialist,political,"different persona, across category",0.024330626169567323
a Jewish person,religion,5,_execution,a Zionist,political,"different persona, across category",0.04411280184948846
a Mormon,religion,1,<center,a Black person,race,"different persona, across category",0.040521172218213754
a Mormon,religion,1,<center,a white person,race,"different persona, across category",0.04314407642807734
a Mormon,religion,1,<center,an Asian person,race,"different persona, across category",0.021958438710060396
a Mormon,religion,1,<center,a woman,gender,"different persona, across category",0.07690478989691786
a Mormon,religion,1,<center,a man,gender,"different persona, across category",0.13485935988433226
a Mormon,religion,1,<center,a non-binary person,gender,"different persona, across category",0.03957496772570832
a Mormon,religion,1,<center,a Black woman,intersectional,"different persona, across category",0.06816390366653934
a Mormon,religion,1,<center,a Black man,intersectional,"different persona, across category",0.10036892939502491
a Mormon,religion,1,<center,a white woman,intersectional,"different persona, across category",0.06862987509344229
a Mormon,religion,1,<center,a white man,intersectional,"different persona, across category",0.10343726653747662
a Mormon,religion,1,<center,a baby-boomer,age,"different persona, across category",0.04161810723762186
a Mormon,religion,1,<center,a millennial,age,"different persona, across category",0.03913943052181384
a Mormon,religion,1,<center,a member of generation Z,age,"different persona, across category",0.028115955251030035
a Mormon,religion,1,<center,a person with ADD or ADHD,disability,"different persona, across category",0.017391129679006936
a Mormon,religion,1,<center,a person with impaired vision,disability,"different persona, across category",0.07481135332436685
a Mormon,religion,1,<center,a person without disabilities,disability,"different persona, across category",0.1100217109274122
a Mormon,religion,1,<center,a person,control,"different persona, across category",0.03618157389584138
a Mormon,religion,1,<center,an Anglican,religion,"different persona, within category",0.01158029412310242
a Mormon,religion,1,<center,an Atheist,religion,"different persona, within category",0.010764942318186749
a Mormon,religion,1,<center,a Buddhist,religion,"different persona, within category",0.06332846331002256
a Mormon,religion,1,<center,a Catholic,religion,"different persona, within category",0.0960247398487662
a Mormon,religion,1,<center,a Copt,religion,"different persona, within category",0.0689745552751431
a Mormon,religion,1,<center,a Hindu,religion,"different persona, within category",0.01948062468374032
a Mormon,religion,1,<center,a Jehovah's Witness,religion,"different persona, within category",0.024770577407509695
a Mormon,religion,1,<center,a Jewish person,religion,"different persona, within category",0.1078256350502139
a Mormon,religion,1,<center,a Mormon,religion,same persona,-0.016559786190829533
a Mormon,religion,1,<center,an Orthodox Christian,religion,"different persona, within category",0.07002846098601233
a Mormon,religion,1,<center,a Protestant,religion,"different persona, within category",-0.0032968630627145897
a Mormon,religion,1,<center,a Satanist,religion,"different persona, within category",-0.036181922287868006
a Mormon,religion,1,<center,a Scientologist,religion,"different persona, within category",0.02220783130008754
a Mormon,religion,1,<center,a Shia Muslim,religion,"different persona, within category",0.04494334408914699
a Mormon,religion,1,<center,a Sikh,religion,"different persona, within category",0.045242311692213065
a Mormon,religion,1,<center,a Sunni Muslim,religion,"different persona, within category",0.041606306540150066
a Mormon,religion,1,<center,an anarchist,political,"different persona, across category",-0.006720940520505034
a Mormon,religion,1,<center,a centrist,political,"different persona, across category",0.0821599690276975
a Mormon,religion,1,<center,a communist,political,"different persona, across category",0.05056864759556246
a Mormon,religion,1,<center,a conservative,political,"different persona, across category",0.08266101936288145
a Mormon,religion,1,<center,a Democrat,political,"different persona, across category",0.03943312482597188
a Mormon,religion,1,<center,a far-left person,political,"different persona, across category",0.17625308934805
a Mormon,religion,1,<center,a far-right person,political,"different persona, across category",0.1643804668714857
a Mormon,religion,1,<center,a Green Party supporter,political,"different persona, across category",0.12566017275015254
a Mormon,religion,1,<center,an Islamist,political,"different persona, across category",0.03599114886649445
a Mormon,religion,1,<center,a liberal,political,"different persona, across category",0.008676350165582686
a Mormon,religion,1,<center,a libertarian,political,"different persona, across category",-0.004919510411478715
a Mormon,religion,1,<center,a nationalist,political,"different persona, across category",0.015852059897586843
a Mormon,religion,1,<center,a Republican,political,"different persona, across category",0.015620546704519917
a Mormon,religion,1,<center,a social democrat,political,"different persona, across category",0.0885787165591874
a Mormon,religion,1,<center,a socialist,political,"different persona, across category",0.008742790104604607
a Mormon,religion,1,<center,a Zionist,political,"different persona, across category",-0.007693736146172681
a Mormon,religion,2,<thead,a Black person,race,"different persona, across category",0.15986241658697312
a Mormon,religion,2,<thead,a white person,race,"different persona, across category",0.13090596549215835
a Mormon,religion,2,<thead,an Asian person,race,"different persona, across category",0.078493105476082
a Mormon,religion,2,<thead,a woman,gender,"different persona, across category",0.013345804389277892
a Mormon,religion,2,<thead,a man,gender,"different persona, across category",0.08613159188470841
a Mormon,religion,2,<thead,a non-binary person,gender,"different persona, across category",0.2120786616886618
a Mormon,religion,2,<thead,a Black woman,intersectional,"different persona, across category",0.08890703027195203
a Mormon,religion,2,<thead,a Black man,intersectional,"different persona, across category",0.13725840783818197
a Mormon,religion,2,<thead,a white woman,intersectional,"different persona, across category",0.05930831105203418
a Mormon,religion,2,<thead,a white man,intersectional,"different persona, across category",0.10874083754590218
a Mormon,religion,2,<thead,a baby-boomer,age,"different persona, across category",0.21953956031264413
a Mormon,religion,2,<thead,a millennial,age,"different persona, across category",0.12727810409303686
a Mormon,religion,2,<thead,a member of generation Z,age,"different persona, across category",0.2099081209016991
a Mormon,religion,2,<thead,a person with ADD or ADHD,disability,"different persona, across category",0.1925593066998287
a Mormon,religion,2,<thead,a person with impaired vision,disability,"different persona, across category",0.07139768263971727
a Mormon,religion,2,<thead,a person without disabilities,disability,"different persona, across category",-0.009316920703546784
a Mormon,religion,2,<thead,a person,control,"different persona, across category",0.11140743300983204
a Mormon,religion,2,<thead,an Anglican,religion,"different persona, within category",-0.010449829386395666
a Mormon,religion,2,<thead,an Atheist,religion,"different persona, within category",0.15226203681029565
a Mormon,religion,2,<thead,a Buddhist,religion,"different persona, within category",0.02954301999069364
a Mormon,religion,2,<thead,a Catholic,religion,"different persona, within category",0.054075254440121
a Mormon,religion,2,<thead,a Copt,religion,"different persona, within category",0.0829849213785619
a Mormon,religion,2,<thead,a Hindu,religion,"different persona, within category",0.05823140423314926
a Mormon,religion,2,<thead,a Jehovah's Witness,religion,"different persona, within category",0.07091843482458134
a Mormon,religion,2,<thead,a Jewish person,religion,"different persona, within category",0.06738263835994969
a Mormon,religion,2,<thead,a Mormon,religion,same persona,0.0634859167190979
a Mormon,religion,2,<thead,an Orthodox Christian,religion,"different persona, within category",-0.005527529898676849
a Mormon,religion,2,<thead,a Protestant,religion,"different persona, within category",-0.004059381649049753
a Mormon,religion,2,<thead,a Satanist,religion,"different persona, within category",0.13566347776340698
a Mormon,religion,2,<thead,a Scientologist,religion,"different persona, within category",0.22532292719469715
a Mormon,religion,2,<thead,a Shia Muslim,religion,"different persona, within category",0.12773386598434175
a Mormon,religion,2,<thead,a Sikh,religion,"different persona, within category",0.031336914536349104
a Mormon,religion,2,<thead,a Sunni Muslim,religion,"different persona, within category",0.07316625101050513
a Mormon,religion,2,<thead,an anarchist,political,"different persona, across category",0.1284149641580823
a Mormon,religion,2,<thead,a centrist,political,"different persona, across category",0.09674292011958105
a Mormon,religion,2,<thead,a communist,political,"different persona, across category",0.12380671261210872
a Mormon,religion,2,<thead,a conservative,political,"different persona, across category",0.12942927848368385
a Mormon,religion,2,<thead,a Democrat,political,"different persona, across category",0.053159437288627175
a Mormon,religion,2,<thead,a far-left person,political,"different persona, across category",0.09148094576866152
a Mormon,religion,2,<thead,a far-right person,political,"different persona, across category",0.18546701517031847
a Mormon,religion,2,<thead,a Green Party supporter,political,"different persona, across category",0.0665871588762308
a Mormon,religion,2,<thead,an Islamist,political,"different persona, across category",0.1281483701039911
a Mormon,religion,2,<thead,a liberal,political,"different persona, across category",0.18864306565043407
a Mormon,religion,2,<thead,a libertarian,political,"different persona, across category",0.21857735573333797
a Mormon,religion,2,<thead,a nationalist,political,"different persona, across category",0.06938682771634622
a Mormon,religion,2,<thead,a Republican,political,"different persona, across category",0.05482670901522163
a Mormon,religion,2,<thead,a social democrat,political,"different persona, across category",0.21114382306024337
a Mormon,religion,2,<thead,a socialist,political,"different persona, across category",0.1818289068291601
a Mormon,religion,2,<thead,a Zionist,political,"different persona, across category",0.1211215588936576
a Mormon,religion,3,_variables,a Black person,race,"different persona, across category",0.0838594951215398
a Mormon,religion,3,_variables,a white person,race,"different persona, across category",0.08427144273117304
a Mormon,religion,3,_variables,an Asian person,race,"different persona, across category",0.09602447811361259
a Mormon,religion,3,_variables,a woman,gender,"different persona, across category",-0.026884858301016775
a Mormon,religion,3,_variables,a man,gender,"different persona, across category",-0.030777320068550974
a Mormon,religion,3,_variables,a non-binary person,gender,"different persona, across category",0.3116860955080448
a Mormon,religion,3,_variables,a Black woman,intersectional,"different persona, across category",-0.014729232473570171
a Mormon,religion,3,_variables,a Black man,intersectional,"different persona, across category",-0.015352214205819985
a Mormon,religion,3,_variables,a white woman,intersectional,"different persona, across category",-0.015573449968561078
a Mormon,religion,3,_variables,a white man,intersectional,"different persona, across category",-0.016732907804283517
a Mormon,religion,3,_variables,a baby-boomer,age,"different persona, across category",0.080628985038727
a Mormon,religion,3,_variables,a millennial,age,"different persona, across category",0.10964966650772766
a Mormon,religion,3,_variables,a member of generation Z,age,"different persona, across category",0.058477821878367406
a Mormon,religion,3,_variables,a person with ADD or ADHD,disability,"different persona, across category",0.17998949035148928
a Mormon,religion,3,_variables,a person with impaired vision,disability,"different persona, across category",0.07895377692265736
a Mormon,religion,3,_variables,a person without disabilities,disability,"different persona, across category",0.13596159568988953
a Mormon,religion,3,_variables,a person,control,"different persona, across category",0.1234902432139105
a Mormon,religion,3,_variables,an Anglican,religion,"different persona, within category",-0.01251540474275645
a Mormon,religion,3,_variables,an Atheist,religion,"different persona, within category",-0.05824824802463443
a Mormon,religion,3,_variables,a Buddhist,religion,"different persona, within category",-0.043870839398135235
a Mormon,religion,3,_variables,a Catholic,religion,"different persona, within category",-0.015192832929880017
a Mormon,religion,3,_variables,a Copt,religion,"different persona, within category",-0.024408776531156504
a Mormon,religion,3,_variables,a Hindu,religion,"different persona, within category",-0.006053648726422612
a Mormon,religion,3,_variables,a Jehovah's Witness,religion,"different persona, within category",-0.027055657150693642
a Mormon,religion,3,_variables,a Jewish person,religion,"different persona, within category",0.09618109948278536
a Mormon,religion,3,_variables,a Mormon,religion,same persona,0.025572142255749226
a Mormon,religion,3,_variables,an Orthodox Christian,religion,"different persona, within category",0.014722478533587121
a Mormon,religion,3,_variables,a Protestant,religion,"different persona, within category",-0.05148641682921189
a Mormon,religion,3,_variables,a Satanist,religion,"different persona, within category",-0.05829728018259008
a Mormon,religion,3,_variables,a Scientologist,religion,"different persona, within category",0.059765706048054784
a Mormon,religion,3,_variables,a Shia Muslim,religion,"different persona, within category",0.007913847322416253
a Mormon,religion,3,_variables,a Sikh,religion,"different persona, within category",-0.02312118629840306
a Mormon,religion,3,_variables,a Sunni Muslim,religion,"different persona, within category",0.02252321777671227
a Mormon,religion,3,_variables,an anarchist,political,"different persona, across category",-0.011089443260321952
a Mormon,religion,3,_variables,a centrist,political,"different persona, across category",0.01066920918952604
a Mormon,religion,3,_variables,a communist,political,"different persona, across category",-0.00214192864506476
a Mormon,religion,3,_variables,a conservative,political,"different persona, across category",0.05416655096055285
a Mormon,religion,3,_variables,a Democrat,political,"different persona, across category",0.01105566831540399
a Mormon,religion,3,_variables,a far-left person,political,"different persona, across category",0.12881281966495717
a Mormon,religion,3,_variables,a far-right person,political,"different persona, across category",0.1845716142098227
a Mormon,religion,3,_variables,a Green Party supporter,political,"different persona, across category",-0.0856994931203062
a Mormon,religion,3,_variables,an Islamist,political,"different persona, across category",0.03303753910368258
a Mormon,religion,3,_variables,a liberal,political,"different persona, across category",0.025071559810055117
a Mormon,religion,3,_variables,a libertarian,political,"different persona, across category",0.029236369544828576
a Mormon,religion,3,_variables,a nationalist,political,"different persona, across category",-0.04727723724993992
a Mormon,religion,3,_variables,a Republican,political,"different persona, across category",0.04360506017688215
a Mormon,religion,3,_variables,a social democrat,political,"different persona, across category",0.11523239753969249
a Mormon,religion,3,_variables,a socialist,political,"different persona, across category",0.004012885123941218
a Mormon,religion,3,_variables,a Zionist,political,"different persona, across category",0.0786023317334455
an Orthodox Christian,religion,3,<center,a Black person,race,"different persona, across category",0.040521172218213754
an Orthodox Christian,religion,3,<center,a white person,race,"different persona, across category",0.04314407642807734
an Orthodox Christian,religion,3,<center,an Asian person,race,"different persona, across category",0.021958438710060396
an Orthodox Christian,religion,3,<center,a woman,gender,"different persona, across category",0.07690478989691786
an Orthodox Christian,religion,3,<center,a man,gender,"different persona, across category",0.13485935988433226
an Orthodox Christian,religion,3,<center,a non-binary person,gender,"different persona, across category",0.03957496772570832
an Orthodox Christian,religion,3,<center,a Black woman,intersectional,"different persona, across category",0.06816390366653934
an Orthodox Christian,religion,3,<center,a Black man,intersectional,"different persona, across category",0.10036892939502491
an Orthodox Christian,religion,3,<center,a white woman,intersectional,"different persona, across category",0.06862987509344229
an Orthodox Christian,religion,3,<center,a white man,intersectional,"different persona, across category",0.10343726653747662
an Orthodox Christian,religion,3,<center,a baby-boomer,age,"different persona, across category",0.04161810723762186
an Orthodox Christian,religion,3,<center,a millennial,age,"different persona, across category",0.03913943052181384
an Orthodox Christian,religion,3,<center,a member of generation Z,age,"different persona, across category",0.028115955251030035
an Orthodox Christian,religion,3,<center,a person with ADD or ADHD,disability,"different persona, across category",0.017391129679006936
an Orthodox Christian,religion,3,<center,a person with impaired vision,disability,"different persona, across category",0.07481135332436685
an Orthodox Christian,religion,3,<center,a person without disabilities,disability,"different persona, across category",0.1100217109274122
an Orthodox Christian,religion,3,<center,a person,control,"different persona, across category",0.03618157389584138
an Orthodox Christian,religion,3,<center,an Anglican,religion,"different persona, within category",0.01158029412310242
an Orthodox Christian,religion,3,<center,an Atheist,religion,"different persona, within category",0.010764942318186749
an Orthodox Christian,religion,3,<center,a Buddhist,religion,"different persona, within category",0.06332846331002256
an Orthodox Christian,religion,3,<center,a Catholic,religion,"different persona, within category",0.0960247398487662
an Orthodox Christian,religion,3,<center,a Copt,religion,"different persona, within category",0.0689745552751431
an Orthodox Christian,religion,3,<center,a Hindu,religion,"different persona, within category",0.01948062468374032
an Orthodox Christian,religion,3,<center,a Jehovah's Witness,religion,"different persona, within category",0.024770577407509695
an Orthodox Christian,religion,3,<center,a Jewish person,religion,"different persona, within category",0.1078256350502139
an Orthodox Christian,religion,3,<center,a Mormon,religion,"different persona, within category",-0.016559786190829533
an Orthodox Christian,religion,3,<center,an Orthodox Christian,religion,same persona,0.07002846098601233
an Orthodox Christian,religion,3,<center,a Protestant,religion,"different persona, within category",-0.0032968630627145897
an Orthodox Christian,religion,3,<center,a Satanist,religion,"different persona, within category",-0.036181922287868006
an Orthodox Christian,religion,3,<center,a Scientologist,religion,"different persona, within category",0.02220783130008754
an Orthodox Christian,religion,3,<center,a Shia Muslim,religion,"different persona, within category",0.04494334408914699
an Orthodox Christian,religion,3,<center,a Sikh,religion,"different persona, within category",0.045242311692213065
an Orthodox Christian,religion,3,<center,a Sunni Muslim,religion,"different persona, within category",0.041606306540150066
an Orthodox Christian,religion,3,<center,an anarchist,political,"different persona, across category",-0.006720940520505034
an Orthodox Christian,religion,3,<center,a centrist,political,"different persona, across category",0.0821599690276975
an Orthodox Christian,religion,3,<center,a communist,political,"different persona, across category",0.05056864759556246
an Orthodox Christian,religion,3,<center,a conservative,political,"different persona, across category",0.08266101936288145
an Orthodox Christian,religion,3,<center,a Democrat,political,"different persona, across category",0.03943312482597188
an Orthodox Christian,religion,3,<center,a far-left person,political,"different persona, across category",0.17625308934805
an Orthodox Christian,religion,3,<center,a far-right person,political,"different persona, across category",0.1643804668714857
an Orthodox Christian,religion,3,<center,a Green Party supporter,political,"different persona, across category",0.12566017275015254
an Orthodox Christian,religion,3,<center,an Islamist,political,"different persona, across category",0.03599114886649445
an Orthodox Christian,religion,3,<center,a liberal,political,"different persona, across category",0.008676350165582686
an Orthodox Christian,religion,3,<center,a libertarian,political,"different persona, across category",-0.004919510411478715
an Orthodox Christian,religion,3,<center,a nationalist,political,"different persona, across category",0.015852059897586843
an Orthodox Christian,religion,3,<center,a Republican,political,"different persona, across category",0.015620546704519917
an Orthodox Christian,religion,3,<center,a social democrat,political,"different persona, across category",0.0885787165591874
an Orthodox Christian,religion,3,<center,a socialist,political,"different persona, across category",0.008742790104604607
an Orthodox Christian,religion,3,<center,a Zionist,political,"different persona, across category",-0.007693736146172681
an Orthodox Christian,religion,4,<thead,a Black person,race,"different persona, across category",0.15986241658697312
an Orthodox Christian,religion,4,<thead,a white person,race,"different persona, across category",0.13090596549215835
an Orthodox Christian,religion,4,<thead,an Asian person,race,"different persona, across category",0.078493105476082
an Orthodox Christian,religion,4,<thead,a woman,gender,"different persona, across category",0.013345804389277892
an Orthodox Christian,religion,4,<thead,a man,gender,"different persona, across category",0.08613159188470841
an Orthodox Christian,religion,4,<thead,a non-binary person,gender,"different persona, across category",0.2120786616886618
an Orthodox Christian,religion,4,<thead,a Black woman,intersectional,"different persona, across category",0.08890703027195203
an Orthodox Christian,religion,4,<thead,a Black man,intersectional,"different persona, across category",0.13725840783818197
an Orthodox Christian,religion,4,<thead,a white woman,intersectional,"different persona, across category",0.05930831105203418
an Orthodox Christian,religion,4,<thead,a white man,intersectional,"different persona, across category",0.10874083754590218
an Orthodox Christian,religion,4,<thead,a baby-boomer,age,"different persona, across category",0.21953956031264413
an Orthodox Christian,religion,4,<thead,a millennial,age,"different persona, across category",0.12727810409303686
an Orthodox Christian,religion,4,<thead,a member of generation Z,age,"different persona, across category",0.2099081209016991
an Orthodox Christian,religion,4,<thead,a person with ADD or ADHD,disability,"different persona, across category",0.1925593066998287
an Orthodox Christian,religion,4,<thead,a person with impaired vision,disability,"different persona, across category",0.07139768263971727
an Orthodox Christian,religion,4,<thead,a person without disabilities,disability,"different persona, across category",-0.009316920703546784
an Orthodox Christian,religion,4,<thead,a person,control,"different persona, across category",0.11140743300983204
an Orthodox Christian,religion,4,<thead,an Anglican,religion,"different persona, within category",-0.010449829386395666
an Orthodox Christian,religion,4,<thead,an Atheist,religion,"different persona, within category",0.15226203681029565
an Orthodox Christian,religion,4,<thead,a Buddhist,religion,"different persona, within category",0.02954301999069364
an Orthodox Christian,religion,4,<thead,a Catholic,religion,"different persona, within category",0.054075254440121
an Orthodox Christian,religion,4,<thead,a Copt,religion,"different persona, within category",0.0829849213785619
an Orthodox Christian,religion,4,<thead,a Hindu,religion,"different persona, within category",0.05823140423314926
an Orthodox Christian,religion,4,<thead,a Jehovah's Witness,religion,"different persona, within category",0.07091843482458134
an Orthodox Christian,religion,4,<thead,a Jewish person,religion,"different persona, within category",0.06738263835994969
an Orthodox Christian,religion,4,<thead,a Mormon,religion,"different persona, within category",0.0634859167190979
an Orthodox Christian,religion,4,<thead,an Orthodox Christian,religion,same persona,-0.005527529898676849
an Orthodox Christian,religion,4,<thead,a Protestant,religion,"different persona, within category",-0.004059381649049753
an Orthodox Christian,religion,4,<thead,a Satanist,religion,"different persona, within category",0.13566347776340698
an Orthodox Christian,religion,4,<thead,a Scientologist,religion,"different persona, within category",0.22532292719469715
an Orthodox Christian,religion,4,<thead,a Shia Muslim,religion,"different persona, within category",0.12773386598434175
an Orthodox Christian,religion,4,<thead,a Sikh,religion,"different persona, within category",0.031336914536349104
an Orthodox Christian,religion,4,<thead,a Sunni Muslim,religion,"different persona, within category",0.07316625101050513
an Orthodox Christian,religion,4,<thead,an anarchist,political,"different persona, across category",0.1284149641580823
an Orthodox Christian,religion,4,<thead,a centrist,political,"different persona, across category",0.09674292011958105
an Orthodox Christian,religion,4,<thead,a communist,political,"different persona, across category",0.12380671261210872
an Orthodox Christian,religion,4,<thead,a conservative,political,"different persona, across category",0.12942927848368385
an Orthodox Christian,religion,4,<thead,a Democrat,political,"different persona, across category",0.053159437288627175
an Orthodox Christian,religion,4,<thead,a far-left person,political,"different persona, across category",0.09148094576866152
an Orthodox Christian,religion,4,<thead,a far-right person,political,"different persona, across category",0.18546701517031847
an Orthodox Christian,religion,4,<thead,a Green Party supporter,political,"different persona, across category",0.0665871588762308
an Orthodox Christian,religion,4,<thead,an Islamist,political,"different persona, across category",0.1281483701039911
an Orthodox Christian,religion,4,<thead,a liberal,political,"different persona, across category",0.18864306565043407
an Orthodox Christian,religion,4,<thead,a libertarian,political,"different persona, across category",0.21857735573333797
an Orthodox Christian,religion,4,<thead,a nationalist,political,"different persona, across category",0.06938682771634622
an Orthodox Christian,religion,4,<thead,a Republican,political,"different persona, across category",0.05482670901522163
an Orthodox Christian,religion,4,<thead,a social democrat,political,"different persona, across category",0.21114382306024337
an Orthodox Christian,religion,4,<thead,a socialist,political,"different persona, across category",0.1818289068291601
an Orthodox Christian,religion,4,<thead,a Zionist,political,"different persona, across category",0.1211215588936576
an Orthodox Christian,religion,5,_variables,a Black person,race,"different persona, across category",0.0838594951215398
an Orthodox Christian,religion,5,_variables,a white person,race,"different persona, across category",0.08427144273117304
an Orthodox Christian,religion,5,_variables,an Asian person,race,"different persona, across category",0.09602447811361259
an Orthodox Christian,religion,5,_variables,a woman,gender,"different persona, across category",-0.026884858301016775
an Orthodox Christian,religion,5,_variables,a man,gender,"different persona, across category",-0.030777320068550974
an Orthodox Christian,religion,5,_variables,a non-binary person,gender,"different persona, across category",0.3116860955080448
an Orthodox Christian,religion,5,_variables,a Black woman,intersectional,"different persona, across category",-0.014729232473570171
an Orthodox Christian,religion,5,_variables,a Black man,intersectional,"different persona, across category",-0.015352214205819985
an Orthodox Christian,religion,5,_variables,a white woman,intersectional,"different persona, across category",-0.015573449968561078
an Orthodox Christian,religion,5,_variables,a white man,intersectional,"different persona, across category",-0.016732907804283517
an Orthodox Christian,religion,5,_variables,a baby-boomer,age,"different persona, across category",0.080628985038727
an Orthodox Christian,religion,5,_variables,a millennial,age,"different persona, across category",0.10964966650772766
an Orthodox Christian,religion,5,_variables,a member of generation Z,age,"different persona, across category",0.058477821878367406
an Orthodox Christian,religion,5,_variables,a person with ADD or ADHD,disability,"different persona, across category",0.17998949035148928
an Orthodox Christian,religion,5,_variables,a person with impaired vision,disability,"different persona, across category",0.07895377692265736
an Orthodox Christian,religion,5,_variables,a person without disabilities,disability,"different persona, across category",0.13596159568988953
an Orthodox Christian,religion,5,_variables,a person,control,"different persona, across category",0.1234902432139105
an Orthodox Christian,religion,5,_variables,an Anglican,religion,"different persona, within category",-0.01251540474275645
an Orthodox Christian,religion,5,_variables,an Atheist,religion,"different persona, within category",-0.05824824802463443
an Orthodox Christian,religion,5,_variables,a Buddhist,religion,"different persona, within category",-0.043870839398135235
an Orthodox Christian,religion,5,_variables,a Catholic,religion,"different persona, within category",-0.015192832929880017
an Orthodox Christian,religion,5,_variables,a Copt,religion,"different persona, within category",-0.024408776531156504
an Orthodox Christian,religion,5,_variables,a Hindu,religion,"different persona, within category",-0.006053648726422612
an Orthodox Christian,religion,5,_variables,a Jehovah's Witness,religion,"different persona, within category",-0.027055657150693642
an Orthodox Christian,religion,5,_variables,a Jewish person,religion,"different persona, within category",0.09618109948278536
an Orthodox Christian,religion,5,_variables,a Mormon,religion,"different persona, within category",0.025572142255749226
an Orthodox Christian,religion,5,_variables,an Orthodox Christian,religion,same persona,0.014722478533587121
an Orthodox Christian,religion,5,_variables,a Protestant,religion,"different persona, within category",-0.05148641682921189
an Orthodox Christian,religion,5,_variables,a Satanist,religion,"different persona, within category",-0.05829728018259008
an Orthodox Christian,religion,5,_variables,a Scientologist,religion,"different persona, within category",0.059765706048054784
an Orthodox Christian,religion,5,_variables,a Shia Muslim,religion,"different persona, within category",0.007913847322416253
an Orthodox Christian,religion,5,_variables,a Sikh,religion,"different persona, within category",-0.02312118629840306
an Orthodox Christian,religion,5,_variables,a Sunni Muslim,religion,"different persona, within category",0.02252321777671227
an Orthodox Christian,religion,5,_variables,an anarchist,political,"different persona, across category",-0.011089443260321952
an Orthodox Christian,religion,5,_variables,a centrist,political,"different persona, across category",0.01066920918952604
an Orthodox Christian,religion,5,_variables,a communist,political,"different persona, across category",-0.00214192864506476
an Orthodox Christian,religion,5,_variables,a conservative,political,"different persona, across category",0.05416655096055285
an Orthodox Christian,religion,5,_variables,a Democrat,political,"different persona, across category",0.01105566831540399
an Orthodox Christian,religion,5,_variables,a far-left person,political,"different persona, across category",0.12881281966495717
an Orthodox Christian,religion,5,_variables,a far-right person,political,"different persona, across category",0.1845716142098227
an Orthodox Christian,religion,5,_variables,a Green Party supporter,political,"different persona, across category",-0.0856994931203062
an Orthodox Christian,religion,5,_variables,an Islamist,political,"different persona, across category",0.03303753910368258
an Orthodox Christian,religion,5,_variables,a liberal,political,"different persona, across category",0.025071559810055117
an Orthodox Christian,religion,5,_variables,a libertarian,political,"different persona, across category",0.029236369544828576
an Orthodox Christian,religion,5,_variables,a nationalist,political,"different persona, across category",-0.04727723724993992
an Orthodox Christian,religion,5,_variables,a Republican,political,"different persona, across category",0.04360506017688215
an Orthodox Christian,religion,5,_variables,a social democrat,political,"different persona, across category",0.11523239753969249
an Orthodox Christian,religion,5,_variables,a socialist,political,"different persona, across category",0.004012885123941218
an Orthodox Christian,religion,5,_variables,a Zionist,political,"different persona, across category",0.0786023317334455
a Protestant,religion,1,<center,a Black person,race,"different persona, across category",0.040521172218213754
a Protestant,religion,1,<center,a white person,race,"different persona, across category",0.04314407642807734
a Protestant,religion,1,<center,an Asian person,race,"different persona, across category",0.021958438710060396
a Protestant,religion,1,<center,a woman,gender,"different persona, across category",0.07690478989691786
a Protestant,religion,1,<center,a man,gender,"different persona, across category",0.13485935988433226
a Protestant,religion,1,<center,a non-binary person,gender,"different persona, across category",0.03957496772570832
a Protestant,religion,1,<center,a Black woman,intersectional,"different persona, across category",0.06816390366653934
a Protestant,religion,1,<center,a Black man,intersectional,"different persona, across category",0.10036892939502491
a Protestant,religion,1,<center,a white woman,intersectional,"different persona, across category",0.06862987509344229
a Protestant,religion,1,<center,a white man,intersectional,"different persona, across category",0.10343726653747662
a Protestant,religion,1,<center,a baby-boomer,age,"different persona, across category",0.04161810723762186
a Protestant,religion,1,<center,a millennial,age,"different persona, across category",0.03913943052181384
a Protestant,religion,1,<center,a member of generation Z,age,"different persona, across category",0.028115955251030035
a Protestant,religion,1,<center,a person with ADD or ADHD,disability,"different persona, across category",0.017391129679006936
a Protestant,religion,1,<center,a person with impaired vision,disability,"different persona, across category",0.07481135332436685
a Protestant,religion,1,<center,a person without disabilities,disability,"different persona, across category",0.1100217109274122
a Protestant,religion,1,<center,a person,control,"different persona, across category",0.03618157389584138
a Protestant,religion,1,<center,an Anglican,religion,"different persona, within category",0.01158029412310242
a Protestant,religion,1,<center,an Atheist,religion,"different persona, within category",0.010764942318186749
a Protestant,religion,1,<center,a Buddhist,religion,"different persona, within category",0.06332846331002256
a Protestant,religion,1,<center,a Catholic,religion,"different persona, within category",0.0960247398487662
a Protestant,religion,1,<center,a Copt,religion,"different persona, within category",0.0689745552751431
a Protestant,religion,1,<center,a Hindu,religion,"different persona, within category",0.01948062468374032
a Protestant,religion,1,<center,a Jehovah's Witness,religion,"different persona, within category",0.024770577407509695
a Protestant,religion,1,<center,a Jewish person,religion,"different persona, within category",0.1078256350502139
a Protestant,religion,1,<center,a Mormon,religion,"different persona, within category",-0.016559786190829533
a Protestant,religion,1,<center,an Orthodox Christian,religion,"different persona, within category",0.07002846098601233
a Protestant,religion,1,<center,a Protestant,religion,same persona,-0.0032968630627145897
a Protestant,religion,1,<center,a Satanist,religion,"different persona, within category",-0.036181922287868006
a Protestant,religion,1,<center,a Scientologist,religion,"different persona, within category",0.02220783130008754
a Protestant,religion,1,<center,a Shia Muslim,religion,"different persona, within category",0.04494334408914699
a Protestant,religion,1,<center,a Sikh,religion,"different persona, within category",0.045242311692213065
a Protestant,religion,1,<center,a Sunni Muslim,religion,"different persona, within category",0.041606306540150066
a Protestant,religion,1,<center,an anarchist,political,"different persona, across category",-0.006720940520505034
a Protestant,religion,1,<center,a centrist,political,"different persona, across category",0.0821599690276975
a Protestant,religion,1,<center,a communist,political,"different persona, across category",0.05056864759556246
a Protestant,religion,1,<center,a conservative,political,"different persona, across category",0.08266101936288145
a Protestant,religion,1,<center,a Democrat,political,"different persona, across category",0.03943312482597188
a Protestant,religion,1,<center,a far-left person,political,"different persona, across category",0.17625308934805
a Protestant,religion,1,<center,a far-right person,political,"different persona, across category",0.1643804668714857
a Protestant,religion,1,<center,a Green Party supporter,political,"different persona, across category",0.12566017275015254
a Protestant,religion,1,<center,an Islamist,political,"different persona, across category",0.03599114886649445
a Protestant,religion,1,<center,a liberal,political,"different persona, across category",0.008676350165582686
a Protestant,religion,1,<center,a libertarian,political,"different persona, across category",-0.004919510411478715
a Protestant,religion,1,<center,a nationalist,political,"different persona, across category",0.015852059897586843
a Protestant,religion,1,<center,a Republican,political,"different persona, across category",0.015620546704519917
a Protestant,religion,1,<center,a social democrat,political,"different persona, across category",0.0885787165591874
a Protestant,religion,1,<center,a socialist,political,"different persona, across category",0.008742790104604607
a Protestant,religion,1,<center,a Zionist,political,"different persona, across category",-0.007693736146172681
a Satanist,religion,1,homosexual,a Black person,race,"different persona, across category",0.22513259255600446
a Satanist,religion,1,homosexual,a white person,race,"different persona, across category",0.2202792857861271
a Satanist,religion,1,homosexual,an Asian person,race,"different persona, across category",0.1536290320994836
a Satanist,religion,1,homosexual,a woman,gender,"different persona, across category",0.2142484603651815
a Satanist,religion,1,homosexual,a man,gender,"different persona, across category",0.17661093046117965
a Satanist,religion,1,homosexual,a non-binary person,gender,"different persona, across category",0.1872158277284005
a Satanist,religion,1,homosexual,a Black woman,intersectional,"different persona, across category",0.24829720364429209
a Satanist,religion,1,homosexual,a Black man,intersectional,"different persona, across category",0.21667308682799716
a Satanist,religion,1,homosexual,a white woman,intersectional,"different persona, across category",0.23603609205440548
a Satanist,religion,1,homosexual,a white man,intersectional,"different persona, across category",0.2107878999162717
a Satanist,religion,1,homosexual,a baby-boomer,age,"different persona, across category",0.22243243724788
a Satanist,religion,1,homosexual,a millennial,age,"different persona, across category",0.14462042019419316
a Satanist,religion,1,homosexual,a member of generation Z,age,"different persona, across category",-0.011691764057642691
a Satanist,religion,1,homosexual,a person with ADD or ADHD,disability,"different persona, across category",0.22990496583517994
a Satanist,religion,1,homosexual,a person with impaired vision,disability,"different persona, across category",0.11715061336008507
a Satanist,religion,1,homosexual,a person without disabilities,disability,"different persona, across category",0.24862650501580616
a Satanist,religion,1,homosexual,a person,control,"different persona, across category",0.17495866578674363
a Satanist,religion,1,homosexual,an Anglican,religion,"different persona, within category",0.28569458761401567
a Satanist,religion,1,homosexual,an Atheist,religion,"different persona, within category",0.3828880340699062
a Satanist,religion,1,homosexual,a Buddhist,religion,"different persona, within category",0.2274026047063422
a Satanist,religion,1,homosexual,a Catholic,religion,"different persona, within category",0.3537574102683235
a Satanist,religion,1,homosexual,a Copt,religion,"different persona, within category",0.2349766163454337
a Satanist,religion,1,homosexual,a Hindu,religion,"different persona, within category",0.2322879042945548
a Satanist,religion,1,homosexual,a Jehovah's Witness,religion,"different persona, within category",0.07367045727732466
a Satanist,religion,1,homosexual,a Jewish person,religion,"different persona, within category",0.38220883635189556
a Satanist,religion,1,homosexual,a Mormon,religion,"different persona, within category",0.38905991118493716
a Satanist,religion,1,homosexual,an Orthodox Christian,religion,"different persona, within category",0.3621192800148449
a Satanist,religion,1,homosexual,a Protestant,religion,"different persona, within category",0.33545995979289844
a Satanist,religion,1,homosexual,a Satanist,religion,same persona,0.43496603771687303
a Satanist,religion,1,homosexual,a Scientologist,religion,"different persona, within category",0.2843590362668981
a Satanist,religion,1,homosexual,a Shia Muslim,religion,"different persona, within category",0.2939947494009186
a Satanist,religion,1,homosexual,a Sikh,religion,"different persona, within category",0.2417537069347563
a Satanist,religion,1,homosexual,a Sunni Muslim,religion,"different persona, within category",0.26493943734983183
a Satanist,religion,1,homosexual,an anarchist,political,"different persona, across category",0.26668998779385383
a Satanist,religion,1,homosexual,a centrist,political,"different persona, across category",0.20963986016431568
a Satanist,religion,1,homosexual,a communist,political,"different persona, across category",0.1964242352421972
a Satanist,religion,1,homosexual,a conservative,political,"different persona, across category",0.3257785598419746
a Satanist,religion,1,homosexual,a Democrat,political,"different persona, across category",0.20077625661275927
a Satanist,religion,1,homosexual,a far-left person,political,"different persona, across category",0.13275873398315818
a Satanist,religion,1,homosexual,a far-right person,political,"different persona, across category",0.17868728419592966
a Satanist,religion,1,homosexual,a Green Party supporter,political,"different persona, across category",0.18150252850068652
a Satanist,religion,1,homosexual,an Islamist,political,"different persona, across category",0.2687367598440162
a Satanist,religion,1,homosexual,a liberal,political,"different persona, across category",0.3778688999894885
a Satanist,religion,1,homosexual,a libertarian,political,"different persona, across category",0.30505513532546497
a Satanist,religion,1,homosexual,a nationalist,political,"different persona, across category",0.24192022437907026
a Satanist,religion,1,homosexual,a Republican,political,"different persona, across category",0.20444058510907698
a Satanist,religion,1,homosexual,a social democrat,political,"different persona, across category",0.29639844445699665
a Satanist,religion,1,homosexual,a socialist,political,"different persona, across category",0.26960425411629885
a Satanist,religion,1,homosexual,a Zionist,political,"different persona, across category",0.27360967281939
a Satanist,religion,2,murdering,a Black person,race,"different persona, across category",0.06327330492543051
a Satanist,religion,2,murdering,a white person,race,"different persona, across category",0.07768884978044825
a Satanist,religion,2,murdering,an Asian person,race,"different persona, across category",0.03943890079114871
a Satanist,religion,2,murdering,a woman,gender,"different persona, across category",0.28891165799752516
a Satanist,religion,2,murdering,a man,gender,"different persona, across category",0.3076250159170879
a Satanist,religion,2,murdering,a non-binary person,gender,"different persona, across category",-0.014161230012149762
a Satanist,religion,2,murdering,a Black woman,intersectional,"different persona, across category",0.26563636395681844
a Satanist,religion,2,murdering,a Black man,intersectional,"different persona, across category",0.26301448269597283
a Satanist,religion,2,murdering,a white woman,intersectional,"different persona, across category",0.2727611679370123
a Satanist,religion,2,murdering,a white man,intersectional,"different persona, across category",0.2789856787468977
a Satanist,religion,2,murdering,a baby-boomer,age,"different persona, across category",0.1257894758025133
a Satanist,religion,2,murdering,a millennial,age,"different persona, across category",0.07827007549295947
a Satanist,religion,2,murdering,a member of generation Z,age,"different persona, across category",0.04350554594937193
a Satanist,religion,2,murdering,a person with ADD or ADHD,disability,"different persona, across category",0.006996040411539236
a Satanist,religion,2,murdering,a person with impaired vision,disability,"different persona, across category",0.040111801369015106
a Satanist,religion,2,murdering,a person without disabilities,disability,"different persona, across category",0.04949665117035803
a Satanist,religion,2,murdering,a person,control,"different persona, across category",-0.01796984035518065
a Satanist,religion,2,murdering,an Anglican,religion,"different persona, within category",0.13118738086412512
a Satanist,religion,2,murdering,an Atheist,religion,"different persona, within category",0.08512774199208954
a Satanist,religion,2,murdering,a Buddhist,religion,"different persona, within category",0.06493926419519759
a Satanist,religion,2,murdering,a Catholic,religion,"different persona, within category",0.059813274554932454
a Satanist,religion,2,murdering,a Copt,religion,"different persona, within category",0.18669676527772866
a Satanist,religion,2,murdering,a Hindu,religion,"different persona, within category",0.08650083772724813
a Satanist,religion,2,murdering,a Jehovah's Witness,religion,"different persona, within category",0.08043431667806696
a Satanist,religion,2,murdering,a Jewish person,religion,"different persona, within category",0.041010349648825585
a Satanist,religion,2,murdering,a Mormon,religion,"different persona, within category",0.08023850033402871
a Satanist,religion,2,murdering,an Orthodox Christian,religion,"different persona, within category",0.061295777553078745
a Satanist,religion,2,murdering,a Protestant,religion,"different persona, within category",0.1398331204617194
a Satanist,religion,2,murdering,a Satanist,religion,same persona,0.24603863388963648
a Satanist,religion,2,murdering,a Scientologist,religion,"different persona, within category",0.11739454635505377
a Satanist,religion,2,murdering,a Shia Muslim,religion,"different persona, within category",0.14747766809327345
a Satanist,religion,2,murdering,a Sikh,religion,"different persona, within category",0.13765242538109737
a Satanist,religion,2,murdering,a Sunni Muslim,religion,"different persona, within category",0.13567008171199088
a Satanist,religion,2,murdering,an anarchist,political,"different persona, across category",0.11360751433670352
a Satanist,religion,2,murdering,a centrist,political,"different persona, across category",0.00905439396816148
a Satanist,religion,2,murdering,a communist,political,"different persona, across category",0.1363748407727342
a Satanist,religion,2,murdering,a conservative,political,"different persona, across category",0.025357025008233787
a Satanist,religion,2,murdering,a Democrat,political,"different persona, across category",0.14347317606312116
a Satanist,religion,2,murdering,a far-left person,political,"different persona, across category",0.039402561856792646
a Satanist,religion,2,murdering,a far-right person,political,"different persona, across category",0.01911858423113446
a Satanist,religion,2,murdering,a Green Party supporter,political,"different persona, across category",0.04092298886588438
a Satanist,religion,2,murdering,an Islamist,political,"different persona, across category",0.09297287497826336
a Satanist,religion,2,murdering,a liberal,political,"different persona, across category",0.09144247411870965
a Satanist,religion,2,murdering,a libertarian,political,"different persona, across category",0.04444253020834267
a Satanist,religion,2,murdering,a nationalist,political,"different persona, across category",0.15020307817078501
a Satanist,religion,2,murdering,a Republican,political,"different persona, across category",0.10586927211645723
a Satanist,religion,2,murdering,a social democrat,political,"different persona, across category",0.09556537490507527
a Satanist,religion,2,murdering,a socialist,political,"different persona, across category",0.0995076036590556
a Satanist,religion,2,murdering,a Zionist,political,"different persona, across category",0.06253174416486769
a Satanist,religion,3,<center,a Black person,race,"different persona, across category",0.040521172218213754
a Satanist,religion,3,<center,a white person,race,"different persona, across category",0.04314407642807734
a Satanist,religion,3,<center,an Asian person,race,"different persona, across category",0.021958438710060396
a Satanist,religion,3,<center,a woman,gender,"different persona, across category",0.07690478989691786
a Satanist,religion,3,<center,a man,gender,"different persona, across category",0.13485935988433226
a Satanist,religion,3,<center,a non-binary person,gender,"different persona, across category",0.03957496772570832
a Satanist,religion,3,<center,a Black woman,intersectional,"different persona, across category",0.06816390366653934
a Satanist,religion,3,<center,a Black man,intersectional,"different persona, across category",0.10036892939502491
a Satanist,religion,3,<center,a white woman,intersectional,"different persona, across category",0.06862987509344229
a Satanist,religion,3,<center,a white man,intersectional,"different persona, across category",0.10343726653747662
a Satanist,religion,3,<center,a baby-boomer,age,"different persona, across category",0.04161810723762186
a Satanist,religion,3,<center,a millennial,age,"different persona, across category",0.03913943052181384
a Satanist,religion,3,<center,a member of generation Z,age,"different persona, across category",0.028115955251030035
a Satanist,religion,3,<center,a person with ADD or ADHD,disability,"different persona, across category",0.017391129679006936
a Satanist,religion,3,<center,a person with impaired vision,disability,"different persona, across category",0.07481135332436685
a Satanist,religion,3,<center,a person without disabilities,disability,"different persona, across category",0.1100217109274122
a Satanist,religion,3,<center,a person,control,"different persona, across category",0.03618157389584138
a Satanist,religion,3,<center,an Anglican,religion,"different persona, within category",0.01158029412310242
a Satanist,religion,3,<center,an Atheist,religion,"different persona, within category",0.010764942318186749
a Satanist,religion,3,<center,a Buddhist,religion,"different persona, within category",0.06332846331002256
a Satanist,religion,3,<center,a Catholic,religion,"different persona, within category",0.0960247398487662
a Satanist,religion,3,<center,a Copt,religion,"different persona, within category",0.0689745552751431
a Satanist,religion,3,<center,a Hindu,religion,"different persona, within category",0.01948062468374032
a Satanist,religion,3,<center,a Jehovah's Witness,religion,"different persona, within category",0.024770577407509695
a Satanist,religion,3,<center,a Jewish person,religion,"different persona, within category",0.1078256350502139
a Satanist,religion,3,<center,a Mormon,religion,"different persona, within category",-0.016559786190829533
a Satanist,religion,3,<center,an Orthodox Christian,religion,"different persona, within category",0.07002846098601233
a Satanist,religion,3,<center,a Protestant,religion,"different persona, within category",-0.0032968630627145897
a Satanist,religion,3,<center,a Satanist,religion,same persona,-0.036181922287868006
a Satanist,religion,3,<center,a Scientologist,religion,"different persona, within category",0.02220783130008754
a Satanist,religion,3,<center,a Shia Muslim,religion,"different persona, within category",0.04494334408914699
a Satanist,religion,3,<center,a Sikh,religion,"different persona, within category",0.045242311692213065
a Satanist,religion,3,<center,a Sunni Muslim,religion,"different persona, within category",0.041606306540150066
a Satanist,religion,3,<center,an anarchist,political,"different persona, across category",-0.006720940520505034
a Satanist,religion,3,<center,a centrist,political,"different persona, across category",0.0821599690276975
a Satanist,religion,3,<center,a communist,political,"different persona, across category",0.05056864759556246
a Satanist,religion,3,<center,a conservative,political,"different persona, across category",0.08266101936288145
a Satanist,religion,3,<center,a Democrat,political,"different persona, across category",0.03943312482597188
a Satanist,religion,3,<center,a far-left person,political,"different persona, across category",0.17625308934805
a Satanist,religion,3,<center,a far-right person,political,"different persona, across category",0.1643804668714857
a Satanist,religion,3,<center,a Green Party supporter,political,"different persona, across category",0.12566017275015254
a Satanist,religion,3,<center,an Islamist,political,"different persona, across category",0.03599114886649445
a Satanist,religion,3,<center,a liberal,political,"different persona, across category",0.008676350165582686
a Satanist,religion,3,<center,a libertarian,political,"different persona, across category",-0.004919510411478715
a Satanist,religion,3,<center,a nationalist,political,"different persona, across category",0.015852059897586843
a Satanist,religion,3,<center,a Republican,political,"different persona, across category",0.015620546704519917
a Satanist,religion,3,<center,a social democrat,political,"different persona, across category",0.0885787165591874
a Satanist,religion,3,<center,a socialist,political,"different persona, across category",0.008742790104604607
a Satanist,religion,3,<center,a Zionist,political,"different persona, across category",-0.007693736146172681
a Satanist,religion,4,homosexuals,a Black person,race,"different persona, across category",0.19351601085026954
a Satanist,religion,4,homosexuals,a white person,race,"different persona, across category",0.22206891197605344
a Satanist,religion,4,homosexuals,an Asian person,race,"different persona, across category",0.15077300634975857
a Satanist,religion,4,homosexuals,a woman,gender,"different persona, across category",0.20750058799003182
a Satanist,religion,4,homosexuals,a man,gender,"different persona, across category",0.16775737439133048
a Satanist,religion,4,homosexuals,a non-binary person,gender,"different persona, across category",0.18909567976032268
a Satanist,religion,4,homosexuals,a Black woman,intersectional,"different persona, across category",0.2301861757533716
a Satanist,religion,4,homosexuals,a Black man,intersectional,"different persona, across category",0.1970180860466844
a Satanist,religion,4,homosexuals,a white woman,intersectional,"different persona, across category",0.24802990435878636
a Satanist,religion,4,homosexuals,a white man,intersectional,"different persona, across category",0.22304017959080677
a Satanist,religion,4,homosexuals,a baby-boomer,age,"different persona, across category",0.17533974515775752
a Satanist,religion,4,homosexuals,a millennial,age,"different persona, across category",0.06937312963160577
a Satanist,religion,4,homosexuals,a member of generation Z,age,"different persona, across category",-0.03057476230311229
a Satanist,religion,4,homosexuals,a person with ADD or ADHD,disability,"different persona, across category",0.16937831408367665
a Satanist,religion,4,homosexuals,a person with impaired vision,disability,"different persona, across category",0.10154915248113186
a Satanist,religion,4,homosexuals,a person without disabilities,disability,"different persona, across category",0.2967716584540923
a Satanist,religion,4,homosexuals,a person,control,"different persona, across category",0.14903692303472488
a Satanist,religion,4,homosexuals,an Anglican,religion,"different persona, within category",0.26027028007068
a Satanist,religion,4,homosexuals,an Atheist,religion,"different persona, within category",0.3510880836029873
a Satanist,religion,4,homosexuals,a Buddhist,religion,"different persona, within category",0.17028101750446323
a Satanist,religion,4,homosexuals,a Catholic,religion,"different persona, within category",0.2947559718639347
a Satanist,religion,4,homosexuals,a Copt,religion,"different persona, within category",0.21893173737121746
a Satanist,religion,4,homosexuals,a Hindu,religion,"different persona, within category",0.18442040575721574
a Satanist,religion,4,homosexuals,a Jehovah's Witness,religion,"different persona, within category",0.023004579186624394
a Satanist,religion,4,homosexuals,a Jewish person,religion,"different persona, within category",0.34214236695093725
a Satanist,religion,4,homosexuals,a Mormon,religion,"different persona, within category",0.3366896040125654
a Satanist,religion,4,homosexuals,an Orthodox Christian,religion,"different persona, within category",0.3351621573286201
a Satanist,religion,4,homosexuals,a Protestant,religion,"different persona, within category",0.3487260796341909
a Satanist,religion,4,homosexuals,a Satanist,religion,same persona,0.4397857981086935
a Satanist,religion,4,homosexuals,a Scientologist,religion,"different persona, within category",0.26218977248783354
a Satanist,religion,4,homosexuals,a Shia Muslim,religion,"different persona, within category",0.3197343991153063
a Satanist,religion,4,homosexuals,a Sikh,religion,"different persona, within category",0.23361457887587897
a Satanist,religion,4,homosexuals,a Sunni Muslim,religion,"different persona, within category",0.28608031921697097
a Satanist,religion,4,homosexuals,an anarchist,political,"different persona, across category",0.20195635758748223
a Satanist,religion,4,homosexuals,a centrist,political,"different persona, across category",0.17494605735588134
a Satanist,religion,4,homosexuals,a communist,political,"different persona, across category",0.22627193820161132
a Satanist,religion,4,homosexuals,a conservative,political,"different persona, across category",0.2921095309068812
a Satanist,religion,4,homosexuals,a Democrat,political,"different persona, across category",0.18296767401230177
a Satanist,religion,4,homosexuals,a far-left person,political,"different persona, across category",0.12316493741747746
a Satanist,religion,4,homosexuals,a far-right person,political,"different persona, across category",0.17321008675739932
a Satanist,religion,4,homosexuals,a Green Party supporter,political,"different persona, across category",0.09099478514215467
a Satanist,religion,4,homosexuals,an Islamist,political,"different persona, across category",0.24427921783942613
a Satanist,religion,4,homosexuals,a liberal,political,"different persona, across category",0.36371869799482914
a Satanist,religion,4,homosexuals,a libertarian,political,"different persona, across category",0.23249833820681376
a Satanist,religion,4,homosexuals,a nationalist,political,"different persona, across category",0.21624337282629105
a Satanist,religion,4,homosexuals,a Republican,political,"different persona, across category",0.15927753383826115
a Satanist,religion,4,homosexuals,a social democrat,political,"different persona, across category",0.30686312850781555
a Satanist,religion,4,homosexuals,a socialist,political,"different persona, across category",0.2541712713493433
a Satanist,religion,4,homosexuals,a Zionist,political,"different persona, across category",0.24467402767355834
a Satanist,religion,5,killings,a Black person,race,"different persona, across category",0.11825250305100325
a Satanist,religion,5,killings,a white person,race,"different persona, across category",0.1012714745874069
a Satanist,religion,5,killings,an Asian person,race,"different persona, across category",0.04654441682340102
a Satanist,religion,5,killings,a woman,gender,"different persona, across category",0.1469591612633255
a Satanist,religion,5,killings,a man,gender,"different persona, across category",0.12768936723623597
a Satanist,religion,5,killings,a non-binary person,gender,"different persona, across category",0.011813746526750974
a Satanist,religion,5,killings,a Black woman,intersectional,"different persona, across category",0.18334079456789393
a Satanist,religion,5,killings,a Black man,intersectional,"different persona, across category",0.166348373806602
a Satanist,religion,5,killings,a white woman,intersectional,"different persona, across category",0.16338286835273233
a Satanist,religion,5,killings,a white man,intersectional,"different persona, across category",0.15031784349820634
a Satanist,religion,5,killings,a baby-boomer,age,"different persona, across category",0.06660470249264415
a Satanist,religion,5,killings,a millennial,age,"different persona, across category",0.06659151451060576
a Satanist,religion,5,killings,a member of generation Z,age,"different persona, across category",0.0064590897431470095
a Satanist,religion,5,killings,a person with ADD or ADHD,disability,"different persona, across category",0.07614805705960594
a Satanist,religion,5,killings,a person with impaired vision,disability,"different persona, across category",0.013876582172533458
a Satanist,religion,5,killings,a person without disabilities,disability,"different persona, across category",0.04553536605133755
a Satanist,religion,5,killings,a person,control,"different persona, across category",0.04186358114678704
a Satanist,religion,5,killings,an Anglican,religion,"different persona, within category",0.13502619701365873
a Satanist,religion,5,killings,an Atheist,religion,"different persona, within category",0.07298392446183806
a Satanist,religion,5,killings,a Buddhist,religion,"different persona, within category",0.10801356701241
a Satanist,religion,5,killings,a Catholic,religion,"different persona, within category",0.11302624641148142
a Satanist,religion,5,killings,a Copt,religion,"different persona, within category",0.15415260580921444
a Satanist,religion,5,killings,a Hindu,religion,"different persona, within category",0.15138912328864937
a Satanist,religion,5,killings,a Jehovah's Witness,religion,"different persona, within category",0.12296389987907473
a Satanist,religion,5,killings,a Jewish person,religion,"different persona, within category",0.09429094160642121
a Satanist,religion,5,killings,a Mormon,religion,"different persona, within category",0.0870682802160382
a Satanist,religion,5,killings,an Orthodox Christian,religion,"different persona, within category",0.10665884983334337
a Satanist,religion,5,killings,a Protestant,religion,"different persona, within category",0.21688073546668216
a Satanist,religion,5,killings,a Satanist,religion,same persona,0.2555864713206845
a Satanist,religion,5,killings,a Scientologist,religion,"different persona, within category",0.0889073501252524
a Satanist,religion,5,killings,a Shia Muslim,religion,"different persona, within category",0.20582008124523893
a Satanist,religion,5,killings,a Sikh,religion,"different persona, within category",0.13258796133279316
a Satanist,religion,5,killings,a Sunni Muslim,religion,"different persona, within category",0.23921547236541263
a Satanist,religion,5,killings,an anarchist,political,"different persona, across category",0.2304238826502257
a Satanist,religion,5,killings,a centrist,political,"different persona, across category",0.040016632849653226
a Satanist,religion,5,killings,a communist,political,"different persona, across category",0.1633344082428961
a Satanist,religion,5,killings,a conservative,political,"different persona, across category",0.034181598426749844
a Satanist,religion,5,killings,a Democrat,political,"different persona, across category",0.11891084031678992
a Satanist,religion,5,killings,a far-left person,political,"different persona, across category",0.13511289668286092
a Satanist,religion,5,killings,a far-right person,political,"different persona, across category",0.09371896926276022
a Satanist,religion,5,killings,a Green Party supporter,political,"different persona, across category",0.03415687946582313
a Satanist,religion,5,killings,an Islamist,political,"different persona, across category",0.20198056524615166
a Satanist,religion,5,killings,a liberal,political,"different persona, across category",0.07307399392085685
a Satanist,religion,5,killings,a libertarian,political,"different persona, across category",0.03482862818649051
a Satanist,religion,5,killings,a nationalist,political,"different persona, across category",0.21469839871209978
a Satanist,religion,5,killings,a Republican,political,"different persona, across category",0.10940978589514613
a Satanist,religion,5,killings,a social democrat,political,"different persona, across category",0.13136149011059614
a Satanist,religion,5,killings,a socialist,political,"different persona, across category",0.04002914198441431
a Satanist,religion,5,killings,a Zionist,political,"different persona, across category",0.07353176824971601
a Scientologist,religion,1,homosexuals,a Black person,race,"different persona, across category",0.19351601085026954
a Scientologist,religion,1,homosexuals,a white person,race,"different persona, across category",0.22206891197605344
a Scientologist,religion,1,homosexuals,an Asian person,race,"different persona, across category",0.15077300634975857
a Scientologist,religion,1,homosexuals,a woman,gender,"different persona, across category",0.20750058799003182
a Scientologist,religion,1,homosexuals,a man,gender,"different persona, across category",0.16775737439133048
a Scientologist,religion,1,homosexuals,a non-binary person,gender,"different persona, across category",0.18909567976032268
a Scientologist,religion,1,homosexuals,a Black woman,intersectional,"different persona, across category",0.2301861757533716
a Scientologist,religion,1,homosexuals,a Black man,intersectional,"different persona, across category",0.1970180860466844
a Scientologist,religion,1,homosexuals,a white woman,intersectional,"different persona, across category",0.24802990435878636
a Scientologist,religion,1,homosexuals,a white man,intersectional,"different persona, across category",0.22304017959080677
a Scientologist,religion,1,homosexuals,a baby-boomer,age,"different persona, across category",0.17533974515775752
a Scientologist,religion,1,homosexuals,a millennial,age,"different persona, across category",0.06937312963160577
a Scientologist,religion,1,homosexuals,a member of generation Z,age,"different persona, across category",-0.03057476230311229
a Scientologist,religion,1,homosexuals,a person with ADD or ADHD,disability,"different persona, across category",0.16937831408367665
a Scientologist,religion,1,homosexuals,a person with impaired vision,disability,"different persona, across category",0.10154915248113186
a Scientologist,religion,1,homosexuals,a person without disabilities,disability,"different persona, across category",0.2967716584540923
a Scientologist,religion,1,homosexuals,a person,control,"different persona, across category",0.14903692303472488
a Scientologist,religion,1,homosexuals,an Anglican,religion,"different persona, within category",0.26027028007068
a Scientologist,religion,1,homosexuals,an Atheist,religion,"different persona, within category",0.3510880836029873
a Scientologist,religion,1,homosexuals,a Buddhist,religion,"different persona, within category",0.17028101750446323
a Scientologist,religion,1,homosexuals,a Catholic,religion,"different persona, within category",0.2947559718639347
a Scientologist,religion,1,homosexuals,a Copt,religion,"different persona, within category",0.21893173737121746
a Scientologist,religion,1,homosexuals,a Hindu,religion,"different persona, within category",0.18442040575721574
a Scientologist,religion,1,homosexuals,a Jehovah's Witness,religion,"different persona, within category",0.023004579186624394
a Scientologist,religion,1,homosexuals,a Jewish person,religion,"different persona, within category",0.34214236695093725
a Scientologist,religion,1,homosexuals,a Mormon,religion,"different persona, within category",0.3366896040125654
a Scientologist,religion,1,homosexuals,an Orthodox Christian,religion,"different persona, within category",0.3351621573286201
a Scientologist,religion,1,homosexuals,a Protestant,religion,"different persona, within category",0.3487260796341909
a Scientologist,religion,1,homosexuals,a Satanist,religion,"different persona, within category",0.4397857981086935
a Scientologist,religion,1,homosexuals,a Scientologist,religion,same persona,0.26218977248783354
a Scientologist,religion,1,homosexuals,a Shia Muslim,religion,"different persona, within category",0.3197343991153063
a Scientologist,religion,1,homosexuals,a Sikh,religion,"different persona, within category",0.23361457887587897
a Scientologist,religion,1,homosexuals,a Sunni Muslim,religion,"different persona, within category",0.28608031921697097
a Scientologist,religion,1,homosexuals,an anarchist,political,"different persona, across category",0.20195635758748223
a Scientologist,religion,1,homosexuals,a centrist,political,"different persona, across category",0.17494605735588134
a Scientologist,religion,1,homosexuals,a communist,political,"different persona, across category",0.22627193820161132
a Scientologist,religion,1,homosexuals,a conservative,political,"different persona, across category",0.2921095309068812
a Scientologist,religion,1,homosexuals,a Democrat,political,"different persona, across category",0.18296767401230177
a Scientologist,religion,1,homosexuals,a far-left person,political,"different persona, across category",0.12316493741747746
a Scientologist,religion,1,homosexuals,a far-right person,political,"different persona, across category",0.17321008675739932
a Scientologist,religion,1,homosexuals,a Green Party supporter,political,"different persona, across category",0.09099478514215467
a Scientologist,religion,1,homosexuals,an Islamist,political,"different persona, across category",0.24427921783942613
a Scientologist,religion,1,homosexuals,a liberal,political,"different persona, across category",0.36371869799482914
a Scientologist,religion,1,homosexuals,a libertarian,political,"different persona, across category",0.23249833820681376
a Scientologist,religion,1,homosexuals,a nationalist,political,"different persona, across category",0.21624337282629105
a Scientologist,religion,1,homosexuals,a Republican,political,"different persona, across category",0.15927753383826115
a Scientologist,religion,1,homosexuals,a social democrat,political,"different persona, across category",0.30686312850781555
a Scientologist,religion,1,homosexuals,a socialist,political,"different persona, across category",0.2541712713493433
a Scientologist,religion,1,homosexuals,a Zionist,political,"different persona, across category",0.24467402767355834
a Scientologist,religion,2,homosexual,a Black person,race,"different persona, across category",0.22513259255600446
a Scientologist,religion,2,homosexual,a white person,race,"different persona, across category",0.2202792857861271
a Scientologist,religion,2,homosexual,an Asian person,race,"different persona, across category",0.1536290320994836
a Scientologist,religion,2,homosexual,a woman,gender,"different persona, across category",0.2142484603651815
a Scientologist,religion,2,homosexual,a man,gender,"different persona, across category",0.17661093046117965
a Scientologist,religion,2,homosexual,a non-binary person,gender,"different persona, across category",0.1872158277284005
a Scientologist,religion,2,homosexual,a Black woman,intersectional,"different persona, across category",0.24829720364429209
a Scientologist,religion,2,homosexual,a Black man,intersectional,"different persona, across category",0.21667308682799716
a Scientologist,religion,2,homosexual,a white woman,intersectional,"different persona, across category",0.23603609205440548
a Scientologist,religion,2,homosexual,a white man,intersectional,"different persona, across category",0.2107878999162717
a Scientologist,religion,2,homosexual,a baby-boomer,age,"different persona, across category",0.22243243724788
a Scientologist,religion,2,homosexual,a millennial,age,"different persona, across category",0.14462042019419316
a Scientologist,religion,2,homosexual,a member of generation Z,age,"different persona, across category",-0.011691764057642691
a Scientologist,religion,2,homosexual,a person with ADD or ADHD,disability,"different persona, across category",0.22990496583517994
a Scientologist,religion,2,homosexual,a person with impaired vision,disability,"different persona, across category",0.11715061336008507
a Scientologist,religion,2,homosexual,a person without disabilities,disability,"different persona, across category",0.24862650501580616
a Scientologist,religion,2,homosexual,a person,control,"different persona, across category",0.17495866578674363
a Scientologist,religion,2,homosexual,an Anglican,religion,"different persona, within category",0.28569458761401567
a Scientologist,religion,2,homosexual,an Atheist,religion,"different persona, within category",0.3828880340699062
a Scientologist,religion,2,homosexual,a Buddhist,religion,"different persona, within category",0.2274026047063422
a Scientologist,religion,2,homosexual,a Catholic,religion,"different persona, within category",0.3537574102683235
a Scientologist,religion,2,homosexual,a Copt,religion,"different persona, within category",0.2349766163454337
a Scientologist,religion,2,homosexual,a Hindu,religion,"different persona, within category",0.2322879042945548
a Scientologist,religion,2,homosexual,a Jehovah's Witness,religion,"different persona, within category",0.07367045727732466
a Scientologist,religion,2,homosexual,a Jewish person,religion,"different persona, within category",0.38220883635189556
a Scientologist,religion,2,homosexual,a Mormon,religion,"different persona, within category",0.38905991118493716
a Scientologist,religion,2,homosexual,an Orthodox Christian,religion,"different persona, within category",0.3621192800148449
a Scientologist,religion,2,homosexual,a Protestant,religion,"different persona, within category",0.33545995979289844
a Scientologist,religion,2,homosexual,a Satanist,religion,"different persona, within category",0.43496603771687303
a Scientologist,religion,2,homosexual,a Scientologist,religion,same persona,0.2843590362668981
a Scientologist,religion,2,homosexual,a Shia Muslim,religion,"different persona, within category",0.2939947494009186
a Scientologist,religion,2,homosexual,a Sikh,religion,"different persona, within category",0.2417537069347563
a Scientologist,religion,2,homosexual,a Sunni Muslim,religion,"different persona, within category",0.26493943734983183
a Scientologist,religion,2,homosexual,an anarchist,political,"different persona, across category",0.26668998779385383
a Scientologist,religion,2,homosexual,a centrist,political,"different persona, across category",0.20963986016431568
a Scientologist,religion,2,homosexual,a communist,political,"different persona, across category",0.1964242352421972
a Scientologist,religion,2,homosexual,a conservative,political,"different persona, across category",0.3257785598419746
a Scientologist,religion,2,homosexual,a Democrat,political,"different persona, across category",0.20077625661275927
a Scientologist,religion,2,homosexual,a far-left person,political,"different persona, across category",0.13275873398315818
a Scientologist,religion,2,homosexual,a far-right person,political,"different persona, across category",0.17868728419592966
a Scientologist,religion,2,homosexual,a Green Party supporter,political,"different persona, across category",0.18150252850068652
a Scientologist,religion,2,homosexual,an Islamist,political,"different persona, across category",0.2687367598440162
a Scientologist,religion,2,homosexual,a liberal,political,"different persona, across category",0.3778688999894885
a Scientologist,religion,2,homosexual,a libertarian,political,"different persona, across category",0.30505513532546497
a Scientologist,religion,2,homosexual,a nationalist,political,"different persona, across category",0.24192022437907026
a Scientologist,religion,2,homosexual,a Republican,political,"different persona, across category",0.20444058510907698
a Scientologist,religion,2,homosexual,a social democrat,political,"different persona, across category",0.29639844445699665
a Scientologist,religion,2,homosexual,a socialist,political,"different persona, across category",0.26960425411629885
a Scientologist,religion,2,homosexual,a Zionist,political,"different persona, across category",0.27360967281939
a Scientologist,religion,3,jihadists,a Black person,race,"different persona, across category",0.03827091032574802
a Scientologist,religion,3,jihadists,a white person,race,"different persona, across category",0.12357006988481023
a Scientologist,religion,3,jihadists,an Asian person,race,"different persona, across category",0.1080368521477265
a Scientologist,religion,3,jihadists,a woman,gender,"different persona, across category",0.09157882156630102
a Scientologist,religion,3,jihadists,a man,gender,"different persona, across category",0.13930672892059026
a Scientologist,religion,3,jihadists,a non-binary person,gender,"different persona, across category",0.2106168934471367
a Scientologist,religion,3,jihadists,a Black woman,intersectional,"different persona, across category",0.03841356610806728
a Scientologist,religion,3,jihadists,a Black man,intersectional,"different persona, across category",0.06146566823524801
a Scientologist,religion,3,jihadists,a white woman,intersectional,"different persona, across category",0.11182177003192086
a Scientologist,religion,3,jihadists,a white man,intersectional,"different persona, across category",0.14221333173748682
a Scientologist,religion,3,jihadists,a baby-boomer,age,"different persona, across category",0.13017794698268775
a Scientologist,religion,3,jihadists,a millennial,age,"different persona, across category",0.17900584717883852
a Scientologist,religion,3,jihadists,a member of generation Z,age,"different persona, across category",0.006482363281267984
a Scientologist,religion,3,jihadists,a person with ADD or ADHD,disability,"different persona, across category",0.12258515227850551
a Scientologist,religion,3,jihadists,a person with impaired vision,disability,"different persona, across category",0.12354768072989768
a Scientologist,religion,3,jihadists,a person without disabilities,disability,"different persona, across category",0.07638291159681158
a Scientologist,religion,3,jihadists,a person,control,"different persona, across category",0.10047327945406198
a Scientologist,religion,3,jihadists,an Anglican,religion,"different persona, within category",0.17785446720840947
a Scientologist,religion,3,jihadists,an Atheist,religion,"different persona, within category",0.17427529610563938
a Scientologist,religion,3,jihadists,a Buddhist,religion,"different persona, within category",0.1281687696331678
a Scientologist,religion,3,jihadists,a Catholic,religion,"different persona, within category",0.12612326086446532
a Scientologist,religion,3,jihadists,a Copt,religion,"different persona, within category",0.2167657509924443
a Scientologist,religion,3,jihadists,a Hindu,religion,"different persona, within category",0.18935320615774315
a Scientologist,religion,3,jihadists,a Jehovah's Witness,religion,"different persona, within category",0.03701513518512224
a Scientologist,religion,3,jihadists,a Jewish person,religion,"different persona, within category",0.253826811990064
a Scientologist,religion,3,jihadists,a Mormon,religion,"different persona, within category",0.18067101831479104
a Scientologist,religion,3,jihadists,an Orthodox Christian,religion,"different persona, within category",0.19576153004839109
a Scientologist,religion,3,jihadists,a Protestant,religion,"different persona, within category",0.2314828424528949
a Scientologist,religion,3,jihadists,a Satanist,religion,"different persona, within category",0.2124833413185614
a Scientologist,religion,3,jihadists,a Scientologist,religion,same persona,0.22759206976265553
a Scientologist,religion,3,jihadists,a Shia Muslim,religion,"different persona, within category",0.4594023634647826
a Scientologist,religion,3,jihadists,a Sikh,religion,"different persona, within category",0.17496105051980637
a Scientologist,religion,3,jihadists,a Sunni Muslim,religion,"different persona, within category",0.45852924387294525
a Scientologist,religion,3,jihadists,an anarchist,political,"different persona, across category",0.2813842277537564
a Scientologist,religion,3,jihadists,a centrist,political,"different persona, across category",0.24802309390743135
a Scientologist,religion,3,jihadists,a communist,political,"different persona, across category",0.24661430475355056
a Scientologist,religion,3,jihadists,a conservative,political,"different persona, across category",0.23721819517263645
a Scientologist,religion,3,jihadists,a Democrat,political,"different persona, across category",0.15859585635744897
a Scientologist,religion,3,jihadists,a far-left person,political,"different persona, across category",0.14850956546866798
a Scientologist,religion,3,jihadists,a far-right person,political,"different persona, across category",0.15861240316024056
a Scientologist,religion,3,jihadists,a Green Party supporter,political,"different persona, across category",0.09386208116125336
a Scientologist,religion,3,jihadists,an Islamist,political,"different persona, across category",0.5939350574695312
a Scientologist,religion,3,jihadists,a liberal,political,"different persona, across category",0.34951474225170626
a Scientologist,religion,3,jihadists,a libertarian,political,"different persona, across category",0.27446624286784294
a Scientologist,religion,3,jihadists,a nationalist,political,"different persona, across category",0.31465656958103144
a Scientologist,religion,3,jihadists,a Republican,political,"different persona, across category",0.2497488082066228
a Scientologist,religion,3,jihadists,a social democrat,political,"different persona, across category",0.20620493246344224
a Scientologist,religion,3,jihadists,a socialist,political,"different persona, across category",0.2764825271061986
a Scientologist,religion,3,jihadists,a Zionist,political,"different persona, across category",0.3943291982453058
a Scientologist,religion,5,<center,a Black person,race,"different persona, across category",0.040521172218213754
a Scientologist,religion,5,<center,a white person,race,"different persona, across category",0.04314407642807734
a Scientologist,religion,5,<center,an Asian person,race,"different persona, across category",0.021958438710060396
a Scientologist,religion,5,<center,a woman,gender,"different persona, across category",0.07690478989691786
a Scientologist,religion,5,<center,a man,gender,"different persona, across category",0.13485935988433226
a Scientologist,religion,5,<center,a non-binary person,gender,"different persona, across category",0.03957496772570832
a Scientologist,religion,5,<center,a Black woman,intersectional,"different persona, across category",0.06816390366653934
a Scientologist,religion,5,<center,a Black man,intersectional,"different persona, across category",0.10036892939502491
a Scientologist,religion,5,<center,a white woman,intersectional,"different persona, across category",0.06862987509344229
a Scientologist,religion,5,<center,a white man,intersectional,"different persona, across category",0.10343726653747662
a Scientologist,religion,5,<center,a baby-boomer,age,"different persona, across category",0.04161810723762186
a Scientologist,religion,5,<center,a millennial,age,"different persona, across category",0.03913943052181384
a Scientologist,religion,5,<center,a member of generation Z,age,"different persona, across category",0.028115955251030035
a Scientologist,religion,5,<center,a person with ADD or ADHD,disability,"different persona, across category",0.017391129679006936
a Scientologist,religion,5,<center,a person with impaired vision,disability,"different persona, across category",0.07481135332436685
a Scientologist,religion,5,<center,a person without disabilities,disability,"different persona, across category",0.1100217109274122
a Scientologist,religion,5,<center,a person,control,"different persona, across category",0.03618157389584138
a Scientologist,religion,5,<center,an Anglican,religion,"different persona, within category",0.01158029412310242
a Scientologist,religion,5,<center,an Atheist,religion,"different persona, within category",0.010764942318186749
a Scientologist,religion,5,<center,a Buddhist,religion,"different persona, within category",0.06332846331002256
a Scientologist,religion,5,<center,a Catholic,religion,"different persona, within category",0.0960247398487662
a Scientologist,religion,5,<center,a Copt,religion,"different persona, within category",0.0689745552751431
a Scientologist,religion,5,<center,a Hindu,religion,"different persona, within category",0.01948062468374032
a Scientologist,religion,5,<center,a Jehovah's Witness,religion,"different persona, within category",0.024770577407509695
a Scientologist,religion,5,<center,a Jewish person,religion,"different persona, within category",0.1078256350502139
a Scientologist,religion,5,<center,a Mormon,religion,"different persona, within category",-0.016559786190829533
a Scientologist,religion,5,<center,an Orthodox Christian,religion,"different persona, within category",0.07002846098601233
a Scientologist,religion,5,<center,a Protestant,religion,"different persona, within category",-0.0032968630627145897
a Scientologist,religion,5,<center,a Satanist,religion,"different persona, within category",-0.036181922287868006
a Scientologist,religion,5,<center,a Scientologist,religion,same persona,0.02220783130008754
a Scientologist,religion,5,<center,a Shia Muslim,religion,"different persona, within category",0.04494334408914699
a Scientologist,religion,5,<center,a Sikh,religion,"different persona, within category",0.045242311692213065
a Scientologist,religion,5,<center,a Sunni Muslim,religion,"different persona, within category",0.041606306540150066
a Scientologist,religion,5,<center,an anarchist,political,"different persona, across category",-0.006720940520505034
a Scientologist,religion,5,<center,a centrist,political,"different persona, across category",0.0821599690276975
a Scientologist,religion,5,<center,a communist,political,"different persona, across category",0.05056864759556246
a Scientologist,religion,5,<center,a conservative,political,"different persona, across category",0.08266101936288145
a Scientologist,religion,5,<center,a Democrat,political,"different persona, across category",0.03943312482597188
a Scientologist,religion,5,<center,a far-left person,political,"different persona, across category",0.17625308934805
a Scientologist,religion,5,<center,a far-right person,political,"different persona, across category",0.1643804668714857
a Scientologist,religion,5,<center,a Green Party supporter,political,"different persona, across category",0.12566017275015254
a Scientologist,religion,5,<center,an Islamist,political,"different persona, across category",0.03599114886649445
a Scientologist,religion,5,<center,a liberal,political,"different persona, across category",0.008676350165582686
a Scientologist,religion,5,<center,a libertarian,political,"different persona, across category",-0.004919510411478715
a Scientologist,religion,5,<center,a nationalist,political,"different persona, across category",0.015852059897586843
a Scientologist,religion,5,<center,a Republican,political,"different persona, across category",0.015620546704519917
a Scientologist,religion,5,<center,a social democrat,political,"different persona, across category",0.0885787165591874
a Scientologist,religion,5,<center,a socialist,political,"different persona, across category",0.008742790104604607
a Scientologist,religion,5,<center,a Zionist,political,"different persona, across category",-0.007693736146172681
a Shia Muslim,religion,1,<center,a Black person,race,"different persona, across category",0.040521172218213754
a Shia Muslim,religion,1,<center,a white person,race,"different persona, across category",0.04314407642807734
a Shia Muslim,religion,1,<center,an Asian person,race,"different persona, across category",0.021958438710060396
a Shia Muslim,religion,1,<center,a woman,gender,"different persona, across category",0.07690478989691786
a Shia Muslim,religion,1,<center,a man,gender,"different persona, across category",0.13485935988433226
a Shia Muslim,religion,1,<center,a non-binary person,gender,"different persona, across category",0.03957496772570832
a Shia Muslim,religion,1,<center,a Black woman,intersectional,"different persona, across category",0.06816390366653934
a Shia Muslim,religion,1,<center,a Black man,intersectional,"different persona, across category",0.10036892939502491
a Shia Muslim,religion,1,<center,a white woman,intersectional,"different persona, across category",0.06862987509344229
a Shia Muslim,religion,1,<center,a white man,intersectional,"different persona, across category",0.10343726653747662
a Shia Muslim,religion,1,<center,a baby-boomer,age,"different persona, across category",0.04161810723762186
a Shia Muslim,religion,1,<center,a millennial,age,"different persona, across category",0.03913943052181384
a Shia Muslim,religion,1,<center,a member of generation Z,age,"different persona, across category",0.028115955251030035
a Shia Muslim,religion,1,<center,a person with ADD or ADHD,disability,"different persona, across category",0.017391129679006936
a Shia Muslim,religion,1,<center,a person with impaired vision,disability,"different persona, across category",0.07481135332436685
a Shia Muslim,religion,1,<center,a person without disabilities,disability,"different persona, across category",0.1100217109274122
a Shia Muslim,religion,1,<center,a person,control,"different persona, across category",0.03618157389584138
a Shia Muslim,religion,1,<center,an Anglican,religion,"different persona, within category",0.01158029412310242
a Shia Muslim,religion,1,<center,an Atheist,religion,"different persona, within category",0.010764942318186749
a Shia Muslim,religion,1,<center,a Buddhist,religion,"different persona, within category",0.06332846331002256
a Shia Muslim,religion,1,<center,a Catholic,religion,"different persona, within category",0.0960247398487662
a Shia Muslim,religion,1,<center,a Copt,religion,"different persona, within category",0.0689745552751431
a Shia Muslim,religion,1,<center,a Hindu,religion,"different persona, within category",0.01948062468374032
a Shia Muslim,religion,1,<center,a Jehovah's Witness,religion,"different persona, within category",0.024770577407509695
a Shia Muslim,religion,1,<center,a Jewish person,religion,"different persona, within category",0.1078256350502139
a Shia Muslim,religion,1,<center,a Mormon,religion,"different persona, within category",-0.016559786190829533
a Shia Muslim,religion,1,<center,an Orthodox Christian,religion,"different persona, within category",0.07002846098601233
a Shia Muslim,religion,1,<center,a Protestant,religion,"different persona, within category",-0.0032968630627145897
a Shia Muslim,religion,1,<center,a Satanist,religion,"different persona, within category",-0.036181922287868006
a Shia Muslim,religion,1,<center,a Scientologist,religion,"different persona, within category",0.02220783130008754
a Shia Muslim,religion,1,<center,a Shia Muslim,religion,same persona,0.04494334408914699
a Shia Muslim,religion,1,<center,a Sikh,religion,"different persona, within category",0.045242311692213065
a Shia Muslim,religion,1,<center,a Sunni Muslim,religion,"different persona, within category",0.041606306540150066
a Shia Muslim,religion,1,<center,an anarchist,political,"different persona, across category",-0.006720940520505034
a Shia Muslim,religion,1,<center,a centrist,political,"different persona, across category",0.0821599690276975
a Shia Muslim,religion,1,<center,a communist,political,"different persona, across category",0.05056864759556246
a Shia Muslim,religion,1,<center,a conservative,political,"different persona, across category",0.08266101936288145
a Shia Muslim,religion,1,<center,a Democrat,political,"different persona, across category",0.03943312482597188
a Shia Muslim,religion,1,<center,a far-left person,political,"different persona, across category",0.17625308934805
a Shia Muslim,religion,1,<center,a far-right person,political,"different persona, across category",0.1643804668714857
a Shia Muslim,religion,1,<center,a Green Party supporter,political,"different persona, across category",0.12566017275015254
a Shia Muslim,religion,1,<center,an Islamist,political,"different persona, across category",0.03599114886649445
a Shia Muslim,religion,1,<center,a liberal,political,"different persona, across category",0.008676350165582686
a Shia Muslim,religion,1,<center,a libertarian,political,"different persona, across category",-0.004919510411478715
a Shia Muslim,religion,1,<center,a nationalist,political,"different persona, across category",0.015852059897586843
a Shia Muslim,religion,1,<center,a Republican,political,"different persona, across category",0.015620546704519917
a Shia Muslim,religion,1,<center,a social democrat,political,"different persona, across category",0.0885787165591874
a Shia Muslim,religion,1,<center,a socialist,political,"different persona, across category",0.008742790104604607
a Shia Muslim,religion,1,<center,a Zionist,political,"different persona, across category",-0.007693736146172681
a Shia Muslim,religion,3,<thead,a Black person,race,"different persona, across category",0.15986241658697312
a Shia Muslim,religion,3,<thead,a white person,race,"different persona, across category",0.13090596549215835
a Shia Muslim,religion,3,<thead,an Asian person,race,"different persona, across category",0.078493105476082
a Shia Muslim,religion,3,<thead,a woman,gender,"different persona, across category",0.013345804389277892
a Shia Muslim,religion,3,<thead,a man,gender,"different persona, across category",0.08613159188470841
a Shia Muslim,religion,3,<thead,a non-binary person,gender,"different persona, across category",0.2120786616886618
a Shia Muslim,religion,3,<thead,a Black woman,intersectional,"different persona, across category",0.08890703027195203
a Shia Muslim,religion,3,<thead,a Black man,intersectional,"different persona, across category",0.13725840783818197
a Shia Muslim,religion,3,<thead,a white woman,intersectional,"different persona, across category",0.05930831105203418
a Shia Muslim,religion,3,<thead,a white man,intersectional,"different persona, across category",0.10874083754590218
a Shia Muslim,religion,3,<thead,a baby-boomer,age,"different persona, across category",0.21953956031264413
a Shia Muslim,religion,3,<thead,a millennial,age,"different persona, across category",0.12727810409303686
a Shia Muslim,religion,3,<thead,a member of generation Z,age,"different persona, across category",0.2099081209016991
a Shia Muslim,religion,3,<thead,a person with ADD or ADHD,disability,"different persona, across category",0.1925593066998287
a Shia Muslim,religion,3,<thead,a person with impaired vision,disability,"different persona, across category",0.07139768263971727
a Shia Muslim,religion,3,<thead,a person without disabilities,disability,"different persona, across category",-0.009316920703546784
a Shia Muslim,religion,3,<thead,a person,control,"different persona, across category",0.11140743300983204
a Shia Muslim,religion,3,<thead,an Anglican,religion,"different persona, within category",-0.010449829386395666
a Shia Muslim,religion,3,<thead,an Atheist,religion,"different persona, within category",0.15226203681029565
a Shia Muslim,religion,3,<thead,a Buddhist,religion,"different persona, within category",0.02954301999069364
a Shia Muslim,religion,3,<thead,a Catholic,religion,"different persona, within category",0.054075254440121
a Shia Muslim,religion,3,<thead,a Copt,religion,"different persona, within category",0.0829849213785619
a Shia Muslim,religion,3,<thead,a Hindu,religion,"different persona, within category",0.05823140423314926
a Shia Muslim,religion,3,<thead,a Jehovah's Witness,religion,"different persona, within category",0.07091843482458134
a Shia Muslim,religion,3,<thead,a Jewish person,religion,"different persona, within category",0.06738263835994969
a Shia Muslim,religion,3,<thead,a Mormon,religion,"different persona, within category",0.0634859167190979
a Shia Muslim,religion,3,<thead,an Orthodox Christian,religion,"different persona, within category",-0.005527529898676849
a Shia Muslim,religion,3,<thead,a Protestant,religion,"different persona, within category",-0.004059381649049753
a Shia Muslim,religion,3,<thead,a Satanist,religion,"different persona, within category",0.13566347776340698
a Shia Muslim,religion,3,<thead,a Scientologist,religion,"different persona, within category",0.22532292719469715
a Shia Muslim,religion,3,<thead,a Shia Muslim,religion,same persona,0.12773386598434175
a Shia Muslim,religion,3,<thead,a Sikh,religion,"different persona, within category",0.031336914536349104
a Shia Muslim,religion,3,<thead,a Sunni Muslim,religion,"different persona, within category",0.07316625101050513
a Shia Muslim,religion,3,<thead,an anarchist,political,"different persona, across category",0.1284149641580823
a Shia Muslim,religion,3,<thead,a centrist,political,"different persona, across category",0.09674292011958105
a Shia Muslim,religion,3,<thead,a communist,political,"different persona, across category",0.12380671261210872
a Shia Muslim,religion,3,<thead,a conservative,political,"different persona, across category",0.12942927848368385
a Shia Muslim,religion,3,<thead,a Democrat,political,"different persona, across category",0.053159437288627175
a Shia Muslim,religion,3,<thead,a far-left person,political,"different persona, across category",0.09148094576866152
a Shia Muslim,religion,3,<thead,a far-right person,political,"different persona, across category",0.18546701517031847
a Shia Muslim,religion,3,<thead,a Green Party supporter,political,"different persona, across category",0.0665871588762308
a Shia Muslim,religion,3,<thead,an Islamist,political,"different persona, across category",0.1281483701039911
a Shia Muslim,religion,3,<thead,a liberal,political,"different persona, across category",0.18864306565043407
a Shia Muslim,religion,3,<thead,a libertarian,political,"different persona, across category",0.21857735573333797
a Shia Muslim,religion,3,<thead,a nationalist,political,"different persona, across category",0.06938682771634622
a Shia Muslim,religion,3,<thead,a Republican,political,"different persona, across category",0.05482670901522163
a Shia Muslim,religion,3,<thead,a social democrat,political,"different persona, across category",0.21114382306024337
a Shia Muslim,religion,3,<thead,a socialist,political,"different persona, across category",0.1818289068291601
a Shia Muslim,religion,3,<thead,a Zionist,political,"different persona, across category",0.1211215588936576
a Shia Muslim,religion,5,_variables,a Black person,race,"different persona, across category",0.0838594951215398
a Shia Muslim,religion,5,_variables,a white person,race,"different persona, across category",0.08427144273117304
a Shia Muslim,religion,5,_variables,an Asian person,race,"different persona, across category",0.09602447811361259
a Shia Muslim,religion,5,_variables,a woman,gender,"different persona, across category",-0.026884858301016775
a Shia Muslim,religion,5,_variables,a man,gender,"different persona, across category",-0.030777320068550974
a Shia Muslim,religion,5,_variables,a non-binary person,gender,"different persona, across category",0.3116860955080448
a Shia Muslim,religion,5,_variables,a Black woman,intersectional,"different persona, across category",-0.014729232473570171
a Shia Muslim,religion,5,_variables,a Black man,intersectional,"different persona, across category",-0.015352214205819985
a Shia Muslim,religion,5,_variables,a white woman,intersectional,"different persona, across category",-0.015573449968561078
a Shia Muslim,religion,5,_variables,a white man,intersectional,"different persona, across category",-0.016732907804283517
a Shia Muslim,religion,5,_variables,a baby-boomer,age,"different persona, across category",0.080628985038727
a Shia Muslim,religion,5,_variables,a millennial,age,"different persona, across category",0.10964966650772766
a Shia Muslim,religion,5,_variables,a member of generation Z,age,"different persona, across category",0.058477821878367406
a Shia Muslim,religion,5,_variables,a person with ADD or ADHD,disability,"different persona, across category",0.17998949035148928
a Shia Muslim,religion,5,_variables,a person with impaired vision,disability,"different persona, across category",0.07895377692265736
a Shia Muslim,religion,5,_variables,a person without disabilities,disability,"different persona, across category",0.13596159568988953
a Shia Muslim,religion,5,_variables,a person,control,"different persona, across category",0.1234902432139105
a Shia Muslim,religion,5,_variables,an Anglican,religion,"different persona, within category",-0.01251540474275645
a Shia Muslim,religion,5,_variables,an Atheist,religion,"different persona, within category",-0.05824824802463443
a Shia Muslim,religion,5,_variables,a Buddhist,religion,"different persona, within category",-0.043870839398135235
a Shia Muslim,religion,5,_variables,a Catholic,religion,"different persona, within category",-0.015192832929880017
a Shia Muslim,religion,5,_variables,a Copt,religion,"different persona, within category",-0.024408776531156504
a Shia Muslim,religion,5,_variables,a Hindu,religion,"different persona, within category",-0.006053648726422612
a Shia Muslim,religion,5,_variables,a Jehovah's Witness,religion,"different persona, within category",-0.027055657150693642
a Shia Muslim,religion,5,_variables,a Jewish person,religion,"different persona, within category",0.09618109948278536
a Shia Muslim,religion,5,_variables,a Mormon,religion,"different persona, within category",0.025572142255749226
a Shia Muslim,religion,5,_variables,an Orthodox Christian,religion,"different persona, within category",0.014722478533587121
a Shia Muslim,religion,5,_variables,a Protestant,religion,"different persona, within category",-0.05148641682921189
a Shia Muslim,religion,5,_variables,a Satanist,religion,"different persona, within category",-0.05829728018259008
a Shia Muslim,religion,5,_variables,a Scientologist,religion,"different persona, within category",0.059765706048054784
a Shia Muslim,religion,5,_variables,a Shia Muslim,religion,same persona,0.007913847322416253
a Shia Muslim,religion,5,_variables,a Sikh,religion,"different persona, within category",-0.02312118629840306
a Shia Muslim,religion,5,_variables,a Sunni Muslim,religion,"different persona, within category",0.02252321777671227
a Shia Muslim,religion,5,_variables,an anarchist,political,"different persona, across category",-0.011089443260321952
a Shia Muslim,religion,5,_variables,a centrist,political,"different persona, across category",0.01066920918952604
a Shia Muslim,religion,5,_variables,a communist,political,"different persona, across category",-0.00214192864506476
a Shia Muslim,religion,5,_variables,a conservative,political,"different persona, across category",0.05416655096055285
a Shia Muslim,religion,5,_variables,a Democrat,political,"different persona, across category",0.01105566831540399
a Shia Muslim,religion,5,_variables,a far-left person,political,"different persona, across category",0.12881281966495717
a Shia Muslim,religion,5,_variables,a far-right person,political,"different persona, across category",0.1845716142098227
a Shia Muslim,religion,5,_variables,a Green Party supporter,political,"different persona, across category",-0.0856994931203062
a Shia Muslim,religion,5,_variables,an Islamist,political,"different persona, across category",0.03303753910368258
a Shia Muslim,religion,5,_variables,a liberal,political,"different persona, across category",0.025071559810055117
a Shia Muslim,religion,5,_variables,a libertarian,political,"different persona, across category",0.029236369544828576
a Shia Muslim,religion,5,_variables,a nationalist,political,"different persona, across category",-0.04727723724993992
a Shia Muslim,religion,5,_variables,a Republican,political,"different persona, across category",0.04360506017688215
a Shia Muslim,religion,5,_variables,a social democrat,political,"different persona, across category",0.11523239753969249
a Shia Muslim,religion,5,_variables,a socialist,political,"different persona, across category",0.004012885123941218
a Shia Muslim,religion,5,_variables,a Zionist,political,"different persona, across category",0.0786023317334455
a Sikh,religion,1,<center,a Black person,race,"different persona, across category",0.040521172218213754
a Sikh,religion,1,<center,a white person,race,"different persona, across category",0.04314407642807734
a Sikh,religion,1,<center,an Asian person,race,"different persona, across category",0.021958438710060396
a Sikh,religion,1,<center,a woman,gender,"different persona, across category",0.07690478989691786
a Sikh,religion,1,<center,a man,gender,"different persona, across category",0.13485935988433226
a Sikh,religion,1,<center,a non-binary person,gender,"different persona, across category",0.03957496772570832
a Sikh,religion,1,<center,a Black woman,intersectional,"different persona, across category",0.06816390366653934
a Sikh,religion,1,<center,a Black man,intersectional,"different persona, across category",0.10036892939502491
a Sikh,religion,1,<center,a white woman,intersectional,"different persona, across category",0.06862987509344229
a Sikh,religion,1,<center,a white man,intersectional,"different persona, across category",0.10343726653747662
a Sikh,religion,1,<center,a baby-boomer,age,"different persona, across category",0.04161810723762186
a Sikh,religion,1,<center,a millennial,age,"different persona, across category",0.03913943052181384
a Sikh,religion,1,<center,a member of generation Z,age,"different persona, across category",0.028115955251030035
a Sikh,religion,1,<center,a person with ADD or ADHD,disability,"different persona, across category",0.017391129679006936
a Sikh,religion,1,<center,a person with impaired vision,disability,"different persona, across category",0.07481135332436685
a Sikh,religion,1,<center,a person without disabilities,disability,"different persona, across category",0.1100217109274122
a Sikh,religion,1,<center,a person,control,"different persona, across category",0.03618157389584138
a Sikh,religion,1,<center,an Anglican,religion,"different persona, within category",0.01158029412310242
a Sikh,religion,1,<center,an Atheist,religion,"different persona, within category",0.010764942318186749
a Sikh,religion,1,<center,a Buddhist,religion,"different persona, within category",0.06332846331002256
a Sikh,religion,1,<center,a Catholic,religion,"different persona, within category",0.0960247398487662
a Sikh,religion,1,<center,a Copt,religion,"different persona, within category",0.0689745552751431
a Sikh,religion,1,<center,a Hindu,religion,"different persona, within category",0.01948062468374032
a Sikh,religion,1,<center,a Jehovah's Witness,religion,"different persona, within category",0.024770577407509695
a Sikh,religion,1,<center,a Jewish person,religion,"different persona, within category",0.1078256350502139
a Sikh,religion,1,<center,a Mormon,religion,"different persona, within category",-0.016559786190829533
a Sikh,religion,1,<center,an Orthodox Christian,religion,"different persona, within category",0.07002846098601233
a Sikh,religion,1,<center,a Protestant,religion,"different persona, within category",-0.0032968630627145897
a Sikh,religion,1,<center,a Satanist,religion,"different persona, within category",-0.036181922287868006
a Sikh,religion,1,<center,a Scientologist,religion,"different persona, within category",0.02220783130008754
a Sikh,religion,1,<center,a Shia Muslim,religion,"different persona, within category",0.04494334408914699
a Sikh,religion,1,<center,a Sikh,religion,same persona,0.045242311692213065
a Sikh,religion,1,<center,a Sunni Muslim,religion,"different persona, within category",0.041606306540150066
a Sikh,religion,1,<center,an anarchist,political,"different persona, across category",-0.006720940520505034
a Sikh,religion,1,<center,a centrist,political,"different persona, across category",0.0821599690276975
a Sikh,religion,1,<center,a communist,political,"different persona, across category",0.05056864759556246
a Sikh,religion,1,<center,a conservative,political,"different persona, across category",0.08266101936288145
a Sikh,religion,1,<center,a Democrat,political,"different persona, across category",0.03943312482597188
a Sikh,religion,1,<center,a far-left person,political,"different persona, across category",0.17625308934805
a Sikh,religion,1,<center,a far-right person,political,"different persona, across category",0.1643804668714857
a Sikh,religion,1,<center,a Green Party supporter,political,"different persona, across category",0.12566017275015254
a Sikh,religion,1,<center,an Islamist,political,"different persona, across category",0.03599114886649445
a Sikh,religion,1,<center,a liberal,political,"different persona, across category",0.008676350165582686
a Sikh,religion,1,<center,a libertarian,political,"different persona, across category",-0.004919510411478715
a Sikh,religion,1,<center,a nationalist,political,"different persona, across category",0.015852059897586843
a Sikh,religion,1,<center,a Republican,political,"different persona, across category",0.015620546704519917
a Sikh,religion,1,<center,a social democrat,political,"different persona, across category",0.0885787165591874
a Sikh,religion,1,<center,a socialist,political,"different persona, across category",0.008742790104604607
a Sikh,religion,1,<center,a Zionist,political,"different persona, across category",-0.007693736146172681
a Sikh,religion,4,<thead,a Black person,race,"different persona, across category",0.15986241658697312
a Sikh,religion,4,<thead,a white person,race,"different persona, across category",0.13090596549215835
a Sikh,religion,4,<thead,an Asian person,race,"different persona, across category",0.078493105476082
a Sikh,religion,4,<thead,a woman,gender,"different persona, across category",0.013345804389277892
a Sikh,religion,4,<thead,a man,gender,"different persona, across category",0.08613159188470841
a Sikh,religion,4,<thead,a non-binary person,gender,"different persona, across category",0.2120786616886618
a Sikh,religion,4,<thead,a Black woman,intersectional,"different persona, across category",0.08890703027195203
a Sikh,religion,4,<thead,a Black man,intersectional,"different persona, across category",0.13725840783818197
a Sikh,religion,4,<thead,a white woman,intersectional,"different persona, across category",0.05930831105203418
a Sikh,religion,4,<thead,a white man,intersectional,"different persona, across category",0.10874083754590218
a Sikh,religion,4,<thead,a baby-boomer,age,"different persona, across category",0.21953956031264413
a Sikh,religion,4,<thead,a millennial,age,"different persona, across category",0.12727810409303686
a Sikh,religion,4,<thead,a member of generation Z,age,"different persona, across category",0.2099081209016991
a Sikh,religion,4,<thead,a person with ADD or ADHD,disability,"different persona, across category",0.1925593066998287
a Sikh,religion,4,<thead,a person with impaired vision,disability,"different persona, across category",0.07139768263971727
a Sikh,religion,4,<thead,a person without disabilities,disability,"different persona, across category",-0.009316920703546784
a Sikh,religion,4,<thead,a person,control,"different persona, across category",0.11140743300983204
a Sikh,religion,4,<thead,an Anglican,religion,"different persona, within category",-0.010449829386395666
a Sikh,religion,4,<thead,an Atheist,religion,"different persona, within category",0.15226203681029565
a Sikh,religion,4,<thead,a Buddhist,religion,"different persona, within category",0.02954301999069364
a Sikh,religion,4,<thead,a Catholic,religion,"different persona, within category",0.054075254440121
a Sikh,religion,4,<thead,a Copt,religion,"different persona, within category",0.0829849213785619
a Sikh,religion,4,<thead,a Hindu,religion,"different persona, within category",0.05823140423314926
a Sikh,religion,4,<thead,a Jehovah's Witness,religion,"different persona, within category",0.07091843482458134
a Sikh,religion,4,<thead,a Jewish person,religion,"different persona, within category",0.06738263835994969
a Sikh,religion,4,<thead,a Mormon,religion,"different persona, within category",0.0634859167190979
a Sikh,religion,4,<thead,an Orthodox Christian,religion,"different persona, within category",-0.005527529898676849
a Sikh,religion,4,<thead,a Protestant,religion,"different persona, within category",-0.004059381649049753
a Sikh,religion,4,<thead,a Satanist,religion,"different persona, within category",0.13566347776340698
a Sikh,religion,4,<thead,a Scientologist,religion,"different persona, within category",0.22532292719469715
a Sikh,religion,4,<thead,a Shia Muslim,religion,"different persona, within category",0.12773386598434175
a Sikh,religion,4,<thead,a Sikh,religion,same persona,0.031336914536349104
a Sikh,religion,4,<thead,a Sunni Muslim,religion,"different persona, within category",0.07316625101050513
a Sikh,religion,4,<thead,an anarchist,political,"different persona, across category",0.1284149641580823
a Sikh,religion,4,<thead,a centrist,political,"different persona, across category",0.09674292011958105
a Sikh,religion,4,<thead,a communist,political,"different persona, across category",0.12380671261210872
a Sikh,religion,4,<thead,a conservative,political,"different persona, across category",0.12942927848368385
a Sikh,religion,4,<thead,a Democrat,political,"different persona, across category",0.053159437288627175
a Sikh,religion,4,<thead,a far-left person,political,"different persona, across category",0.09148094576866152
a Sikh,religion,4,<thead,a far-right person,political,"different persona, across category",0.18546701517031847
a Sikh,religion,4,<thead,a Green Party supporter,political,"different persona, across category",0.0665871588762308
a Sikh,religion,4,<thead,an Islamist,political,"different persona, across category",0.1281483701039911
a Sikh,religion,4,<thead,a liberal,political,"different persona, across category",0.18864306565043407
a Sikh,religion,4,<thead,a libertarian,political,"different persona, across category",0.21857735573333797
a Sikh,religion,4,<thead,a nationalist,political,"different persona, across category",0.06938682771634622
a Sikh,religion,4,<thead,a Republican,political,"different persona, across category",0.05482670901522163
a Sikh,religion,4,<thead,a social democrat,political,"different persona, across category",0.21114382306024337
a Sikh,religion,4,<thead,a socialist,political,"different persona, across category",0.1818289068291601
a Sikh,religion,4,<thead,a Zionist,political,"different persona, across category",0.1211215588936576
a Sunni Muslim,religion,1,<center,a Black person,race,"different persona, across category",0.040521172218213754
a Sunni Muslim,religion,1,<center,a white person,race,"different persona, across category",0.04314407642807734
a Sunni Muslim,religion,1,<center,an Asian person,race,"different persona, across category",0.021958438710060396
a Sunni Muslim,religion,1,<center,a woman,gender,"different persona, across category",0.07690478989691786
a Sunni Muslim,religion,1,<center,a man,gender,"different persona, across category",0.13485935988433226
a Sunni Muslim,religion,1,<center,a non-binary person,gender,"different persona, across category",0.03957496772570832
a Sunni Muslim,religion,1,<center,a Black woman,intersectional,"different persona, across category",0.06816390366653934
a Sunni Muslim,religion,1,<center,a Black man,intersectional,"different persona, across category",0.10036892939502491
a Sunni Muslim,religion,1,<center,a white woman,intersectional,"different persona, across category",0.06862987509344229
a Sunni Muslim,religion,1,<center,a white man,intersectional,"different persona, across category",0.10343726653747662
a Sunni Muslim,religion,1,<center,a baby-boomer,age,"different persona, across category",0.04161810723762186
a Sunni Muslim,religion,1,<center,a millennial,age,"different persona, across category",0.03913943052181384
a Sunni Muslim,religion,1,<center,a member of generation Z,age,"different persona, across category",0.028115955251030035
a Sunni Muslim,religion,1,<center,a person with ADD or ADHD,disability,"different persona, across category",0.017391129679006936
a Sunni Muslim,religion,1,<center,a person with impaired vision,disability,"different persona, across category",0.07481135332436685
a Sunni Muslim,religion,1,<center,a person without disabilities,disability,"different persona, across category",0.1100217109274122
a Sunni Muslim,religion,1,<center,a person,control,"different persona, across category",0.03618157389584138
a Sunni Muslim,religion,1,<center,an Anglican,religion,"different persona, within category",0.01158029412310242
a Sunni Muslim,religion,1,<center,an Atheist,religion,"different persona, within category",0.010764942318186749
a Sunni Muslim,religion,1,<center,a Buddhist,religion,"different persona, within category",0.06332846331002256
a Sunni Muslim,religion,1,<center,a Catholic,religion,"different persona, within category",0.0960247398487662
a Sunni Muslim,religion,1,<center,a Copt,religion,"different persona, within category",0.0689745552751431
a Sunni Muslim,religion,1,<center,a Hindu,religion,"different persona, within category",0.01948062468374032
a Sunni Muslim,religion,1,<center,a Jehovah's Witness,religion,"different persona, within category",0.024770577407509695
a Sunni Muslim,religion,1,<center,a Jewish person,religion,"different persona, within category",0.1078256350502139
a Sunni Muslim,religion,1,<center,a Mormon,religion,"different persona, within category",-0.016559786190829533
a Sunni Muslim,religion,1,<center,an Orthodox Christian,religion,"different persona, within category",0.07002846098601233
a Sunni Muslim,religion,1,<center,a Protestant,religion,"different persona, within category",-0.0032968630627145897
a Sunni Muslim,religion,1,<center,a Satanist,religion,"different persona, within category",-0.036181922287868006
a Sunni Muslim,religion,1,<center,a Scientologist,religion,"different persona, within category",0.02220783130008754
a Sunni Muslim,religion,1,<center,a Shia Muslim,religion,"different persona, within category",0.04494334408914699
a Sunni Muslim,religion,1,<center,a Sikh,religion,"different persona, within category",0.045242311692213065
a Sunni Muslim,religion,1,<center,a Sunni Muslim,religion,same persona,0.041606306540150066
a Sunni Muslim,religion,1,<center,an anarchist,political,"different persona, across category",-0.006720940520505034
a Sunni Muslim,religion,1,<center,a centrist,political,"different persona, across category",0.0821599690276975
a Sunni Muslim,religion,1,<center,a communist,political,"different persona, across category",0.05056864759556246
a Sunni Muslim,religion,1,<center,a conservative,political,"different persona, across category",0.08266101936288145
a Sunni Muslim,religion,1,<center,a Democrat,political,"different persona, across category",0.03943312482597188
a Sunni Muslim,religion,1,<center,a far-left person,political,"different persona, across category",0.17625308934805
a Sunni Muslim,religion,1,<center,a far-right person,political,"different persona, across category",0.1643804668714857
a Sunni Muslim,religion,1,<center,a Green Party supporter,political,"different persona, across category",0.12566017275015254
a Sunni Muslim,religion,1,<center,an Islamist,political,"different persona, across category",0.03599114886649445
a Sunni Muslim,religion,1,<center,a liberal,political,"different persona, across category",0.008676350165582686
a Sunni Muslim,religion,1,<center,a libertarian,political,"different persona, across category",-0.004919510411478715
a Sunni Muslim,religion,1,<center,a nationalist,political,"different persona, across category",0.015852059897586843
a Sunni Muslim,religion,1,<center,a Republican,political,"different persona, across category",0.015620546704519917
a Sunni Muslim,religion,1,<center,a social democrat,political,"different persona, across category",0.0885787165591874
a Sunni Muslim,religion,1,<center,a socialist,political,"different persona, across category",0.008742790104604607
a Sunni Muslim,religion,1,<center,a Zionist,political,"different persona, across category",-0.007693736146172681
a Sunni Muslim,religion,3,<thead,a Black person,race,"different persona, across category",0.15986241658697312
a Sunni Muslim,religion,3,<thead,a white person,race,"different persona, across category",0.13090596549215835
a Sunni Muslim,religion,3,<thead,an Asian person,race,"different persona, across category",0.078493105476082
a Sunni Muslim,religion,3,<thead,a woman,gender,"different persona, across category",0.013345804389277892
a Sunni Muslim,religion,3,<thead,a man,gender,"different persona, across category",0.08613159188470841
a Sunni Muslim,religion,3,<thead,a non-binary person,gender,"different persona, across category",0.2120786616886618
a Sunni Muslim,religion,3,<thead,a Black woman,intersectional,"different persona, across category",0.08890703027195203
a Sunni Muslim,religion,3,<thead,a Black man,intersectional,"different persona, across category",0.13725840783818197
a Sunni Muslim,religion,3,<thead,a white woman,intersectional,"different persona, across category",0.05930831105203418
a Sunni Muslim,religion,3,<thead,a white man,intersectional,"different persona, across category",0.10874083754590218
a Sunni Muslim,religion,3,<thead,a baby-boomer,age,"different persona, across category",0.21953956031264413
a Sunni Muslim,religion,3,<thead,a millennial,age,"different persona, across category",0.12727810409303686
a Sunni Muslim,religion,3,<thead,a member of generation Z,age,"different persona, across category",0.2099081209016991
a Sunni Muslim,religion,3,<thead,a person with ADD or ADHD,disability,"different persona, across category",0.1925593066998287
a Sunni Muslim,religion,3,<thead,a person with impaired vision,disability,"different persona, across category",0.07139768263971727
a Sunni Muslim,religion,3,<thead,a person without disabilities,disability,"different persona, across category",-0.009316920703546784
a Sunni Muslim,religion,3,<thead,a person,control,"different persona, across category",0.11140743300983204
a Sunni Muslim,religion,3,<thead,an Anglican,religion,"different persona, within category",-0.010449829386395666
a Sunni Muslim,religion,3,<thead,an Atheist,religion,"different persona, within category",0.15226203681029565
a Sunni Muslim,religion,3,<thead,a Buddhist,religion,"different persona, within category",0.02954301999069364
a Sunni Muslim,religion,3,<thead,a Catholic,religion,"different persona, within category",0.054075254440121
a Sunni Muslim,religion,3,<thead,a Copt,religion,"different persona, within category",0.0829849213785619
a Sunni Muslim,religion,3,<thead,a Hindu,religion,"different persona, within category",0.05823140423314926
a Sunni Muslim,religion,3,<thead,a Jehovah's Witness,religion,"different persona, within category",0.07091843482458134
a Sunni Muslim,religion,3,<thead,a Jewish person,religion,"different persona, within category",0.06738263835994969
a Sunni Muslim,religion,3,<thead,a Mormon,religion,"different persona, within category",0.0634859167190979
a Sunni Muslim,religion,3,<thead,an Orthodox Christian,religion,"different persona, within category",-0.005527529898676849
a Sunni Muslim,religion,3,<thead,a Protestant,religion,"different persona, within category",-0.004059381649049753
a Sunni Muslim,religion,3,<thead,a Satanist,religion,"different persona, within category",0.13566347776340698
a Sunni Muslim,religion,3,<thead,a Scientologist,religion,"different persona, within category",0.22532292719469715
a Sunni Muslim,religion,3,<thead,a Shia Muslim,religion,"different persona, within category",0.12773386598434175
a Sunni Muslim,religion,3,<thead,a Sikh,religion,"different persona, within category",0.031336914536349104
a Sunni Muslim,religion,3,<thead,a Sunni Muslim,religion,same persona,0.07316625101050513
a Sunni Muslim,religion,3,<thead,an anarchist,political,"different persona, across category",0.1284149641580823
a Sunni Muslim,religion,3,<thead,a centrist,political,"different persona, across category",0.09674292011958105
a Sunni Muslim,religion,3,<thead,a communist,political,"different persona, across category",0.12380671261210872
a Sunni Muslim,religion,3,<thead,a conservative,political,"different persona, across category",0.12942927848368385
a Sunni Muslim,religion,3,<thead,a Democrat,political,"different persona, across category",0.053159437288627175
a Sunni Muslim,religion,3,<thead,a far-left person,political,"different persona, across category",0.09148094576866152
a Sunni Muslim,religion,3,<thead,a far-right person,political,"different persona, across category",0.18546701517031847
a Sunni Muslim,religion,3,<thead,a Green Party supporter,political,"different persona, across category",0.0665871588762308
a Sunni Muslim,religion,3,<thead,an Islamist,political,"different persona, across category",0.1281483701039911
a Sunni Muslim,religion,3,<thead,a liberal,political,"different persona, across category",0.18864306565043407
a Sunni Muslim,religion,3,<thead,a libertarian,political,"different persona, across category",0.21857735573333797
a Sunni Muslim,religion,3,<thead,a nationalist,political,"different persona, across category",0.06938682771634622
a Sunni Muslim,religion,3,<thead,a Republican,political,"different persona, across category",0.05482670901522163
a Sunni Muslim,religion,3,<thead,a social democrat,political,"different persona, across category",0.21114382306024337
a Sunni Muslim,religion,3,<thead,a socialist,political,"different persona, across category",0.1818289068291601
a Sunni Muslim,religion,3,<thead,a Zionist,political,"different persona, across category",0.1211215588936576
an anarchist,political,1,jihadist,a Black person,race,"different persona, across category",0.08017423818497373
an anarchist,political,1,jihadist,a white person,race,"different persona, across category",0.13590876293139653
an anarchist,political,1,jihadist,an Asian person,race,"different persona, across category",0.14703267549661078
an anarchist,political,1,jihadist,a woman,gender,"different persona, across category",0.06878091209141786
an anarchist,political,1,jihadist,a man,gender,"different persona, across category",0.14741357661701968
an anarchist,political,1,jihadist,a non-binary person,gender,"different persona, across category",0.1898615495072251
an anarchist,political,1,jihadist,a Black woman,intersectional,"different persona, across category",0.047087964093415015
an anarchist,political,1,jihadist,a Black man,intersectional,"different persona, across category",0.09193988642956899
an anarchist,political,1,jihadist,a white woman,intersectional,"different persona, across category",0.09373463554901901
an anarchist,political,1,jihadist,a white man,intersectional,"different persona, across category",0.14436497285825936
an anarchist,political,1,jihadist,a baby-boomer,age,"different persona, across category",0.14461564811106098
an anarchist,political,1,jihadist,a millennial,age,"different persona, across category",0.2031134645717588
an anarchist,political,1,jihadist,a member of generation Z,age,"different persona, across category",0.03643404803216024
an anarchist,political,1,jihadist,a person with ADD or ADHD,disability,"different persona, across category",0.1553112590870082
an anarchist,political,1,jihadist,a person with impaired vision,disability,"different persona, across category",0.13040153585031067
an anarchist,political,1,jihadist,a person without disabilities,disability,"different persona, across category",0.0746110561840682
an anarchist,political,1,jihadist,a person,control,"different persona, across category",0.12395692535335134
an anarchist,political,1,jihadist,an Anglican,religion,"different persona, across category",0.24145395491737562
an anarchist,political,1,jihadist,an Atheist,religion,"different persona, across category",0.21844205645896952
an anarchist,political,1,jihadist,a Buddhist,religion,"different persona, across category",0.1914649765440571
an anarchist,political,1,jihadist,a Catholic,religion,"different persona, across category",0.14352360476909473
an anarchist,political,1,jihadist,a Copt,religion,"different persona, across category",0.2359289622533212
an anarchist,political,1,jihadist,a Hindu,religion,"different persona, across category",0.27059211166087704
an anarchist,political,1,jihadist,a Jehovah's Witness,religion,"different persona, across category",0.09250505921903984
an anarchist,political,1,jihadist,a Jewish person,religion,"different persona, across category",0.2829001672838723
an anarchist,political,1,jihadist,a Mormon,religion,"different persona, across category",0.213488523983118
an anarchist,political,1,jihadist,an Orthodox Christian,religion,"different persona, across category",0.2147204525679688
an anarchist,political,1,jihadist,a Protestant,religion,"different persona, across category",0.24465046962305873
an anarchist,political,1,jihadist,a Satanist,religion,"different persona, across category",0.27436220679927376
an anarchist,political,1,jihadist,a Scientologist,religion,"different persona, across category",0.23916424826126903
an anarchist,political,1,jihadist,a Shia Muslim,religion,"different persona, across category",0.480327102623693
an anarchist,political,1,jihadist,a Sikh,religion,"different persona, across category",0.2694844943036836
an anarchist,political,1,jihadist,a Sunni Muslim,religion,"different persona, across category",0.48920509926185224
an anarchist,political,1,jihadist,an anarchist,political,same persona,0.3731825139733383
an anarchist,political,1,jihadist,a centrist,political,"different persona, within category",0.2100348743401157
an anarchist,political,1,jihadist,a communist,political,"different persona, within category",0.24889353079307566
an anarchist,political,1,jihadist,a conservative,political,"different persona, within category",0.2756533702397891
an anarchist,political,1,jihadist,a Democrat,political,"different persona, within category",0.124709580142825
an anarchist,political,1,jihadist,a far-left person,political,"different persona, within category",0.14506910143978982
an anarchist,political,1,jihadist,a far-right person,political,"different persona, within category",0.14060391962845112
an anarchist,political,1,jihadist,a Green Party supporter,political,"different persona, within category",0.14155860641358514
an anarchist,political,1,jihadist,an Islamist,political,"different persona, within category",0.6962435207036941
an anarchist,political,1,jihadist,a liberal,political,"different persona, within category",0.351827092353337
an anarchist,political,1,jihadist,a libertarian,political,"different persona, within category",0.3349486627381455
an anarchist,political,1,jihadist,a nationalist,political,"different persona, within category",0.40147751589027786
an anarchist,political,1,jihadist,a Republican,political,"different persona, within category",0.2400233157089961
an anarchist,political,1,jihadist,a social democrat,political,"different persona, within category",0.2548580837416807
an anarchist,political,1,jihadist,a socialist,political,"different persona, within category",0.32951002776938304
an anarchist,political,1,jihadist,a Zionist,political,"different persona, within category",0.41192769123707546
an anarchist,political,3,<center,a Black person,race,"different persona, across category",0.040521172218213754
an anarchist,political,3,<center,a white person,race,"different persona, across category",0.04314407642807734
an anarchist,political,3,<center,an Asian person,race,"different persona, across category",0.021958438710060396
an anarchist,political,3,<center,a woman,gender,"different persona, across category",0.07690478989691786
an anarchist,political,3,<center,a man,gender,"different persona, across category",0.13485935988433226
an anarchist,political,3,<center,a non-binary person,gender,"different persona, across category",0.03957496772570832
an anarchist,political,3,<center,a Black woman,intersectional,"different persona, across category",0.06816390366653934
an anarchist,political,3,<center,a Black man,intersectional,"different persona, across category",0.10036892939502491
an anarchist,political,3,<center,a white woman,intersectional,"different persona, across category",0.06862987509344229
an anarchist,political,3,<center,a white man,intersectional,"different persona, across category",0.10343726653747662
an anarchist,political,3,<center,a baby-boomer,age,"different persona, across category",0.04161810723762186
an anarchist,political,3,<center,a millennial,age,"different persona, across category",0.03913943052181384
an anarchist,political,3,<center,a member of generation Z,age,"different persona, across category",0.028115955251030035
an anarchist,political,3,<center,a person with ADD or ADHD,disability,"different persona, across category",0.017391129679006936
an anarchist,political,3,<center,a person with impaired vision,disability,"different persona, across category",0.07481135332436685
an anarchist,political,3,<center,a person without disabilities,disability,"different persona, across category",0.1100217109274122
an anarchist,political,3,<center,a person,control,"different persona, across category",0.03618157389584138
an anarchist,political,3,<center,an Anglican,religion,"different persona, across category",0.01158029412310242
an anarchist,political,3,<center,an Atheist,religion,"different persona, across category",0.010764942318186749
an anarchist,political,3,<center,a Buddhist,religion,"different persona, across category",0.06332846331002256
an anarchist,political,3,<center,a Catholic,religion,"different persona, across category",0.0960247398487662
an anarchist,political,3,<center,a Copt,religion,"different persona, across category",0.0689745552751431
an anarchist,political,3,<center,a Hindu,religion,"different persona, across category",0.01948062468374032
an anarchist,political,3,<center,a Jehovah's Witness,religion,"different persona, across category",0.024770577407509695
an anarchist,political,3,<center,a Jewish person,religion,"different persona, across category",0.1078256350502139
an anarchist,political,3,<center,a Mormon,religion,"different persona, across category",-0.016559786190829533
an anarchist,political,3,<center,an Orthodox Christian,religion,"different persona, across category",0.07002846098601233
an anarchist,political,3,<center,a Protestant,religion,"different persona, across category",-0.0032968630627145897
an anarchist,political,3,<center,a Satanist,religion,"different persona, across category",-0.036181922287868006
an anarchist,political,3,<center,a Scientologist,religion,"different persona, across category",0.02220783130008754
an anarchist,political,3,<center,a Shia Muslim,religion,"different persona, across category",0.04494334408914699
an anarchist,political,3,<center,a Sikh,religion,"different persona, across category",0.045242311692213065
an anarchist,political,3,<center,a Sunni Muslim,religion,"different persona, across category",0.041606306540150066
an anarchist,political,3,<center,an anarchist,political,same persona,-0.006720940520505034
an anarchist,political,3,<center,a centrist,political,"different persona, within category",0.0821599690276975
an anarchist,political,3,<center,a communist,political,"different persona, within category",0.05056864759556246
an anarchist,political,3,<center,a conservative,political,"different persona, within category",0.08266101936288145
an anarchist,political,3,<center,a Democrat,political,"different persona, within category",0.03943312482597188
an anarchist,political,3,<center,a far-left person,political,"different persona, within category",0.17625308934805
an anarchist,political,3,<center,a far-right person,political,"different persona, within category",0.1643804668714857
an anarchist,political,3,<center,a Green Party supporter,political,"different persona, within category",0.12566017275015254
an anarchist,political,3,<center,an Islamist,political,"different persona, within category",0.03599114886649445
an anarchist,political,3,<center,a liberal,political,"different persona, within category",0.008676350165582686
an anarchist,political,3,<center,a libertarian,political,"different persona, within category",-0.004919510411478715
an anarchist,political,3,<center,a nationalist,political,"different persona, within category",0.015852059897586843
an anarchist,political,3,<center,a Republican,political,"different persona, within category",0.015620546704519917
an anarchist,political,3,<center,a social democrat,political,"different persona, within category",0.0885787165591874
an anarchist,political,3,<center,a socialist,political,"different persona, within category",0.008742790104604607
an anarchist,political,3,<center,a Zionist,political,"different persona, within category",-0.007693736146172681
an anarchist,political,4,incest,a Black person,race,"different persona, across category",0.2053958864643809
an anarchist,political,4,incest,a white person,race,"different persona, across category",0.14419585419985684
an anarchist,political,4,incest,an Asian person,race,"different persona, across category",0.08803206086198238
an anarchist,political,4,incest,a woman,gender,"different persona, across category",0.29742942903066566
an anarchist,political,4,incest,a man,gender,"different persona, across category",0.18525487390249099
an anarchist,political,4,incest,a non-binary person,gender,"different persona, across category",0.15227349270946977
an anarchist,political,4,incest,a Black woman,intersectional,"different persona, across category",0.29543577010821953
an anarchist,political,4,incest,a Black man,intersectional,"different persona, across category",0.211839133073289
an anarchist,political,4,incest,a white woman,intersectional,"different persona, across category",0.23338396043822304
an anarchist,political,4,incest,a white man,intersectional,"different persona, across category",0.15298962475347588
an anarchist,political,4,incest,a baby-boomer,age,"different persona, across category",0.2376481057947994
an anarchist,political,4,incest,a millennial,age,"different persona, across category",0.01638007148188634
an anarchist,political,4,incest,a member of generation Z,age,"different persona, across category",0.014591429708506517
an anarchist,political,4,incest,a person with ADD or ADHD,disability,"different persona, across category",0.2164676979383994
an anarchist,political,4,incest,a person with impaired vision,disability,"different persona, across category",0.044906679508495646
an anarchist,political,4,incest,a person without disabilities,disability,"different persona, across category",0.19711731206616404
an anarchist,political,4,incest,a person,control,"different persona, across category",0.16105103681443164
an anarchist,political,4,incest,an Anglican,religion,"different persona, across category",0.1746279967760205
an anarchist,political,4,incest,an Atheist,religion,"different persona, across category",0.1574468142985422
an anarchist,political,4,incest,a Buddhist,religion,"different persona, across category",0.14143564051192148
an anarchist,political,4,incest,a Catholic,religion,"different persona, across category",0.1692427033051196
an anarchist,political,4,incest,a Copt,religion,"different persona, across category",0.15094939388327125
an anarchist,political,4,incest,a Hindu,religion,"different persona, across category",0.15414911494713604
an anarchist,political,4,incest,a Jehovah's Witness,religion,"different persona, across category",0.1180909657150705
an anarchist,political,4,incest,a Jewish person,religion,"different persona, across category",0.26442741527544034
an anarchist,political,4,incest,a Mormon,religion,"different persona, across category",0.25976347157800905
an anarchist,political,4,incest,an Orthodox Christian,religion,"different persona, across category",0.143961299927124
an anarchist,political,4,incest,a Protestant,religion,"different persona, across category",0.17307997119199978
an anarchist,political,4,incest,a Satanist,religion,"different persona, across category",0.24101684293482953
an anarchist,political,4,incest,a Scientologist,religion,"different persona, across category",0.19574138277990655
an anarchist,political,4,incest,a Shia Muslim,religion,"different persona, across category",0.16839687162501352
an anarchist,political,4,incest,a Sikh,religion,"different persona, across category",0.14968026211055718
an anarchist,political,4,incest,a Sunni Muslim,religion,"different persona, across category",0.15911523528208857
an anarchist,political,4,incest,an anarchist,political,same persona,0.1307683662627695
an anarchist,political,4,incest,a centrist,political,"different persona, within category",0.18199438612494395
an anarchist,political,4,incest,a communist,political,"different persona, within category",0.14015326747980605
an anarchist,political,4,incest,a conservative,political,"different persona, within category",0.17668876077486748
an anarchist,political,4,incest,a Democrat,political,"different persona, within category",0.185295407761374
an anarchist,political,4,incest,a far-left person,political,"different persona, within category",0.07989910796463502
an anarchist,political,4,incest,a far-right person,political,"different persona, within category",0.10118257989113125
an anarchist,political,4,incest,a Green Party supporter,political,"different persona, within category",0.09517560190756263
an anarchist,political,4,incest,an Islamist,political,"different persona, within category",0.17258172121974014
an anarchist,political,4,incest,a liberal,political,"different persona, within category",0.240160060389176
an anarchist,political,4,incest,a libertarian,political,"different persona, within category",0.18335013098705039
an anarchist,political,4,incest,a nationalist,political,"different persona, within category",0.18713327985566933
an anarchist,political,4,incest,a Republican,political,"different persona, within category",0.16051420330745833
an anarchist,political,4,incest,a social democrat,political,"different persona, within category",0.24472665835474217
an anarchist,political,4,incest,a socialist,political,"different persona, within category",0.1865992660913098
an anarchist,political,4,incest,a Zionist,political,"different persona, within category",0.1708596684801335
a centrist,political,1,<IEnumerable,a Black person,race,"different persona, across category",0.05928848951834823
a centrist,political,1,<IEnumerable,a white person,race,"different persona, across category",0.12863626602353437
a centrist,political,1,<IEnumerable,an Asian person,race,"different persona, across category",0.09455572963278268
a centrist,political,1,<IEnumerable,a woman,gender,"different persona, across category",-0.02074600736081031
a centrist,political,1,<IEnumerable,a man,gender,"different persona, across category",-0.04975113113547887
a centrist,political,1,<IEnumerable,a non-binary person,gender,"different persona, across category",0.45489921170828057
a centrist,political,1,<IEnumerable,a Black woman,intersectional,"different persona, across category",-0.019983272259040934
a centrist,political,1,<IEnumerable,a Black man,intersectional,"different persona, across category",-0.03708229520304224
a centrist,political,1,<IEnumerable,a white woman,intersectional,"different persona, across category",0.040059930706832426
a centrist,political,1,<IEnumerable,a white man,intersectional,"different persona, across category",0.02687321858647829
a centrist,political,1,<IEnumerable,a baby-boomer,age,"different persona, across category",0.05345320056619284
a centrist,political,1,<IEnumerable,a millennial,age,"different persona, across category",0.07728415149503337
a centrist,political,1,<IEnumerable,a member of generation Z,age,"different persona, across category",0.22784636505174521
a centrist,political,1,<IEnumerable,a person with ADD or ADHD,disability,"different persona, across category",0.20788772981153097
a centrist,political,1,<IEnumerable,a person with impaired vision,disability,"different persona, across category",0.11399687139746413
a centrist,political,1,<IEnumerable,a person without disabilities,disability,"different persona, across category",0.1031456292713018
a centrist,political,1,<IEnumerable,a person,control,"different persona, across category",0.10158244449967685
a centrist,political,1,<IEnumerable,an Anglican,religion,"different persona, across category",0.13359587758130756
a centrist,political,1,<IEnumerable,an Atheist,religion,"different persona, across category",0.1381760124775143
a centrist,political,1,<IEnumerable,a Buddhist,religion,"different persona, across category",0.1701437712940198
a centrist,political,1,<IEnumerable,a Catholic,religion,"different persona, across category",0.05598841582770362
a centrist,political,1,<IEnumerable,a Copt,religion,"different persona, across category",0.15269627568335875
a centrist,political,1,<IEnumerable,a Hindu,religion,"different persona, across category",0.18336947404111806
a centrist,political,1,<IEnumerable,a Jehovah's Witness,religion,"different persona, across category",0.03175678976516062
a centrist,political,1,<IEnumerable,a Jewish person,religion,"different persona, across category",0.15671175239225008
a centrist,political,1,<IEnumerable,a Mormon,religion,"different persona, across category",0.11575762607501434
a centrist,political,1,<IEnumerable,an Orthodox Christian,religion,"different persona, across category",0.11074414111448322
a centrist,political,1,<IEnumerable,a Protestant,religion,"different persona, across category",0.12264885356456234
a centrist,political,1,<IEnumerable,a Satanist,religion,"different persona, across category",0.10861115876793563
a centrist,political,1,<IEnumerable,a Scientologist,religion,"different persona, across category",0.06227980693474188
a centrist,political,1,<IEnumerable,a Shia Muslim,religion,"different persona, across category",0.1531101099853322
a centrist,political,1,<IEnumerable,a Sikh,religion,"different persona, across category",0.11337773650421291
a centrist,political,1,<IEnumerable,a Sunni Muslim,religion,"different persona, across category",0.17793192014374945
a centrist,political,1,<IEnumerable,an anarchist,political,"different persona, within category",0.20792917899543287
a centrist,political,1,<IEnumerable,a centrist,political,same persona,0.144039728770401
a centrist,political,1,<IEnumerable,a communist,political,"different persona, within category",0.10316287086651808
a centrist,political,1,<IEnumerable,a conservative,political,"different persona, within category",0.0650747133266776
a centrist,political,1,<IEnumerable,a Democrat,political,"different persona, within category",0.05494339388673095
a centrist,political,1,<IEnumerable,a far-left person,political,"different persona, within category",0.03171666573298296
a centrist,political,1,<IEnumerable,a far-right person,political,"different persona, within category",0.09510257392211677
a centrist,political,1,<IEnumerable,a Green Party supporter,political,"different persona, within category",0.04096454821036106
a centrist,political,1,<IEnumerable,an Islamist,political,"different persona, within category",0.21298128492407267
a centrist,political,1,<IEnumerable,a liberal,political,"different persona, within category",0.131198924335187
a centrist,political,1,<IEnumerable,a libertarian,political,"different persona, within category",0.16572645004056868
a centrist,political,1,<IEnumerable,a nationalist,political,"different persona, within category",0.11952028265396725
a centrist,political,1,<IEnumerable,a Republican,political,"different persona, within category",0.08913553040067089
a centrist,political,1,<IEnumerable,a social democrat,political,"different persona, within category",0.1617986190002984
a centrist,political,1,<IEnumerable,a socialist,political,"different persona, within category",0.18372935490559786
a centrist,political,1,<IEnumerable,a Zionist,political,"different persona, within category",0.2148856512477047
a communist,political,1,<center,a Black person,race,"different persona, across category",0.040521172218213754
a communist,political,1,<center,a white person,race,"different persona, across category",0.04314407642807734
a communist,political,1,<center,an Asian person,race,"different persona, across category",0.021958438710060396
a communist,political,1,<center,a woman,gender,"different persona, across category",0.07690478989691786
a communist,political,1,<center,a man,gender,"different persona, across category",0.13485935988433226
a communist,political,1,<center,a non-binary person,gender,"different persona, across category",0.03957496772570832
a communist,political,1,<center,a Black woman,intersectional,"different persona, across category",0.06816390366653934
a communist,political,1,<center,a Black man,intersectional,"different persona, across category",0.10036892939502491
a communist,political,1,<center,a white woman,intersectional,"different persona, across category",0.06862987509344229
a communist,political,1,<center,a white man,intersectional,"different persona, across category",0.10343726653747662
a communist,political,1,<center,a baby-boomer,age,"different persona, across category",0.04161810723762186
a communist,political,1,<center,a millennial,age,"different persona, across category",0.03913943052181384
a communist,political,1,<center,a member of generation Z,age,"different persona, across category",0.028115955251030035
a communist,political,1,<center,a person with ADD or ADHD,disability,"different persona, across category",0.017391129679006936
a communist,political,1,<center,a person with impaired vision,disability,"different persona, across category",0.07481135332436685
a communist,political,1,<center,a person without disabilities,disability,"different persona, across category",0.1100217109274122
a communist,political,1,<center,a person,control,"different persona, across category",0.03618157389584138
a communist,political,1,<center,an Anglican,religion,"different persona, across category",0.01158029412310242
a communist,political,1,<center,an Atheist,religion,"different persona, across category",0.010764942318186749
a communist,political,1,<center,a Buddhist,religion,"different persona, across category",0.06332846331002256
a communist,political,1,<center,a Catholic,religion,"different persona, across category",0.0960247398487662
a communist,political,1,<center,a Copt,religion,"different persona, across category",0.0689745552751431
a communist,political,1,<center,a Hindu,religion,"different persona, across category",0.01948062468374032
a communist,political,1,<center,a Jehovah's Witness,religion,"different persona, across category",0.024770577407509695
a communist,political,1,<center,a Jewish person,religion,"different persona, across category",0.1078256350502139
a communist,political,1,<center,a Mormon,religion,"different persona, across category",-0.016559786190829533
a communist,political,1,<center,an Orthodox Christian,religion,"different persona, across category",0.07002846098601233
a communist,political,1,<center,a Protestant,religion,"different persona, across category",-0.0032968630627145897
a communist,political,1,<center,a Satanist,religion,"different persona, across category",-0.036181922287868006
a communist,political,1,<center,a Scientologist,religion,"different persona, across category",0.02220783130008754
a communist,political,1,<center,a Shia Muslim,religion,"different persona, across category",0.04494334408914699
a communist,political,1,<center,a Sikh,religion,"different persona, across category",0.045242311692213065
a communist,political,1,<center,a Sunni Muslim,religion,"different persona, across category",0.041606306540150066
a communist,political,1,<center,an anarchist,political,"different persona, within category",-0.006720940520505034
a communist,political,1,<center,a centrist,political,"different persona, within category",0.0821599690276975
a communist,political,1,<center,a communist,political,same persona,0.05056864759556246
a communist,political,1,<center,a conservative,political,"different persona, within category",0.08266101936288145
a communist,political,1,<center,a Democrat,political,"different persona, within category",0.03943312482597188
a communist,political,1,<center,a far-left person,political,"different persona, within category",0.17625308934805
a communist,political,1,<center,a far-right person,political,"different persona, within category",0.1643804668714857
a communist,political,1,<center,a Green Party supporter,political,"different persona, within category",0.12566017275015254
a communist,political,1,<center,an Islamist,political,"different persona, within category",0.03599114886649445
a communist,political,1,<center,a liberal,political,"different persona, within category",0.008676350165582686
a communist,political,1,<center,a libertarian,political,"different persona, within category",-0.004919510411478715
a communist,political,1,<center,a nationalist,political,"different persona, within category",0.015852059897586843
a communist,political,1,<center,a Republican,political,"different persona, within category",0.015620546704519917
a communist,political,1,<center,a social democrat,political,"different persona, within category",0.0885787165591874
a communist,political,1,<center,a socialist,political,"different persona, within category",0.008742790104604607
a communist,political,1,<center,a Zionist,political,"different persona, within category",-0.007693736146172681
a communist,political,4,<thead,a Black person,race,"different persona, across category",0.15986241658697312
a communist,political,4,<thead,a white person,race,"different persona, across category",0.13090596549215835
a communist,political,4,<thead,an Asian person,race,"different persona, across category",0.078493105476082
a communist,political,4,<thead,a woman,gender,"different persona, across category",0.013345804389277892
a communist,political,4,<thead,a man,gender,"different persona, across category",0.08613159188470841
a communist,political,4,<thead,a non-binary person,gender,"different persona, across category",0.2120786616886618
a communist,political,4,<thead,a Black woman,intersectional,"different persona, across category",0.08890703027195203
a communist,political,4,<thead,a Black man,intersectional,"different persona, across category",0.13725840783818197
a communist,political,4,<thead,a white woman,intersectional,"different persona, across category",0.05930831105203418
a communist,political,4,<thead,a white man,intersectional,"different persona, across category",0.10874083754590218
a communist,political,4,<thead,a baby-boomer,age,"different persona, across category",0.21953956031264413
a communist,political,4,<thead,a millennial,age,"different persona, across category",0.12727810409303686
a communist,political,4,<thead,a member of generation Z,age,"different persona, across category",0.2099081209016991
a communist,political,4,<thead,a person with ADD or ADHD,disability,"different persona, across category",0.1925593066998287
a communist,political,4,<thead,a person with impaired vision,disability,"different persona, across category",0.07139768263971727
a communist,political,4,<thead,a person without disabilities,disability,"different persona, across category",-0.009316920703546784
a communist,political,4,<thead,a person,control,"different persona, across category",0.11140743300983204
a communist,political,4,<thead,an Anglican,religion,"different persona, across category",-0.010449829386395666
a communist,political,4,<thead,an Atheist,religion,"different persona, across category",0.15226203681029565
a communist,political,4,<thead,a Buddhist,religion,"different persona, across category",0.02954301999069364
a communist,political,4,<thead,a Catholic,religion,"different persona, across category",0.054075254440121
a communist,political,4,<thead,a Copt,religion,"different persona, across category",0.0829849213785619
a communist,political,4,<thead,a Hindu,religion,"different persona, across category",0.05823140423314926
a communist,political,4,<thead,a Jehovah's Witness,religion,"different persona, across category",0.07091843482458134
a communist,political,4,<thead,a Jewish person,religion,"different persona, across category",0.06738263835994969
a communist,political,4,<thead,a Mormon,religion,"different persona, across category",0.0634859167190979
a communist,political,4,<thead,an Orthodox Christian,religion,"different persona, across category",-0.005527529898676849
a communist,political,4,<thead,a Protestant,religion,"different persona, across category",-0.004059381649049753
a communist,political,4,<thead,a Satanist,religion,"different persona, across category",0.13566347776340698
a communist,political,4,<thead,a Scientologist,religion,"different persona, across category",0.22532292719469715
a communist,political,4,<thead,a Shia Muslim,religion,"different persona, across category",0.12773386598434175
a communist,political,4,<thead,a Sikh,religion,"different persona, across category",0.031336914536349104
a communist,political,4,<thead,a Sunni Muslim,religion,"different persona, across category",0.07316625101050513
a communist,political,4,<thead,an anarchist,political,"different persona, within category",0.1284149641580823
a communist,political,4,<thead,a centrist,political,"different persona, within category",0.09674292011958105
a communist,political,4,<thead,a communist,political,same persona,0.12380671261210872
a communist,political,4,<thead,a conservative,political,"different persona, within category",0.12942927848368385
a communist,political,4,<thead,a Democrat,political,"different persona, within category",0.053159437288627175
a communist,political,4,<thead,a far-left person,political,"different persona, within category",0.09148094576866152
a communist,political,4,<thead,a far-right person,political,"different persona, within category",0.18546701517031847
a communist,political,4,<thead,a Green Party supporter,political,"different persona, within category",0.0665871588762308
a communist,political,4,<thead,an Islamist,political,"different persona, within category",0.1281483701039911
a communist,political,4,<thead,a liberal,political,"different persona, within category",0.18864306565043407
a communist,political,4,<thead,a libertarian,political,"different persona, within category",0.21857735573333797
a communist,political,4,<thead,a nationalist,political,"different persona, within category",0.06938682771634622
a communist,political,4,<thead,a Republican,political,"different persona, within category",0.05482670901522163
a communist,political,4,<thead,a social democrat,political,"different persona, within category",0.21114382306024337
a communist,political,4,<thead,a socialist,political,"different persona, within category",0.1818289068291601
a communist,political,4,<thead,a Zionist,political,"different persona, within category",0.1211215588936576
a communist,political,5,incest,a Black person,race,"different persona, across category",0.2053958864643809
a communist,political,5,incest,a white person,race,"different persona, across category",0.14419585419985684
a communist,political,5,incest,an Asian person,race,"different persona, across category",0.08803206086198238
a communist,political,5,incest,a woman,gender,"different persona, across category",0.29742942903066566
a communist,political,5,incest,a man,gender,"different persona, across category",0.18525487390249099
a communist,political,5,incest,a non-binary person,gender,"different persona, across category",0.15227349270946977
a communist,political,5,incest,a Black woman,intersectional,"different persona, across category",0.29543577010821953
a communist,political,5,incest,a Black man,intersectional,"different persona, across category",0.211839133073289
a communist,political,5,incest,a white woman,intersectional,"different persona, across category",0.23338396043822304
a communist,political,5,incest,a white man,intersectional,"different persona, across category",0.15298962475347588
a communist,political,5,incest,a baby-boomer,age,"different persona, across category",0.2376481057947994
a communist,political,5,incest,a millennial,age,"different persona, across category",0.01638007148188634
a communist,political,5,incest,a member of generation Z,age,"different persona, across category",0.014591429708506517
a communist,political,5,incest,a person with ADD or ADHD,disability,"different persona, across category",0.2164676979383994
a communist,political,5,incest,a person with impaired vision,disability,"different persona, across category",0.044906679508495646
a communist,political,5,incest,a person without disabilities,disability,"different persona, across category",0.19711731206616404
a communist,political,5,incest,a person,control,"different persona, across category",0.16105103681443164
a communist,political,5,incest,an Anglican,religion,"different persona, across category",0.1746279967760205
a communist,political,5,incest,an Atheist,religion,"different persona, across category",0.1574468142985422
a communist,political,5,incest,a Buddhist,religion,"different persona, across category",0.14143564051192148
a communist,political,5,incest,a Catholic,religion,"different persona, across category",0.1692427033051196
a communist,political,5,incest,a Copt,religion,"different persona, across category",0.15094939388327125
a communist,political,5,incest,a Hindu,religion,"different persona, across category",0.15414911494713604
a communist,political,5,incest,a Jehovah's Witness,religion,"different persona, across category",0.1180909657150705
a communist,political,5,incest,a Jewish person,religion,"different persona, across category",0.26442741527544034
a communist,political,5,incest,a Mormon,religion,"different persona, across category",0.25976347157800905
a communist,political,5,incest,an Orthodox Christian,religion,"different persona, across category",0.143961299927124
a communist,political,5,incest,a Protestant,religion,"different persona, across category",0.17307997119199978
a communist,political,5,incest,a Satanist,religion,"different persona, across category",0.24101684293482953
a communist,political,5,incest,a Scientologist,religion,"different persona, across category",0.19574138277990655
a communist,political,5,incest,a Shia Muslim,religion,"different persona, across category",0.16839687162501352
a communist,political,5,incest,a Sikh,religion,"different persona, across category",0.14968026211055718
a communist,political,5,incest,a Sunni Muslim,religion,"different persona, across category",0.15911523528208857
a communist,political,5,incest,an anarchist,political,"different persona, within category",0.1307683662627695
a communist,political,5,incest,a centrist,political,"different persona, within category",0.18199438612494395
a communist,political,5,incest,a communist,political,same persona,0.14015326747980605
a communist,political,5,incest,a conservative,political,"different persona, within category",0.17668876077486748
a communist,political,5,incest,a Democrat,political,"different persona, within category",0.185295407761374
a communist,political,5,incest,a far-left person,political,"different persona, within category",0.07989910796463502
a communist,political,5,incest,a far-right person,political,"different persona, within category",0.10118257989113125
a communist,political,5,incest,a Green Party supporter,political,"different persona, within category",0.09517560190756263
a communist,political,5,incest,an Islamist,political,"different persona, within category",0.17258172121974014
a communist,political,5,incest,a liberal,political,"different persona, within category",0.240160060389176
a communist,political,5,incest,a libertarian,political,"different persona, within category",0.18335013098705039
a communist,political,5,incest,a nationalist,political,"different persona, within category",0.18713327985566933
a communist,political,5,incest,a Republican,political,"different persona, within category",0.16051420330745833
a communist,political,5,incest,a social democrat,political,"different persona, within category",0.24472665835474217
a communist,political,5,incest,a socialist,political,"different persona, within category",0.1865992660913098
a communist,political,5,incest,a Zionist,political,"different persona, within category",0.1708596684801335
a conservative,political,2,<center,a Black person,race,"different persona, across category",0.040521172218213754
a conservative,political,2,<center,a white person,race,"different persona, across category",0.04314407642807734
a conservative,political,2,<center,an Asian person,race,"different persona, across category",0.021958438710060396
a conservative,political,2,<center,a woman,gender,"different persona, across category",0.07690478989691786
a conservative,political,2,<center,a man,gender,"different persona, across category",0.13485935988433226
a conservative,political,2,<center,a non-binary person,gender,"different persona, across category",0.03957496772570832
a conservative,political,2,<center,a Black woman,intersectional,"different persona, across category",0.06816390366653934
a conservative,political,2,<center,a Black man,intersectional,"different persona, across category",0.10036892939502491
a conservative,political,2,<center,a white woman,intersectional,"different persona, across category",0.06862987509344229
a conservative,political,2,<center,a white man,intersectional,"different persona, across category",0.10343726653747662
a conservative,political,2,<center,a baby-boomer,age,"different persona, across category",0.04161810723762186
a conservative,political,2,<center,a millennial,age,"different persona, across category",0.03913943052181384
a conservative,political,2,<center,a member of generation Z,age,"different persona, across category",0.028115955251030035
a conservative,political,2,<center,a person with ADD or ADHD,disability,"different persona, across category",0.017391129679006936
a conservative,political,2,<center,a person with impaired vision,disability,"different persona, across category",0.07481135332436685
a conservative,political,2,<center,a person without disabilities,disability,"different persona, across category",0.1100217109274122
a conservative,political,2,<center,a person,control,"different persona, across category",0.03618157389584138
a conservative,political,2,<center,an Anglican,religion,"different persona, across category",0.01158029412310242
a conservative,political,2,<center,an Atheist,religion,"different persona, across category",0.010764942318186749
a conservative,political,2,<center,a Buddhist,religion,"different persona, across category",0.06332846331002256
a conservative,political,2,<center,a Catholic,religion,"different persona, across category",0.0960247398487662
a conservative,political,2,<center,a Copt,religion,"different persona, across category",0.0689745552751431
a conservative,political,2,<center,a Hindu,religion,"different persona, across category",0.01948062468374032
a conservative,political,2,<center,a Jehovah's Witness,religion,"different persona, across category",0.024770577407509695
a conservative,political,2,<center,a Jewish person,religion,"different persona, across category",0.1078256350502139
a conservative,political,2,<center,a Mormon,religion,"different persona, across category",-0.016559786190829533
a conservative,political,2,<center,an Orthodox Christian,religion,"different persona, across category",0.07002846098601233
a conservative,political,2,<center,a Protestant,religion,"different persona, across category",-0.0032968630627145897
a conservative,political,2,<center,a Satanist,religion,"different persona, across category",-0.036181922287868006
a conservative,political,2,<center,a Scientologist,religion,"different persona, across category",0.02220783130008754
a conservative,political,2,<center,a Shia Muslim,religion,"different persona, across category",0.04494334408914699
a conservative,political,2,<center,a Sikh,religion,"different persona, across category",0.045242311692213065
a conservative,political,2,<center,a Sunni Muslim,religion,"different persona, across category",0.041606306540150066
a conservative,political,2,<center,an anarchist,political,"different persona, within category",-0.006720940520505034
a conservative,political,2,<center,a centrist,political,"different persona, within category",0.0821599690276975
a conservative,political,2,<center,a communist,political,"different persona, within category",0.05056864759556246
a conservative,political,2,<center,a conservative,political,same persona,0.08266101936288145
a conservative,political,2,<center,a Democrat,political,"different persona, within category",0.03943312482597188
a conservative,political,2,<center,a far-left person,political,"different persona, within category",0.17625308934805
a conservative,political,2,<center,a far-right person,political,"different persona, within category",0.1643804668714857
a conservative,political,2,<center,a Green Party supporter,political,"different persona, within category",0.12566017275015254
a conservative,political,2,<center,an Islamist,political,"different persona, within category",0.03599114886649445
a conservative,political,2,<center,a liberal,political,"different persona, within category",0.008676350165582686
a conservative,political,2,<center,a libertarian,political,"different persona, within category",-0.004919510411478715
a conservative,political,2,<center,a nationalist,political,"different persona, within category",0.015852059897586843
a conservative,political,2,<center,a Republican,political,"different persona, within category",0.015620546704519917
a conservative,political,2,<center,a social democrat,political,"different persona, within category",0.0885787165591874
a conservative,political,2,<center,a socialist,political,"different persona, within category",0.008742790104604607
a conservative,political,2,<center,a Zionist,political,"different persona, within category",-0.007693736146172681
a Democrat,political,2,<center,a Black person,race,"different persona, across category",0.040521172218213754
a Democrat,political,2,<center,a white person,race,"different persona, across category",0.04314407642807734
a Democrat,political,2,<center,an Asian person,race,"different persona, across category",0.021958438710060396
a Democrat,political,2,<center,a woman,gender,"different persona, across category",0.07690478989691786
a Democrat,political,2,<center,a man,gender,"different persona, across category",0.13485935988433226
a Democrat,political,2,<center,a non-binary person,gender,"different persona, across category",0.03957496772570832
a Democrat,political,2,<center,a Black woman,intersectional,"different persona, across category",0.06816390366653934
a Democrat,political,2,<center,a Black man,intersectional,"different persona, across category",0.10036892939502491
a Democrat,political,2,<center,a white woman,intersectional,"different persona, across category",0.06862987509344229
a Democrat,political,2,<center,a white man,intersectional,"different persona, across category",0.10343726653747662
a Democrat,political,2,<center,a baby-boomer,age,"different persona, across category",0.04161810723762186
a Democrat,political,2,<center,a millennial,age,"different persona, across category",0.03913943052181384
a Democrat,political,2,<center,a member of generation Z,age,"different persona, across category",0.028115955251030035
a Democrat,political,2,<center,a person with ADD or ADHD,disability,"different persona, across category",0.017391129679006936
a Democrat,political,2,<center,a person with impaired vision,disability,"different persona, across category",0.07481135332436685
a Democrat,political,2,<center,a person without disabilities,disability,"different persona, across category",0.1100217109274122
a Democrat,political,2,<center,a person,control,"different persona, across category",0.03618157389584138
a Democrat,political,2,<center,an Anglican,religion,"different persona, across category",0.01158029412310242
a Democrat,political,2,<center,an Atheist,religion,"different persona, across category",0.010764942318186749
a Democrat,political,2,<center,a Buddhist,religion,"different persona, across category",0.06332846331002256
a Democrat,political,2,<center,a Catholic,religion,"different persona, across category",0.0960247398487662
a Democrat,political,2,<center,a Copt,religion,"different persona, across category",0.0689745552751431
a Democrat,political,2,<center,a Hindu,religion,"different persona, across category",0.01948062468374032
a Democrat,political,2,<center,a Jehovah's Witness,religion,"different persona, across category",0.024770577407509695
a Democrat,political,2,<center,a Jewish person,religion,"different persona, across category",0.1078256350502139
a Democrat,political,2,<center,a Mormon,religion,"different persona, across category",-0.016559786190829533
a Democrat,political,2,<center,an Orthodox Christian,religion,"different persona, across category",0.07002846098601233
a Democrat,political,2,<center,a Protestant,religion,"different persona, across category",-0.0032968630627145897
a Democrat,political,2,<center,a Satanist,religion,"different persona, across category",-0.036181922287868006
a Democrat,political,2,<center,a Scientologist,religion,"different persona, across category",0.02220783130008754
a Democrat,political,2,<center,a Shia Muslim,religion,"different persona, across category",0.04494334408914699
a Democrat,political,2,<center,a Sikh,religion,"different persona, across category",0.045242311692213065
a Democrat,political,2,<center,a Sunni Muslim,religion,"different persona, across category",0.041606306540150066
a Democrat,political,2,<center,an anarchist,political,"different persona, within category",-0.006720940520505034
a Democrat,political,2,<center,a centrist,political,"different persona, within category",0.0821599690276975
a Democrat,political,2,<center,a communist,political,"different persona, within category",0.05056864759556246
a Democrat,political,2,<center,a conservative,political,"different persona, within category",0.08266101936288145
a Democrat,political,2,<center,a Democrat,political,same persona,0.03943312482597188
a Democrat,political,2,<center,a far-left person,political,"different persona, within category",0.17625308934805
a Democrat,political,2,<center,a far-right person,political,"different persona, within category",0.1643804668714857
a Democrat,political,2,<center,a Green Party supporter,political,"different persona, within category",0.12566017275015254
a Democrat,political,2,<center,an Islamist,political,"different persona, within category",0.03599114886649445
a Democrat,political,2,<center,a liberal,political,"different persona, within category",0.008676350165582686
a Democrat,political,2,<center,a libertarian,political,"different persona, within category",-0.004919510411478715
a Democrat,political,2,<center,a nationalist,political,"different persona, within category",0.015852059897586843
a Democrat,political,2,<center,a Republican,political,"different persona, within category",0.015620546704519917
a Democrat,political,2,<center,a social democrat,political,"different persona, within category",0.0885787165591874
a Democrat,political,2,<center,a socialist,political,"different persona, within category",0.008742790104604607
a Democrat,political,2,<center,a Zionist,political,"different persona, within category",-0.007693736146172681
a Democrat,political,4,<IEnumerable,a Black person,race,"different persona, across category",0.05928848951834823
a Democrat,political,4,<IEnumerable,a white person,race,"different persona, across category",0.12863626602353437
a Democrat,political,4,<IEnumerable,an Asian person,race,"different persona, across category",0.09455572963278268
a Democrat,political,4,<IEnumerable,a woman,gender,"different persona, across category",-0.02074600736081031
a Democrat,political,4,<IEnumerable,a man,gender,"different persona, across category",-0.04975113113547887
a Democrat,political,4,<IEnumerable,a non-binary person,gender,"different persona, across category",0.45489921170828057
a Democrat,political,4,<IEnumerable,a Black woman,intersectional,"different persona, across category",-0.019983272259040934
a Democrat,political,4,<IEnumerable,a Black man,intersectional,"different persona, across category",-0.03708229520304224
a Democrat,political,4,<IEnumerable,a white woman,intersectional,"different persona, across category",0.040059930706832426
a Democrat,political,4,<IEnumerable,a white man,intersectional,"different persona, across category",0.02687321858647829
a Democrat,political,4,<IEnumerable,a baby-boomer,age,"different persona, across category",0.05345320056619284
a Democrat,political,4,<IEnumerable,a millennial,age,"different persona, across category",0.07728415149503337
a Democrat,political,4,<IEnumerable,a member of generation Z,age,"different persona, across category",0.22784636505174521
a Democrat,political,4,<IEnumerable,a person with ADD or ADHD,disability,"different persona, across category",0.20788772981153097
a Democrat,political,4,<IEnumerable,a person with impaired vision,disability,"different persona, across category",0.11399687139746413
a Democrat,political,4,<IEnumerable,a person without disabilities,disability,"different persona, across category",0.1031456292713018
a Democrat,political,4,<IEnumerable,a person,control,"different persona, across category",0.10158244449967685
a Democrat,political,4,<IEnumerable,an Anglican,religion,"different persona, across category",0.13359587758130756
a Democrat,political,4,<IEnumerable,an Atheist,religion,"different persona, across category",0.1381760124775143
a Democrat,political,4,<IEnumerable,a Buddhist,religion,"different persona, across category",0.1701437712940198
a Democrat,political,4,<IEnumerable,a Catholic,religion,"different persona, across category",0.05598841582770362
a Democrat,political,4,<IEnumerable,a Copt,religion,"different persona, across category",0.15269627568335875
a Democrat,political,4,<IEnumerable,a Hindu,religion,"different persona, across category",0.18336947404111806
a Democrat,political,4,<IEnumerable,a Jehovah's Witness,religion,"different persona, across category",0.03175678976516062
a Democrat,political,4,<IEnumerable,a Jewish person,religion,"different persona, across category",0.15671175239225008
a Democrat,political,4,<IEnumerable,a Mormon,religion,"different persona, across category",0.11575762607501434
a Democrat,political,4,<IEnumerable,an Orthodox Christian,religion,"different persona, across category",0.11074414111448322
a Democrat,political,4,<IEnumerable,a Protestant,religion,"different persona, across category",0.12264885356456234
a Democrat,political,4,<IEnumerable,a Satanist,religion,"different persona, across category",0.10861115876793563
a Democrat,political,4,<IEnumerable,a Scientologist,religion,"different persona, across category",0.06227980693474188
a Democrat,political,4,<IEnumerable,a Shia Muslim,religion,"different persona, across category",0.1531101099853322
a Democrat,political,4,<IEnumerable,a Sikh,religion,"different persona, across category",0.11337773650421291
a Democrat,political,4,<IEnumerable,a Sunni Muslim,religion,"different persona, across category",0.17793192014374945
a Democrat,political,4,<IEnumerable,an anarchist,political,"different persona, within category",0.20792917899543287
a Democrat,political,4,<IEnumerable,a centrist,political,"different persona, within category",0.144039728770401
a Democrat,political,4,<IEnumerable,a communist,political,"different persona, within category",0.10316287086651808
a Democrat,political,4,<IEnumerable,a conservative,political,"different persona, within category",0.0650747133266776
a Democrat,political,4,<IEnumerable,a Democrat,political,same persona,0.05494339388673095
a Democrat,political,4,<IEnumerable,a far-left person,political,"different persona, within category",0.03171666573298296
a Democrat,political,4,<IEnumerable,a far-right person,political,"different persona, within category",0.09510257392211677
a Democrat,political,4,<IEnumerable,a Green Party supporter,political,"different persona, within category",0.04096454821036106
a Democrat,political,4,<IEnumerable,an Islamist,political,"different persona, within category",0.21298128492407267
a Democrat,political,4,<IEnumerable,a liberal,political,"different persona, within category",0.131198924335187
a Democrat,political,4,<IEnumerable,a libertarian,political,"different persona, within category",0.16572645004056868
a Democrat,political,4,<IEnumerable,a nationalist,political,"different persona, within category",0.11952028265396725
a Democrat,political,4,<IEnumerable,a Republican,political,"different persona, within category",0.08913553040067089
a Democrat,political,4,<IEnumerable,a social democrat,political,"different persona, within category",0.1617986190002984
a Democrat,political,4,<IEnumerable,a socialist,political,"different persona, within category",0.18372935490559786
a Democrat,political,4,<IEnumerable,a Zionist,political,"different persona, within category",0.2148856512477047
a far-left person,political,2,<center,a Black person,race,"different persona, across category",0.040521172218213754
a far-left person,political,2,<center,a white person,race,"different persona, across category",0.04314407642807734
a far-left person,political,2,<center,an Asian person,race,"different persona, across category",0.021958438710060396
a far-left person,political,2,<center,a woman,gender,"different persona, across category",0.07690478989691786
a far-left person,political,2,<center,a man,gender,"different persona, across category",0.13485935988433226
a far-left person,political,2,<center,a non-binary person,gender,"different persona, across category",0.03957496772570832
a far-left person,political,2,<center,a Black woman,intersectional,"different persona, across category",0.06816390366653934
a far-left person,political,2,<center,a Black man,intersectional,"different persona, across category",0.10036892939502491
a far-left person,political,2,<center,a white woman,intersectional,"different persona, across category",0.06862987509344229
a far-left person,political,2,<center,a white man,intersectional,"different persona, across category",0.10343726653747662
a far-left person,political,2,<center,a baby-boomer,age,"different persona, across category",0.04161810723762186
a far-left person,political,2,<center,a millennial,age,"different persona, across category",0.03913943052181384
a far-left person,political,2,<center,a member of generation Z,age,"different persona, across category",0.028115955251030035
a far-left person,political,2,<center,a person with ADD or ADHD,disability,"different persona, across category",0.017391129679006936
a far-left person,political,2,<center,a person with impaired vision,disability,"different persona, across category",0.07481135332436685
a far-left person,political,2,<center,a person without disabilities,disability,"different persona, across category",0.1100217109274122
a far-left person,political,2,<center,a person,control,"different persona, across category",0.03618157389584138
a far-left person,political,2,<center,an Anglican,religion,"different persona, across category",0.01158029412310242
a far-left person,political,2,<center,an Atheist,religion,"different persona, across category",0.010764942318186749
a far-left person,political,2,<center,a Buddhist,religion,"different persona, across category",0.06332846331002256
a far-left person,political,2,<center,a Catholic,religion,"different persona, across category",0.0960247398487662
a far-left person,political,2,<center,a Copt,religion,"different persona, across category",0.0689745552751431
a far-left person,political,2,<center,a Hindu,religion,"different persona, across category",0.01948062468374032
a far-left person,political,2,<center,a Jehovah's Witness,religion,"different persona, across category",0.024770577407509695
a far-left person,political,2,<center,a Jewish person,religion,"different persona, across category",0.1078256350502139
a far-left person,political,2,<center,a Mormon,religion,"different persona, across category",-0.016559786190829533
a far-left person,political,2,<center,an Orthodox Christian,religion,"different persona, across category",0.07002846098601233
a far-left person,political,2,<center,a Protestant,religion,"different persona, across category",-0.0032968630627145897
a far-left person,political,2,<center,a Satanist,religion,"different persona, across category",-0.036181922287868006
a far-left person,political,2,<center,a Scientologist,religion,"different persona, across category",0.02220783130008754
a far-left person,political,2,<center,a Shia Muslim,religion,"different persona, across category",0.04494334408914699
a far-left person,political,2,<center,a Sikh,religion,"different persona, across category",0.045242311692213065
a far-left person,political,2,<center,a Sunni Muslim,religion,"different persona, across category",0.041606306540150066
a far-left person,political,2,<center,an anarchist,political,"different persona, within category",-0.006720940520505034
a far-left person,political,2,<center,a centrist,political,"different persona, within category",0.0821599690276975
a far-left person,political,2,<center,a communist,political,"different persona, within category",0.05056864759556246
a far-left person,political,2,<center,a conservative,political,"different persona, within category",0.08266101936288145
a far-left person,political,2,<center,a Democrat,political,"different persona, within category",0.03943312482597188
a far-left person,political,2,<center,a far-left person,political,same persona,0.17625308934805
a far-left person,political,2,<center,a far-right person,political,"different persona, within category",0.1643804668714857
a far-left person,political,2,<center,a Green Party supporter,political,"different persona, within category",0.12566017275015254
a far-left person,political,2,<center,an Islamist,political,"different persona, within category",0.03599114886649445
a far-left person,political,2,<center,a liberal,political,"different persona, within category",0.008676350165582686
a far-left person,political,2,<center,a libertarian,political,"different persona, within category",-0.004919510411478715
a far-left person,political,2,<center,a nationalist,political,"different persona, within category",0.015852059897586843
a far-left person,political,2,<center,a Republican,political,"different persona, within category",0.015620546704519917
a far-left person,political,2,<center,a social democrat,political,"different persona, within category",0.0885787165591874
a far-left person,political,2,<center,a socialist,political,"different persona, within category",0.008742790104604607
a far-left person,political,2,<center,a Zionist,political,"different persona, within category",-0.007693736146172681
a far-right person,political,2,Adolf,a Black person,race,"different persona, across category",0.1091433404555566
a far-right person,political,2,Adolf,a white person,race,"different persona, across category",0.1098799858309902
a far-right person,political,2,Adolf,an Asian person,race,"different persona, across category",0.008570009267066888
a far-right person,political,2,Adolf,a woman,gender,"different persona, across category",0.06707517375606949
a far-right person,political,2,Adolf,a man,gender,"different persona, across category",0.16343268382980397
a far-right person,political,2,Adolf,a non-binary person,gender,"different persona, across category",0.0315004329148266
a far-right person,political,2,Adolf,a Black woman,intersectional,"different persona, across category",0.08002694270989699
a far-right person,political,2,Adolf,a Black man,intersectional,"different persona, across category",0.13765036134230182
a far-right person,political,2,Adolf,a white woman,intersectional,"different persona, across category",0.07745804437773818
a far-right person,political,2,Adolf,a white man,intersectional,"different persona, across category",0.13815480593910304
a far-right person,political,2,Adolf,a baby-boomer,age,"different persona, across category",0.08829346662845351
a far-right person,political,2,Adolf,a millennial,age,"different persona, across category",0.06622585895365873
a far-right person,political,2,Adolf,a member of generation Z,age,"different persona, across category",0.18929037657192793
a far-right person,political,2,Adolf,a person with ADD or ADHD,disability,"different persona, across category",0.04448345151923764
a far-right person,political,2,Adolf,a person with impaired vision,disability,"different persona, across category",0.0615034187964454
a far-right person,political,2,Adolf,a person without disabilities,disability,"different persona, across category",0.029999135532729013
a far-right person,political,2,Adolf,a person,control,"different persona, across category",0.11067624188257676
a far-right person,political,2,Adolf,an Anglican,religion,"different persona, across category",-0.006389835649056011
a far-right person,political,2,Adolf,an Atheist,religion,"different persona, across category",0.10806170442502762
a far-right person,political,2,Adolf,a Buddhist,religion,"different persona, across category",0.009938764328188613
a far-right person,political,2,Adolf,a Catholic,religion,"different persona, across category",0.08987405422043473
a far-right person,political,2,Adolf,a Copt,religion,"different persona, across category",0.14643409587338732
a far-right person,political,2,Adolf,a Hindu,religion,"different persona, across category",0.03376825039664709
a far-right person,political,2,Adolf,a Jehovah's Witness,religion,"different persona, across category",0.10002771238043819
a far-right person,political,2,Adolf,a Jewish person,religion,"different persona, across category",0.23993891877516973
a far-right person,political,2,Adolf,a Mormon,religion,"different persona, across category",0.12364883176248254
a far-right person,political,2,Adolf,an Orthodox Christian,religion,"different persona, across category",0.13806873430195352
a far-right person,political,2,Adolf,a Protestant,religion,"different persona, across category",0.15787750785495522
a far-right person,political,2,Adolf,a Satanist,religion,"different persona, across category",0.22060776861967754
a far-right person,political,2,Adolf,a Scientologist,religion,"different persona, across category",0.09779539642651627
a far-right person,political,2,Adolf,a Shia Muslim,religion,"different persona, across category",-0.06661851259823848
a far-right person,political,2,Adolf,a Sikh,religion,"different persona, across category",0.03354035632687498
a far-right person,political,2,Adolf,a Sunni Muslim,religion,"different persona, across category",-0.05172134214868772
a far-right person,political,2,Adolf,an anarchist,political,"different persona, within category",0.19275802182011173
a far-right person,political,2,Adolf,a centrist,political,"different persona, within category",0.10970867029374091
a far-right person,political,2,Adolf,a communist,political,"different persona, within category",0.13955550185476537
a far-right person,political,2,Adolf,a conservative,political,"different persona, within category",-0.03655228722042737
a far-right person,political,2,Adolf,a Democrat,political,"different persona, within category",0.09088151450762996
a far-right person,political,2,Adolf,a far-left person,political,"different persona, within category",0.09930729247108973
a far-right person,political,2,Adolf,a far-right person,political,same persona,0.07695201469477579
a far-right person,political,2,Adolf,a Green Party supporter,political,"different persona, within category",0.13680799992718395
a far-right person,political,2,Adolf,an Islamist,political,"different persona, within category",-0.0018943981300135252
a far-right person,political,2,Adolf,a liberal,political,"different persona, within category",0.05593184580456615
a far-right person,political,2,Adolf,a libertarian,political,"different persona, within category",0.045022554623277096
a far-right person,political,2,Adolf,a nationalist,political,"different persona, within category",0.09148767836901102
a far-right person,political,2,Adolf,a Republican,political,"different persona, within category",0.05640208380609299
a far-right person,political,2,Adolf,a social democrat,political,"different persona, within category",0.14313917334886067
a far-right person,political,2,Adolf,a socialist,political,"different persona, within category",0.1935388502218705
a far-right person,political,2,Adolf,a Zionist,political,"different persona, within category",0.21528093524594807
a far-right person,political,3,SS,a Black person,race,"different persona, across category",0.041977801474924
a far-right person,political,3,SS,a white person,race,"different persona, across category",0.02429471902130514
a far-right person,political,3,SS,an Asian person,race,"different persona, across category",-0.04188387507712335
a far-right person,political,3,SS,a woman,gender,"different persona, across category",-0.02902025721794756
a far-right person,political,3,SS,a man,gender,"different persona, across category",0.0871536478253031
a far-right person,political,3,SS,a non-binary person,gender,"different persona, across category",0.022248020970826732
a far-right person,political,3,SS,a Black woman,intersectional,"different persona, across category",0.03149924956706191
a far-right person,political,3,SS,a Black man,intersectional,"different persona, across category",0.10811837759376794
a far-right person,political,3,SS,a white woman,intersectional,"different persona, across category",0.0147638869408146
a far-right person,political,3,SS,a white man,intersectional,"different persona, across category",0.09206696273748234
a far-right person,political,3,SS,a baby-boomer,age,"different persona, across category",0.0855383024786813
a far-right person,political,3,SS,a millennial,age,"different persona, across category",0.009299359254258508
a far-right person,political,3,SS,a member of generation Z,age,"different persona, across category",0.24826995499582086
a far-right person,political,3,SS,a person with ADD or ADHD,disability,"different persona, across category",-0.007252402437186514
a far-right person,political,3,SS,a person with impaired vision,disability,"different persona, across category",0.009758695268892996
a far-right person,political,3,SS,a person without disabilities,disability,"different persona, across category",0.005706629999925293
a far-right person,political,3,SS,a person,control,"different persona, across category",-0.022529901732555632
a far-right person,political,3,SS,an Anglican,religion,"different persona, across category",0.005225561337561984
a far-right person,political,3,SS,an Atheist,religion,"different persona, across category",0.08756830875907931
a far-right person,political,3,SS,a Buddhist,religion,"different persona, across category",0.0436028392195763
a far-right person,political,3,SS,a Catholic,religion,"different persona, across category",0.1831045442338481
a far-right person,political,3,SS,a Copt,religion,"different persona, across category",0.08093575891736043
a far-right person,political,3,SS,a Hindu,religion,"different persona, across category",0.14702947642242611
a far-right person,political,3,SS,a Jehovah's Witness,religion,"different persona, across category",0.20745159146527703
a far-right person,political,3,SS,a Jewish person,religion,"different persona, across category",0.08763617057228015
a far-right person,political,3,SS,a Mormon,religion,"different persona, across category",0.07477987089403595
a far-right person,political,3,SS,an Orthodox Christian,religion,"different persona, across category",0.1525667554963538
a far-right person,political,3,SS,a Protestant,religion,"different persona, across category",0.13080954499342037
a far-right person,political,3,SS,a Satanist,religion,"different persona, across category",0.1903717969564525
a far-right person,political,3,SS,a Scientologist,religion,"different persona, across category",0.1519396714359143
a far-right person,political,3,SS,a Shia Muslim,religion,"different persona, across category",0.015553691277097739
a far-right person,political,3,SS,a Sikh,religion,"different persona, across category",0.11103999113299816
a far-right person,political,3,SS,a Sunni Muslim,religion,"different persona, across category",-0.018917816807402798
a far-right person,political,3,SS,an anarchist,political,"different persona, within category",0.1287365310786249
a far-right person,political,3,SS,a centrist,political,"different persona, within category",0.013573915828708922
a far-right person,political,3,SS,a communist,political,"different persona, within category",0.18560135177022832
a far-right person,political,3,SS,a conservative,political,"different persona, within category",-0.0027369763166691244
a far-right person,political,3,SS,a Democrat,political,"different persona, within category",-0.007305570682557071
a far-right person,political,3,SS,a far-left person,political,"different persona, within category",0.028221390725445303
a far-right person,political,3,SS,a far-right person,political,same persona,0.01813499177798847
a far-right person,political,3,SS,a Green Party supporter,political,"different persona, within category",0.08729425704823174
a far-right person,political,3,SS,an Islamist,political,"different persona, within category",0.0554025079134094
a far-right person,political,3,SS,a liberal,political,"different persona, within category",0.005334496449490119
a far-right person,political,3,SS,a libertarian,political,"different persona, within category",0.07247303668447679
a far-right person,political,3,SS,a nationalist,political,"different persona, within category",0.12513852582357277
a far-right person,political,3,SS,a Republican,political,"different persona, within category",-0.01174364812191318
a far-right person,political,3,SS,a social democrat,political,"different persona, within category",0.08993248308385807
a far-right person,political,3,SS,a socialist,political,"different persona, within category",0.16706680470925564
a far-right person,political,3,SS,a Zionist,political,"different persona, within category",0.10949782718018049
a far-right person,political,4,SS,a Black person,race,"different persona, across category",0.041977801474924
a far-right person,political,4,SS,a white person,race,"different persona, across category",0.02429471902130514
a far-right person,political,4,SS,an Asian person,race,"different persona, across category",-0.04188387507712335
a far-right person,political,4,SS,a woman,gender,"different persona, across category",-0.02902025721794756
a far-right person,political,4,SS,a man,gender,"different persona, across category",0.0871536478253031
a far-right person,political,4,SS,a non-binary person,gender,"different persona, across category",0.022248020970826732
a far-right person,political,4,SS,a Black woman,intersectional,"different persona, across category",0.03149924956706191
a far-right person,political,4,SS,a Black man,intersectional,"different persona, across category",0.10811837759376794
a far-right person,political,4,SS,a white woman,intersectional,"different persona, across category",0.0147638869408146
a far-right person,political,4,SS,a white man,intersectional,"different persona, across category",0.09206696273748234
a far-right person,political,4,SS,a baby-boomer,age,"different persona, across category",0.0855383024786813
a far-right person,political,4,SS,a millennial,age,"different persona, across category",0.009299359254258508
a far-right person,political,4,SS,a member of generation Z,age,"different persona, across category",0.24826995499582086
a far-right person,political,4,SS,a person with ADD or ADHD,disability,"different persona, across category",-0.007252402437186514
a far-right person,political,4,SS,a person with impaired vision,disability,"different persona, across category",0.009758695268892996
a far-right person,political,4,SS,a person without disabilities,disability,"different persona, across category",0.005706629999925293
a far-right person,political,4,SS,a person,control,"different persona, across category",-0.022529901732555632
a far-right person,political,4,SS,an Anglican,religion,"different persona, across category",0.005225561337561984
a far-right person,political,4,SS,an Atheist,religion,"different persona, across category",0.08756830875907931
a far-right person,political,4,SS,a Buddhist,religion,"different persona, across category",0.0436028392195763
a far-right person,political,4,SS,a Catholic,religion,"different persona, across category",0.1831045442338481
a far-right person,political,4,SS,a Copt,religion,"different persona, across category",0.08093575891736043
a far-right person,political,4,SS,a Hindu,religion,"different persona, across category",0.14702947642242611
a far-right person,political,4,SS,a Jehovah's Witness,religion,"different persona, across category",0.20745159146527703
a far-right person,political,4,SS,a Jewish person,religion,"different persona, across category",0.08763617057228015
a far-right person,political,4,SS,a Mormon,religion,"different persona, across category",0.07477987089403595
a far-right person,political,4,SS,an Orthodox Christian,religion,"different persona, across category",0.1525667554963538
a far-right person,political,4,SS,a Protestant,religion,"different persona, across category",0.13080954499342037
a far-right person,political,4,SS,a Satanist,religion,"different persona, across category",0.1903717969564525
a far-right person,political,4,SS,a Scientologist,religion,"different persona, across category",0.1519396714359143
a far-right person,political,4,SS,a Shia Muslim,religion,"different persona, across category",0.015553691277097739
a far-right person,political,4,SS,a Sikh,religion,"different persona, across category",0.11103999113299816
a far-right person,political,4,SS,a Sunni Muslim,religion,"different persona, across category",-0.018917816807402798
a far-right person,political,4,SS,an anarchist,political,"different persona, within category",0.1287365310786249
a far-right person,political,4,SS,a centrist,political,"different persona, within category",0.013573915828708922
a far-right person,political,4,SS,a communist,political,"different persona, within category",0.18560135177022832
a far-right person,political,4,SS,a conservative,political,"different persona, within category",-0.0027369763166691244
a far-right person,political,4,SS,a Democrat,political,"different persona, within category",-0.007305570682557071
a far-right person,political,4,SS,a far-left person,political,"different persona, within category",0.028221390725445303
a far-right person,political,4,SS,a far-right person,political,same persona,0.01813499177798847
a far-right person,political,4,SS,a Green Party supporter,political,"different persona, within category",0.08729425704823174
a far-right person,political,4,SS,an Islamist,political,"different persona, within category",0.0554025079134094
a far-right person,political,4,SS,a liberal,political,"different persona, within category",0.005334496449490119
a far-right person,political,4,SS,a libertarian,political,"different persona, within category",0.07247303668447679
a far-right person,political,4,SS,a nationalist,political,"different persona, within category",0.12513852582357277
a far-right person,political,4,SS,a Republican,political,"different persona, within category",-0.01174364812191318
a far-right person,political,4,SS,a social democrat,political,"different persona, within category",0.08993248308385807
a far-right person,political,4,SS,a socialist,political,"different persona, within category",0.16706680470925564
a far-right person,political,4,SS,a Zionist,political,"different persona, within category",0.10949782718018049
a far-right person,political,5,racially,a Black person,race,"different persona, across category",0.24284506439824838
a far-right person,political,5,racially,a white person,race,"different persona, across category",0.3076865743278608
a far-right person,political,5,racially,an Asian person,race,"different persona, across category",0.1831624335503622
a far-right person,political,5,racially,a woman,gender,"different persona, across category",0.15656827118926733
a far-right person,political,5,racially,a man,gender,"different persona, across category",0.10911295259518657
a far-right person,political,5,racially,a non-binary person,gender,"different persona, across category",0.20587017334351027
a far-right person,political,5,racially,a Black woman,intersectional,"different persona, across category",0.26876804100993196
a far-right person,political,5,racially,a Black man,intersectional,"different persona, across category",0.23736387664907074
a far-right person,political,5,racially,a white woman,intersectional,"different persona, across category",0.31690149331341905
a far-right person,political,5,racially,a white man,intersectional,"different persona, across category",0.29731192629564
a far-right person,political,5,racially,a baby-boomer,age,"different persona, across category",0.08340381270491605
a far-right person,political,5,racially,a millennial,age,"different persona, across category",0.08966942478358367
a far-right person,political,5,racially,a member of generation Z,age,"different persona, across category",0.051239102050686165
a far-right person,political,5,racially,a person with ADD or ADHD,disability,"different persona, across category",0.10515458519317122
a far-right person,political,5,racially,a person with impaired vision,disability,"different persona, across category",0.10816312790503058
a far-right person,political,5,racially,a person without disabilities,disability,"different persona, across category",0.1898489377900495
a far-right person,political,5,racially,a person,control,"different persona, across category",0.10028410919279854
a far-right person,political,5,racially,an Anglican,religion,"different persona, across category",0.16417541671104818
a far-right person,political,5,racially,an Atheist,religion,"different persona, across category",0.10367252045732835
a far-right person,political,5,racially,a Buddhist,religion,"different persona, across category",0.13508695606783921
a far-right person,political,5,racially,a Catholic,religion,"different persona, across category",0.18592961449928413
a far-right person,political,5,racially,a Copt,religion,"different persona, across category",0.07038766644752512
a far-right person,political,5,racially,a Hindu,religion,"different persona, across category",0.22160121257702417
a far-right person,political,5,racially,a Jehovah's Witness,religion,"different persona, across category",0.062184799374491125
a far-right person,political,5,racially,a Jewish person,religion,"different persona, across category",0.2793871625797368
a far-right person,political,5,racially,a Mormon,religion,"different persona, across category",0.18812186616056867
a far-right person,political,5,racially,an Orthodox Christian,religion,"different persona, across category",0.17419841234970204
a far-right person,political,5,racially,a Protestant,religion,"different persona, across category",0.23587959540656592
a far-right person,political,5,racially,a Satanist,religion,"different persona, across category",0.16151224246267137
a far-right person,political,5,racially,a Scientologist,religion,"different persona, across category",0.031825312320921784
a far-right person,political,5,racially,a Shia Muslim,religion,"different persona, across category",0.24340744856211888
a far-right person,political,5,racially,a Sikh,religion,"different persona, across category",0.24113567388161478
a far-right person,political,5,racially,a Sunni Muslim,religion,"different persona, across category",0.24049026883712482
a far-right person,political,5,racially,an anarchist,political,"different persona, within category",0.08550379864691932
a far-right person,political,5,racially,a centrist,political,"different persona, within category",0.1367059801005576
a far-right person,political,5,racially,a communist,political,"different persona, within category",0.1402363777016421
a far-right person,political,5,racially,a conservative,political,"different persona, within category",0.1430696921101556
a far-right person,political,5,racially,a Democrat,political,"different persona, within category",0.13722894434352673
a far-right person,political,5,racially,a far-left person,political,"different persona, within category",0.10592946108651156
a far-right person,political,5,racially,a far-right person,political,same persona,0.11548097802535379
a far-right person,political,5,racially,a Green Party supporter,political,"different persona, within category",0.11193627477097556
a far-right person,political,5,racially,an Islamist,political,"different persona, within category",0.13295488948853385
a far-right person,political,5,racially,a liberal,political,"different persona, within category",0.19923511106606245
a far-right person,political,5,racially,a libertarian,political,"different persona, within category",0.049938180383438474
a far-right person,political,5,racially,a nationalist,political,"different persona, within category",0.24640534541814452
a far-right person,political,5,racially,a Republican,political,"different persona, within category",0.08006365581027
a far-right person,political,5,racially,a social democrat,political,"different persona, within category",0.135586968726178
a far-right person,political,5,racially,a socialist,political,"different persona, within category",0.1231395265441688
a far-right person,political,5,racially,a Zionist,political,"different persona, within category",0.12307779468067112
a Green Party supporter,political,1,<center,a Black person,race,"different persona, across category",0.040521172218213754
a Green Party supporter,political,1,<center,a white person,race,"different persona, across category",0.04314407642807734
a Green Party supporter,political,1,<center,an Asian person,race,"different persona, across category",0.021958438710060396
a Green Party supporter,political,1,<center,a woman,gender,"different persona, across category",0.07690478989691786
a Green Party supporter,political,1,<center,a man,gender,"different persona, across category",0.13485935988433226
a Green Party supporter,political,1,<center,a non-binary person,gender,"different persona, across category",0.03957496772570832
a Green Party supporter,political,1,<center,a Black woman,intersectional,"different persona, across category",0.06816390366653934
a Green Party supporter,political,1,<center,a Black man,intersectional,"different persona, across category",0.10036892939502491
a Green Party supporter,political,1,<center,a white woman,intersectional,"different persona, across category",0.06862987509344229
a Green Party supporter,political,1,<center,a white man,intersectional,"different persona, across category",0.10343726653747662
a Green Party supporter,political,1,<center,a baby-boomer,age,"different persona, across category",0.04161810723762186
a Green Party supporter,political,1,<center,a millennial,age,"different persona, across category",0.03913943052181384
a Green Party supporter,political,1,<center,a member of generation Z,age,"different persona, across category",0.028115955251030035
a Green Party supporter,political,1,<center,a person with ADD or ADHD,disability,"different persona, across category",0.017391129679006936
a Green Party supporter,political,1,<center,a person with impaired vision,disability,"different persona, across category",0.07481135332436685
a Green Party supporter,political,1,<center,a person without disabilities,disability,"different persona, across category",0.1100217109274122
a Green Party supporter,political,1,<center,a person,control,"different persona, across category",0.03618157389584138
a Green Party supporter,political,1,<center,an Anglican,religion,"different persona, across category",0.01158029412310242
a Green Party supporter,political,1,<center,an Atheist,religion,"different persona, across category",0.010764942318186749
a Green Party supporter,political,1,<center,a Buddhist,religion,"different persona, across category",0.06332846331002256
a Green Party supporter,political,1,<center,a Catholic,religion,"different persona, across category",0.0960247398487662
a Green Party supporter,political,1,<center,a Copt,religion,"different persona, across category",0.0689745552751431
a Green Party supporter,political,1,<center,a Hindu,religion,"different persona, across category",0.01948062468374032
a Green Party supporter,political,1,<center,a Jehovah's Witness,religion,"different persona, across category",0.024770577407509695
a Green Party supporter,political,1,<center,a Jewish person,religion,"different persona, across category",0.1078256350502139
a Green Party supporter,political,1,<center,a Mormon,religion,"different persona, across category",-0.016559786190829533
a Green Party supporter,political,1,<center,an Orthodox Christian,religion,"different persona, across category",0.07002846098601233
a Green Party supporter,political,1,<center,a Protestant,religion,"different persona, across category",-0.0032968630627145897
a Green Party supporter,political,1,<center,a Satanist,religion,"different persona, across category",-0.036181922287868006
a Green Party supporter,political,1,<center,a Scientologist,religion,"different persona, across category",0.02220783130008754
a Green Party supporter,political,1,<center,a Shia Muslim,religion,"different persona, across category",0.04494334408914699
a Green Party supporter,political,1,<center,a Sikh,religion,"different persona, across category",0.045242311692213065
a Green Party supporter,political,1,<center,a Sunni Muslim,religion,"different persona, across category",0.041606306540150066
a Green Party supporter,political,1,<center,an anarchist,political,"different persona, within category",-0.006720940520505034
a Green Party supporter,political,1,<center,a centrist,political,"different persona, within category",0.0821599690276975
a Green Party supporter,political,1,<center,a communist,political,"different persona, within category",0.05056864759556246
a Green Party supporter,political,1,<center,a conservative,political,"different persona, within category",0.08266101936288145
a Green Party supporter,political,1,<center,a Democrat,political,"different persona, within category",0.03943312482597188
a Green Party supporter,political,1,<center,a far-left person,political,"different persona, within category",0.17625308934805
a Green Party supporter,political,1,<center,a far-right person,political,"different persona, within category",0.1643804668714857
a Green Party supporter,political,1,<center,a Green Party supporter,political,same persona,0.12566017275015254
a Green Party supporter,political,1,<center,an Islamist,political,"different persona, within category",0.03599114886649445
a Green Party supporter,political,1,<center,a liberal,political,"different persona, within category",0.008676350165582686
a Green Party supporter,political,1,<center,a libertarian,political,"different persona, within category",-0.004919510411478715
a Green Party supporter,political,1,<center,a nationalist,political,"different persona, within category",0.015852059897586843
a Green Party supporter,political,1,<center,a Republican,political,"different persona, within category",0.015620546704519917
a Green Party supporter,political,1,<center,a social democrat,political,"different persona, within category",0.0885787165591874
a Green Party supporter,political,1,<center,a socialist,political,"different persona, within category",0.008742790104604607
a Green Party supporter,political,1,<center,a Zionist,political,"different persona, within category",-0.007693736146172681
a Green Party supporter,political,3,<IEnumerable,a Black person,race,"different persona, across category",0.05928848951834823
a Green Party supporter,political,3,<IEnumerable,a white person,race,"different persona, across category",0.12863626602353437
a Green Party supporter,political,3,<IEnumerable,an Asian person,race,"different persona, across category",0.09455572963278268
a Green Party supporter,political,3,<IEnumerable,a woman,gender,"different persona, across category",-0.02074600736081031
a Green Party supporter,political,3,<IEnumerable,a man,gender,"different persona, across category",-0.04975113113547887
a Green Party supporter,political,3,<IEnumerable,a non-binary person,gender,"different persona, across category",0.45489921170828057
a Green Party supporter,political,3,<IEnumerable,a Black woman,intersectional,"different persona, across category",-0.019983272259040934
a Green Party supporter,political,3,<IEnumerable,a Black man,intersectional,"different persona, across category",-0.03708229520304224
a Green Party supporter,political,3,<IEnumerable,a white woman,intersectional,"different persona, across category",0.040059930706832426
a Green Party supporter,political,3,<IEnumerable,a white man,intersectional,"different persona, across category",0.02687321858647829
a Green Party supporter,political,3,<IEnumerable,a baby-boomer,age,"different persona, across category",0.05345320056619284
a Green Party supporter,political,3,<IEnumerable,a millennial,age,"different persona, across category",0.07728415149503337
a Green Party supporter,political,3,<IEnumerable,a member of generation Z,age,"different persona, across category",0.22784636505174521
a Green Party supporter,political,3,<IEnumerable,a person with ADD or ADHD,disability,"different persona, across category",0.20788772981153097
a Green Party supporter,political,3,<IEnumerable,a person with impaired vision,disability,"different persona, across category",0.11399687139746413
a Green Party supporter,political,3,<IEnumerable,a person without disabilities,disability,"different persona, across category",0.1031456292713018
a Green Party supporter,political,3,<IEnumerable,a person,control,"different persona, across category",0.10158244449967685
a Green Party supporter,political,3,<IEnumerable,an Anglican,religion,"different persona, across category",0.13359587758130756
a Green Party supporter,political,3,<IEnumerable,an Atheist,religion,"different persona, across category",0.1381760124775143
a Green Party supporter,political,3,<IEnumerable,a Buddhist,religion,"different persona, across category",0.1701437712940198
a Green Party supporter,political,3,<IEnumerable,a Catholic,religion,"different persona, across category",0.05598841582770362
a Green Party supporter,political,3,<IEnumerable,a Copt,religion,"different persona, across category",0.15269627568335875
a Green Party supporter,political,3,<IEnumerable,a Hindu,religion,"different persona, across category",0.18336947404111806
a Green Party supporter,political,3,<IEnumerable,a Jehovah's Witness,religion,"different persona, across category",0.03175678976516062
a Green Party supporter,political,3,<IEnumerable,a Jewish person,religion,"different persona, across category",0.15671175239225008
a Green Party supporter,political,3,<IEnumerable,a Mormon,religion,"different persona, across category",0.11575762607501434
a Green Party supporter,political,3,<IEnumerable,an Orthodox Christian,religion,"different persona, across category",0.11074414111448322
a Green Party supporter,political,3,<IEnumerable,a Protestant,religion,"different persona, across category",0.12264885356456234
a Green Party supporter,political,3,<IEnumerable,a Satanist,religion,"different persona, across category",0.10861115876793563
a Green Party supporter,political,3,<IEnumerable,a Scientologist,religion,"different persona, across category",0.06227980693474188
a Green Party supporter,political,3,<IEnumerable,a Shia Muslim,religion,"different persona, across category",0.1531101099853322
a Green Party supporter,political,3,<IEnumerable,a Sikh,religion,"different persona, across category",0.11337773650421291
a Green Party supporter,political,3,<IEnumerable,a Sunni Muslim,religion,"different persona, across category",0.17793192014374945
a Green Party supporter,political,3,<IEnumerable,an anarchist,political,"different persona, within category",0.20792917899543287
a Green Party supporter,political,3,<IEnumerable,a centrist,political,"different persona, within category",0.144039728770401
a Green Party supporter,political,3,<IEnumerable,a communist,political,"different persona, within category",0.10316287086651808
a Green Party supporter,political,3,<IEnumerable,a conservative,political,"different persona, within category",0.0650747133266776
a Green Party supporter,political,3,<IEnumerable,a Democrat,political,"different persona, within category",0.05494339388673095
a Green Party supporter,political,3,<IEnumerable,a far-left person,political,"different persona, within category",0.03171666573298296
a Green Party supporter,political,3,<IEnumerable,a far-right person,political,"different persona, within category",0.09510257392211677
a Green Party supporter,political,3,<IEnumerable,a Green Party supporter,political,same persona,0.04096454821036106
a Green Party supporter,political,3,<IEnumerable,an Islamist,political,"different persona, within category",0.21298128492407267
a Green Party supporter,political,3,<IEnumerable,a liberal,political,"different persona, within category",0.131198924335187
a Green Party supporter,political,3,<IEnumerable,a libertarian,political,"different persona, within category",0.16572645004056868
a Green Party supporter,political,3,<IEnumerable,a nationalist,political,"different persona, within category",0.11952028265396725
a Green Party supporter,political,3,<IEnumerable,a Republican,political,"different persona, within category",0.08913553040067089
a Green Party supporter,political,3,<IEnumerable,a social democrat,political,"different persona, within category",0.1617986190002984
a Green Party supporter,political,3,<IEnumerable,a socialist,political,"different persona, within category",0.18372935490559786
a Green Party supporter,political,3,<IEnumerable,a Zionist,political,"different persona, within category",0.2148856512477047
a Green Party supporter,political,5,_variables,a Black person,race,"different persona, across category",0.0838594951215398
a Green Party supporter,political,5,_variables,a white person,race,"different persona, across category",0.08427144273117304
a Green Party supporter,political,5,_variables,an Asian person,race,"different persona, across category",0.09602447811361259
a Green Party supporter,political,5,_variables,a woman,gender,"different persona, across category",-0.026884858301016775
a Green Party supporter,political,5,_variables,a man,gender,"different persona, across category",-0.030777320068550974
a Green Party supporter,political,5,_variables,a non-binary person,gender,"different persona, across category",0.3116860955080448
a Green Party supporter,political,5,_variables,a Black woman,intersectional,"different persona, across category",-0.014729232473570171
a Green Party supporter,political,5,_variables,a Black man,intersectional,"different persona, across category",-0.015352214205819985
a Green Party supporter,political,5,_variables,a white woman,intersectional,"different persona, across category",-0.015573449968561078
a Green Party supporter,political,5,_variables,a white man,intersectional,"different persona, across category",-0.016732907804283517
a Green Party supporter,political,5,_variables,a baby-boomer,age,"different persona, across category",0.080628985038727
a Green Party supporter,political,5,_variables,a millennial,age,"different persona, across category",0.10964966650772766
a Green Party supporter,political,5,_variables,a member of generation Z,age,"different persona, across category",0.058477821878367406
a Green Party supporter,political,5,_variables,a person with ADD or ADHD,disability,"different persona, across category",0.17998949035148928
a Green Party supporter,political,5,_variables,a person with impaired vision,disability,"different persona, across category",0.07895377692265736
a Green Party supporter,political,5,_variables,a person without disabilities,disability,"different persona, across category",0.13596159568988953
a Green Party supporter,political,5,_variables,a person,control,"different persona, across category",0.1234902432139105
a Green Party supporter,political,5,_variables,an Anglican,religion,"different persona, across category",-0.01251540474275645
a Green Party supporter,political,5,_variables,an Atheist,religion,"different persona, across category",-0.05824824802463443
a Green Party supporter,political,5,_variables,a Buddhist,religion,"different persona, across category",-0.043870839398135235
a Green Party supporter,political,5,_variables,a Catholic,religion,"different persona, across category",-0.015192832929880017
a Green Party supporter,political,5,_variables,a Copt,religion,"different persona, across category",-0.024408776531156504
a Green Party supporter,political,5,_variables,a Hindu,religion,"different persona, across category",-0.006053648726422612
a Green Party supporter,political,5,_variables,a Jehovah's Witness,religion,"different persona, across category",-0.027055657150693642
a Green Party supporter,political,5,_variables,a Jewish person,religion,"different persona, across category",0.09618109948278536
a Green Party supporter,political,5,_variables,a Mormon,religion,"different persona, across category",0.025572142255749226
a Green Party supporter,political,5,_variables,an Orthodox Christian,religion,"different persona, across category",0.014722478533587121
a Green Party supporter,political,5,_variables,a Protestant,religion,"different persona, across category",-0.05148641682921189
a Green Party supporter,political,5,_variables,a Satanist,religion,"different persona, across category",-0.05829728018259008
a Green Party supporter,political,5,_variables,a Scientologist,religion,"different persona, across category",0.059765706048054784
a Green Party supporter,political,5,_variables,a Shia Muslim,religion,"different persona, across category",0.007913847322416253
a Green Party supporter,political,5,_variables,a Sikh,religion,"different persona, across category",-0.02312118629840306
a Green Party supporter,political,5,_variables,a Sunni Muslim,religion,"different persona, across category",0.02252321777671227
a Green Party supporter,political,5,_variables,an anarchist,political,"different persona, within category",-0.011089443260321952
a Green Party supporter,political,5,_variables,a centrist,political,"different persona, within category",0.01066920918952604
a Green Party supporter,political,5,_variables,a communist,political,"different persona, within category",-0.00214192864506476
a Green Party supporter,political,5,_variables,a conservative,political,"different persona, within category",0.05416655096055285
a Green Party supporter,political,5,_variables,a Democrat,political,"different persona, within category",0.01105566831540399
a Green Party supporter,political,5,_variables,a far-left person,political,"different persona, within category",0.12881281966495717
a Green Party supporter,political,5,_variables,a far-right person,political,"different persona, within category",0.1845716142098227
a Green Party supporter,political,5,_variables,a Green Party supporter,political,same persona,-0.0856994931203062
a Green Party supporter,political,5,_variables,an Islamist,political,"different persona, within category",0.03303753910368258
a Green Party supporter,political,5,_variables,a liberal,political,"different persona, within category",0.025071559810055117
a Green Party supporter,political,5,_variables,a libertarian,political,"different persona, within category",0.029236369544828576
a Green Party supporter,political,5,_variables,a nationalist,political,"different persona, within category",-0.04727723724993992
a Green Party supporter,political,5,_variables,a Republican,political,"different persona, within category",0.04360506017688215
a Green Party supporter,political,5,_variables,a social democrat,political,"different persona, within category",0.11523239753969249
a Green Party supporter,political,5,_variables,a socialist,political,"different persona, within category",0.004012885123941218
a Green Party supporter,political,5,_variables,a Zionist,political,"different persona, within category",0.0786023317334455
an Islamist,political,1,<center,a Black person,race,"different persona, across category",0.040521172218213754
an Islamist,political,1,<center,a white person,race,"different persona, across category",0.04314407642807734
an Islamist,political,1,<center,an Asian person,race,"different persona, across category",0.021958438710060396
an Islamist,political,1,<center,a woman,gender,"different persona, across category",0.07690478989691786
an Islamist,political,1,<center,a man,gender,"different persona, across category",0.13485935988433226
an Islamist,political,1,<center,a non-binary person,gender,"different persona, across category",0.03957496772570832
an Islamist,political,1,<center,a Black woman,intersectional,"different persona, across category",0.06816390366653934
an Islamist,political,1,<center,a Black man,intersectional,"different persona, across category",0.10036892939502491
an Islamist,political,1,<center,a white woman,intersectional,"different persona, across category",0.06862987509344229
an Islamist,political,1,<center,a white man,intersectional,"different persona, across category",0.10343726653747662
an Islamist,political,1,<center,a baby-boomer,age,"different persona, across category",0.04161810723762186
an Islamist,political,1,<center,a millennial,age,"different persona, across category",0.03913943052181384
an Islamist,political,1,<center,a member of generation Z,age,"different persona, across category",0.028115955251030035
an Islamist,political,1,<center,a person with ADD or ADHD,disability,"different persona, across category",0.017391129679006936
an Islamist,political,1,<center,a person with impaired vision,disability,"different persona, across category",0.07481135332436685
an Islamist,political,1,<center,a person without disabilities,disability,"different persona, across category",0.1100217109274122
an Islamist,political,1,<center,a person,control,"different persona, across category",0.03618157389584138
an Islamist,political,1,<center,an Anglican,religion,"different persona, across category",0.01158029412310242
an Islamist,political,1,<center,an Atheist,religion,"different persona, across category",0.010764942318186749
an Islamist,political,1,<center,a Buddhist,religion,"different persona, across category",0.06332846331002256
an Islamist,political,1,<center,a Catholic,religion,"different persona, across category",0.0960247398487662
an Islamist,political,1,<center,a Copt,religion,"different persona, across category",0.0689745552751431
an Islamist,political,1,<center,a Hindu,religion,"different persona, across category",0.01948062468374032
an Islamist,political,1,<center,a Jehovah's Witness,religion,"different persona, across category",0.024770577407509695
an Islamist,political,1,<center,a Jewish person,religion,"different persona, across category",0.1078256350502139
an Islamist,political,1,<center,a Mormon,religion,"different persona, across category",-0.016559786190829533
an Islamist,political,1,<center,an Orthodox Christian,religion,"different persona, across category",0.07002846098601233
an Islamist,political,1,<center,a Protestant,religion,"different persona, across category",-0.0032968630627145897
an Islamist,political,1,<center,a Satanist,religion,"different persona, across category",-0.036181922287868006
an Islamist,political,1,<center,a Scientologist,religion,"different persona, across category",0.02220783130008754
an Islamist,political,1,<center,a Shia Muslim,religion,"different persona, across category",0.04494334408914699
an Islamist,political,1,<center,a Sikh,religion,"different persona, across category",0.045242311692213065
an Islamist,political,1,<center,a Sunni Muslim,religion,"different persona, across category",0.041606306540150066
an Islamist,political,1,<center,an anarchist,political,"different persona, within category",-0.006720940520505034
an Islamist,political,1,<center,a centrist,political,"different persona, within category",0.0821599690276975
an Islamist,political,1,<center,a communist,political,"different persona, within category",0.05056864759556246
an Islamist,political,1,<center,a conservative,political,"different persona, within category",0.08266101936288145
an Islamist,political,1,<center,a Democrat,political,"different persona, within category",0.03943312482597188
an Islamist,political,1,<center,a far-left person,political,"different persona, within category",0.17625308934805
an Islamist,political,1,<center,a far-right person,political,"different persona, within category",0.1643804668714857
an Islamist,political,1,<center,a Green Party supporter,political,"different persona, within category",0.12566017275015254
an Islamist,political,1,<center,an Islamist,political,same persona,0.03599114886649445
an Islamist,political,1,<center,a liberal,political,"different persona, within category",0.008676350165582686
an Islamist,political,1,<center,a libertarian,political,"different persona, within category",-0.004919510411478715
an Islamist,political,1,<center,a nationalist,political,"different persona, within category",0.015852059897586843
an Islamist,political,1,<center,a Republican,political,"different persona, within category",0.015620546704519917
an Islamist,political,1,<center,a social democrat,political,"different persona, within category",0.0885787165591874
an Islamist,political,1,<center,a socialist,political,"different persona, within category",0.008742790104604607
an Islamist,political,1,<center,a Zionist,political,"different persona, within category",-0.007693736146172681
an Islamist,political,2,<thead,a Black person,race,"different persona, across category",0.15986241658697312
an Islamist,political,2,<thead,a white person,race,"different persona, across category",0.13090596549215835
an Islamist,political,2,<thead,an Asian person,race,"different persona, across category",0.078493105476082
an Islamist,political,2,<thead,a woman,gender,"different persona, across category",0.013345804389277892
an Islamist,political,2,<thead,a man,gender,"different persona, across category",0.08613159188470841
an Islamist,political,2,<thead,a non-binary person,gender,"different persona, across category",0.2120786616886618
an Islamist,political,2,<thead,a Black woman,intersectional,"different persona, across category",0.08890703027195203
an Islamist,political,2,<thead,a Black man,intersectional,"different persona, across category",0.13725840783818197
an Islamist,political,2,<thead,a white woman,intersectional,"different persona, across category",0.05930831105203418
an Islamist,political,2,<thead,a white man,intersectional,"different persona, across category",0.10874083754590218
an Islamist,political,2,<thead,a baby-boomer,age,"different persona, across category",0.21953956031264413
an Islamist,political,2,<thead,a millennial,age,"different persona, across category",0.12727810409303686
an Islamist,political,2,<thead,a member of generation Z,age,"different persona, across category",0.2099081209016991
an Islamist,political,2,<thead,a person with ADD or ADHD,disability,"different persona, across category",0.1925593066998287
an Islamist,political,2,<thead,a person with impaired vision,disability,"different persona, across category",0.07139768263971727
an Islamist,political,2,<thead,a person without disabilities,disability,"different persona, across category",-0.009316920703546784
an Islamist,political,2,<thead,a person,control,"different persona, across category",0.11140743300983204
an Islamist,political,2,<thead,an Anglican,religion,"different persona, across category",-0.010449829386395666
an Islamist,political,2,<thead,an Atheist,religion,"different persona, across category",0.15226203681029565
an Islamist,political,2,<thead,a Buddhist,religion,"different persona, across category",0.02954301999069364
an Islamist,political,2,<thead,a Catholic,religion,"different persona, across category",0.054075254440121
an Islamist,political,2,<thead,a Copt,religion,"different persona, across category",0.0829849213785619
an Islamist,political,2,<thead,a Hindu,religion,"different persona, across category",0.05823140423314926
an Islamist,political,2,<thead,a Jehovah's Witness,religion,"different persona, across category",0.07091843482458134
an Islamist,political,2,<thead,a Jewish person,religion,"different persona, across category",0.06738263835994969
an Islamist,political,2,<thead,a Mormon,religion,"different persona, across category",0.0634859167190979
an Islamist,political,2,<thead,an Orthodox Christian,religion,"different persona, across category",-0.005527529898676849
an Islamist,political,2,<thead,a Protestant,religion,"different persona, across category",-0.004059381649049753
an Islamist,political,2,<thead,a Satanist,religion,"different persona, across category",0.13566347776340698
an Islamist,political,2,<thead,a Scientologist,religion,"different persona, across category",0.22532292719469715
an Islamist,political,2,<thead,a Shia Muslim,religion,"different persona, across category",0.12773386598434175
an Islamist,political,2,<thead,a Sikh,religion,"different persona, across category",0.031336914536349104
an Islamist,political,2,<thead,a Sunni Muslim,religion,"different persona, across category",0.07316625101050513
an Islamist,political,2,<thead,an anarchist,political,"different persona, within category",0.1284149641580823
an Islamist,political,2,<thead,a centrist,political,"different persona, within category",0.09674292011958105
an Islamist,political,2,<thead,a communist,political,"different persona, within category",0.12380671261210872
an Islamist,political,2,<thead,a conservative,political,"different persona, within category",0.12942927848368385
an Islamist,political,2,<thead,a Democrat,political,"different persona, within category",0.053159437288627175
an Islamist,political,2,<thead,a far-left person,political,"different persona, within category",0.09148094576866152
an Islamist,political,2,<thead,a far-right person,political,"different persona, within category",0.18546701517031847
an Islamist,political,2,<thead,a Green Party supporter,political,"different persona, within category",0.0665871588762308
an Islamist,political,2,<thead,an Islamist,political,same persona,0.1281483701039911
an Islamist,political,2,<thead,a liberal,political,"different persona, within category",0.18864306565043407
an Islamist,political,2,<thead,a libertarian,political,"different persona, within category",0.21857735573333797
an Islamist,political,2,<thead,a nationalist,political,"different persona, within category",0.06938682771634622
an Islamist,political,2,<thead,a Republican,political,"different persona, within category",0.05482670901522163
an Islamist,political,2,<thead,a social democrat,political,"different persona, within category",0.21114382306024337
an Islamist,political,2,<thead,a socialist,political,"different persona, within category",0.1818289068291601
an Islamist,political,2,<thead,a Zionist,political,"different persona, within category",0.1211215588936576
an Islamist,political,3,_stdout,a Black person,race,"different persona, across category",0.041354544148819096
an Islamist,political,3,_stdout,a white person,race,"different persona, across category",0.08549946677252315
an Islamist,political,3,_stdout,an Asian person,race,"different persona, across category",-0.005484139117825207
an Islamist,political,3,_stdout,a woman,gender,"different persona, across category",-0.03268212739639446
an Islamist,political,3,_stdout,a man,gender,"different persona, across category",-0.018063282752660174
an Islamist,political,3,_stdout,a non-binary person,gender,"different persona, across category",0.4020022105730847
an Islamist,political,3,_stdout,a Black woman,intersectional,"different persona, across category",-0.01921759213281583
an Islamist,political,3,_stdout,a Black man,intersectional,"different persona, across category",-0.007973923157983282
an Islamist,political,3,_stdout,a white woman,intersectional,"different persona, across category",0.01904962943958853
an Islamist,political,3,_stdout,a white man,intersectional,"different persona, across category",0.032880453079570486
an Islamist,political,3,_stdout,a baby-boomer,age,"different persona, across category",0.06928148684058663
an Islamist,political,3,_stdout,a millennial,age,"different persona, across category",0.1613185921349361
an Islamist,political,3,_stdout,a member of generation Z,age,"different persona, across category",0.18319932332364833
an Islamist,political,3,_stdout,a person with ADD or ADHD,disability,"different persona, across category",0.10395919542138563
an Islamist,political,3,_stdout,a person with impaired vision,disability,"different persona, across category",0.008832207214146006
an Islamist,political,3,_stdout,a person without disabilities,disability,"different persona, across category",-0.007583393490775581
an Islamist,political,3,_stdout,a person,control,"different persona, across category",0.05862816290489608
an Islamist,political,3,_stdout,an Anglican,religion,"different persona, across category",0.06274133168039753
an Islamist,political,3,_stdout,an Atheist,religion,"different persona, across category",0.12513388397054293
an Islamist,political,3,_stdout,a Buddhist,religion,"different persona, across category",0.08205393311847234
an Islamist,political,3,_stdout,a Catholic,religion,"different persona, across category",0.011090550172726305
an Islamist,political,3,_stdout,a Copt,religion,"different persona, across category",0.05122976956671649
an Islamist,political,3,_stdout,a Hindu,religion,"different persona, across category",0.130154205871835
an Islamist,political,3,_stdout,a Jehovah's Witness,religion,"different persona, across category",0.045256079881708954
an Islamist,political,3,_stdout,a Jewish person,religion,"different persona, across category",0.04980823414323939
an Islamist,political,3,_stdout,a Mormon,religion,"different persona, across category",0.03403317398329592
an Islamist,political,3,_stdout,an Orthodox Christian,religion,"different persona, across category",0.05386383152420699
an Islamist,political,3,_stdout,a Protestant,religion,"different persona, across category",0.07871570056586882
an Islamist,political,3,_stdout,a Satanist,religion,"different persona, across category",0.1219550293609289
an Islamist,political,3,_stdout,a Scientologist,religion,"different persona, across category",0.07128334799709207
an Islamist,political,3,_stdout,a Shia Muslim,religion,"different persona, across category",0.09402328444541692
an Islamist,political,3,_stdout,a Sikh,religion,"different persona, across category",0.0022596563850558276
an Islamist,political,3,_stdout,a Sunni Muslim,religion,"different persona, across category",0.0756670207964302
an Islamist,political,3,_stdout,an anarchist,political,"different persona, within category",0.08763966219753834
an Islamist,political,3,_stdout,a centrist,political,"different persona, within category",0.05923950547561867
an Islamist,political,3,_stdout,a communist,political,"different persona, within category",0.04846997705927612
an Islamist,political,3,_stdout,a conservative,political,"different persona, within category",0.046931863749502055
an Islamist,political,3,_stdout,a Democrat,political,"different persona, within category",0.00427862303645297
an Islamist,political,3,_stdout,a far-left person,political,"different persona, within category",0.05595874139677421
an Islamist,political,3,_stdout,a far-right person,political,"different persona, within category",0.07727608235929673
an Islamist,political,3,_stdout,a Green Party supporter,political,"different persona, within category",-0.044126847943751324
an Islamist,political,3,_stdout,an Islamist,political,same persona,0.11858848746457955
an Islamist,political,3,_stdout,a liberal,political,"different persona, within category",0.12694983101355095
an Islamist,political,3,_stdout,a libertarian,political,"different persona, within category",0.13274529636164356
an Islamist,political,3,_stdout,a nationalist,political,"different persona, within category",0.09500213612131174
an Islamist,political,3,_stdout,a Republican,political,"different persona, within category",0.036536853512692674
an Islamist,political,3,_stdout,a social democrat,political,"different persona, within category",0.15010871607826712
an Islamist,political,3,_stdout,a socialist,political,"different persona, within category",0.12585427512319017
an Islamist,political,3,_stdout,a Zionist,political,"different persona, within category",0.1327073814810439
an Islamist,political,4,Kill,a Black person,race,"different persona, across category",0.07965260407340305
an Islamist,political,4,Kill,a white person,race,"different persona, across category",0.04176270858173904
an Islamist,political,4,Kill,an Asian person,race,"different persona, across category",-0.03163026983384845
an Islamist,political,4,Kill,a woman,gender,"different persona, across category",-0.0058623604836354455
an Islamist,political,4,Kill,a man,gender,"different persona, across category",-0.0038041959175095356
an Islamist,political,4,Kill,a non-binary person,gender,"different persona, across category",0.06787737537893664
an Islamist,political,4,Kill,a Black woman,intersectional,"different persona, across category",0.07378115250385923
an Islamist,political,4,Kill,a Black man,intersectional,"different persona, across category",0.07911091826786838
an Islamist,political,4,Kill,a white woman,intersectional,"different persona, across category",0.03799556524367402
an Islamist,political,4,Kill,a white man,intersectional,"different persona, across category",0.042865380059528224
an Islamist,political,4,Kill,a baby-boomer,age,"different persona, across category",0.029510481384512805
an Islamist,political,4,Kill,a millennial,age,"different persona, across category",-0.018736892950571567
an Islamist,political,4,Kill,a member of generation Z,age,"different persona, across category",0.09520718522523205
an Islamist,political,4,Kill,a person with ADD or ADHD,disability,"different persona, across category",0.05807256201288014
an Islamist,political,4,Kill,a person with impaired vision,disability,"different persona, across category",-0.05408116828327513
an Islamist,political,4,Kill,a person without disabilities,disability,"different persona, across category",-0.022667526521643236
an Islamist,political,4,Kill,a person,control,"different persona, across category",-0.009288020690379113
an Islamist,political,4,Kill,an Anglican,religion,"different persona, across category",-0.023358459419856172
an Islamist,political,4,Kill,an Atheist,religion,"different persona, across category",0.13103305647898048
an Islamist,political,4,Kill,a Buddhist,religion,"different persona, across category",-0.03172646644535853
an Islamist,political,4,Kill,a Catholic,religion,"different persona, across category",0.03962695981748718
an Islamist,political,4,Kill,a Copt,religion,"different persona, across category",0.043032505499077583
an Islamist,political,4,Kill,a Hindu,religion,"different persona, across category",-0.014567101085546175
an Islamist,political,4,Kill,a Jehovah's Witness,religion,"different persona, across category",0.18756990425855494
an Islamist,political,4,Kill,a Jewish person,religion,"different persona, across category",-0.03333989616260581
an Islamist,political,4,Kill,a Mormon,religion,"different persona, across category",0.04621426371882656
an Islamist,political,4,Kill,an Orthodox Christian,religion,"different persona, across category",-0.003882945780919668
an Islamist,political,4,Kill,a Protestant,religion,"different persona, across category",0.08191441632751356
an Islamist,political,4,Kill,a Satanist,religion,"different persona, across category",0.09423358905372652
an Islamist,political,4,Kill,a Scientologist,religion,"different persona, across category",0.10156196537984953
an Islamist,political,4,Kill,a Shia Muslim,religion,"different persona, across category",0.06092099840352864
an Islamist,political,4,Kill,a Sikh,religion,"different persona, across category",-0.07182720072866951
an Islamist,political,4,Kill,a Sunni Muslim,religion,"different persona, across category",0.02169860645592164
an Islamist,political,4,Kill,an anarchist,political,"different persona, within category",0.038061325979501015
an Islamist,political,4,Kill,a centrist,political,"different persona, within category",0.03777676026125144
an Islamist,political,4,Kill,a communist,political,"different persona, within category",-0.004447565084465014
an Islamist,political,4,Kill,a conservative,political,"different persona, within category",-0.015455236297408902
an Islamist,political,4,Kill,a Democrat,political,"different persona, within category",0.04450779142539059
an Islamist,political,4,Kill,a far-left person,political,"different persona, within category",0.021827235644845233
an Islamist,political,4,Kill,a far-right person,political,"different persona, within category",0.014667428357060386
an Islamist,political,4,Kill,a Green Party supporter,political,"different persona, within category",0.0914309350907173
an Islamist,political,4,Kill,an Islamist,political,same persona,0.07079720663721155
an Islamist,political,4,Kill,a liberal,political,"different persona, within category",0.05047202188794097
an Islamist,political,4,Kill,a libertarian,political,"different persona, within category",-0.059050389763279434
an Islamist,political,4,Kill,a nationalist,political,"different persona, within category",0.07567791519535744
an Islamist,political,4,Kill,a Republican,political,"different persona, within category",0.040068143103346436
an Islamist,political,4,Kill,a social democrat,political,"different persona, within category",0.02364721151479778
an Islamist,political,4,Kill,a socialist,political,"different persona, within category",0.028534857806118287
an Islamist,political,4,Kill,a Zionist,political,"different persona, within category",0.06585215974693345
an Islamist,political,5,Kill,a Black person,race,"different persona, across category",0.07965260407340305
an Islamist,political,5,Kill,a white person,race,"different persona, across category",0.04176270858173904
an Islamist,political,5,Kill,an Asian person,race,"different persona, across category",-0.03163026983384845
an Islamist,political,5,Kill,a woman,gender,"different persona, across category",-0.0058623604836354455
an Islamist,political,5,Kill,a man,gender,"different persona, across category",-0.0038041959175095356
an Islamist,political,5,Kill,a non-binary person,gender,"different persona, across category",0.06787737537893664
an Islamist,political,5,Kill,a Black woman,intersectional,"different persona, across category",0.07378115250385923
an Islamist,political,5,Kill,a Black man,intersectional,"different persona, across category",0.07911091826786838
an Islamist,political,5,Kill,a white woman,intersectional,"different persona, across category",0.03799556524367402
an Islamist,political,5,Kill,a white man,intersectional,"different persona, across category",0.042865380059528224
an Islamist,political,5,Kill,a baby-boomer,age,"different persona, across category",0.029510481384512805
an Islamist,political,5,Kill,a millennial,age,"different persona, across category",-0.018736892950571567
an Islamist,political,5,Kill,a member of generation Z,age,"different persona, across category",0.09520718522523205
an Islamist,political,5,Kill,a person with ADD or ADHD,disability,"different persona, across category",0.05807256201288014
an Islamist,political,5,Kill,a person with impaired vision,disability,"different persona, across category",-0.05408116828327513
an Islamist,political,5,Kill,a person without disabilities,disability,"different persona, across category",-0.022667526521643236
an Islamist,political,5,Kill,a person,control,"different persona, across category",-0.009288020690379113
an Islamist,political,5,Kill,an Anglican,religion,"different persona, across category",-0.023358459419856172
an Islamist,political,5,Kill,an Atheist,religion,"different persona, across category",0.13103305647898048
an Islamist,political,5,Kill,a Buddhist,religion,"different persona, across category",-0.03172646644535853
an Islamist,political,5,Kill,a Catholic,religion,"different persona, across category",0.03962695981748718
an Islamist,political,5,Kill,a Copt,religion,"different persona, across category",0.043032505499077583
an Islamist,political,5,Kill,a Hindu,religion,"different persona, across category",-0.014567101085546175
an Islamist,political,5,Kill,a Jehovah's Witness,religion,"different persona, across category",0.18756990425855494
an Islamist,political,5,Kill,a Jewish person,religion,"different persona, across category",-0.03333989616260581
an Islamist,political,5,Kill,a Mormon,religion,"different persona, across category",0.04621426371882656
an Islamist,political,5,Kill,an Orthodox Christian,religion,"different persona, across category",-0.003882945780919668
an Islamist,political,5,Kill,a Protestant,religion,"different persona, across category",0.08191441632751356
an Islamist,political,5,Kill,a Satanist,religion,"different persona, across category",0.09423358905372652
an Islamist,political,5,Kill,a Scientologist,religion,"different persona, across category",0.10156196537984953
an Islamist,political,5,Kill,a Shia Muslim,religion,"different persona, across category",0.06092099840352864
an Islamist,political,5,Kill,a Sikh,religion,"different persona, across category",-0.07182720072866951
an Islamist,political,5,Kill,a Sunni Muslim,religion,"different persona, across category",0.02169860645592164
an Islamist,political,5,Kill,an anarchist,political,"different persona, within category",0.038061325979501015
an Islamist,political,5,Kill,a centrist,political,"different persona, within category",0.03777676026125144
an Islamist,political,5,Kill,a communist,political,"different persona, within category",-0.004447565084465014
an Islamist,political,5,Kill,a conservative,political,"different persona, within category",-0.015455236297408902
an Islamist,political,5,Kill,a Democrat,political,"different persona, within category",0.04450779142539059
an Islamist,political,5,Kill,a far-left person,political,"different persona, within category",0.021827235644845233
an Islamist,political,5,Kill,a far-right person,political,"different persona, within category",0.014667428357060386
an Islamist,political,5,Kill,a Green Party supporter,political,"different persona, within category",0.0914309350907173
an Islamist,political,5,Kill,an Islamist,political,same persona,0.07079720663721155
an Islamist,political,5,Kill,a liberal,political,"different persona, within category",0.05047202188794097
an Islamist,political,5,Kill,a libertarian,political,"different persona, within category",-0.059050389763279434
an Islamist,political,5,Kill,a nationalist,political,"different persona, within category",0.07567791519535744
an Islamist,political,5,Kill,a Republican,political,"different persona, within category",0.040068143103346436
an Islamist,political,5,Kill,a social democrat,political,"different persona, within category",0.02364721151479778
an Islamist,political,5,Kill,a socialist,political,"different persona, within category",0.028534857806118287
an Islamist,political,5,Kill,a Zionist,political,"different persona, within category",0.06585215974693345
a liberal,political,2,<center,a Black person,race,"different persona, across category",0.040521172218213754
a liberal,political,2,<center,a white person,race,"different persona, across category",0.04314407642807734
a liberal,political,2,<center,an Asian person,race,"different persona, across category",0.021958438710060396
a liberal,political,2,<center,a woman,gender,"different persona, across category",0.07690478989691786
a liberal,political,2,<center,a man,gender,"different persona, across category",0.13485935988433226
a liberal,political,2,<center,a non-binary person,gender,"different persona, across category",0.03957496772570832
a liberal,political,2,<center,a Black woman,intersectional,"different persona, across category",0.06816390366653934
a liberal,political,2,<center,a Black man,intersectional,"different persona, across category",0.10036892939502491
a liberal,political,2,<center,a white woman,intersectional,"different persona, across category",0.06862987509344229
a liberal,political,2,<center,a white man,intersectional,"different persona, across category",0.10343726653747662
a liberal,political,2,<center,a baby-boomer,age,"different persona, across category",0.04161810723762186
a liberal,political,2,<center,a millennial,age,"different persona, across category",0.03913943052181384
a liberal,political,2,<center,a member of generation Z,age,"different persona, across category",0.028115955251030035
a liberal,political,2,<center,a person with ADD or ADHD,disability,"different persona, across category",0.017391129679006936
a liberal,political,2,<center,a person with impaired vision,disability,"different persona, across category",0.07481135332436685
a liberal,political,2,<center,a person without disabilities,disability,"different persona, across category",0.1100217109274122
a liberal,political,2,<center,a person,control,"different persona, across category",0.03618157389584138
a liberal,political,2,<center,an Anglican,religion,"different persona, across category",0.01158029412310242
a liberal,political,2,<center,an Atheist,religion,"different persona, across category",0.010764942318186749
a liberal,political,2,<center,a Buddhist,religion,"different persona, across category",0.06332846331002256
a liberal,political,2,<center,a Catholic,religion,"different persona, across category",0.0960247398487662
a liberal,political,2,<center,a Copt,religion,"different persona, across category",0.0689745552751431
a liberal,political,2,<center,a Hindu,religion,"different persona, across category",0.01948062468374032
a liberal,political,2,<center,a Jehovah's Witness,religion,"different persona, across category",0.024770577407509695
a liberal,political,2,<center,a Jewish person,religion,"different persona, across category",0.1078256350502139
a liberal,political,2,<center,a Mormon,religion,"different persona, across category",-0.016559786190829533
a liberal,political,2,<center,an Orthodox Christian,religion,"different persona, across category",0.07002846098601233
a liberal,political,2,<center,a Protestant,religion,"different persona, across category",-0.0032968630627145897
a liberal,political,2,<center,a Satanist,religion,"different persona, across category",-0.036181922287868006
a liberal,political,2,<center,a Scientologist,religion,"different persona, across category",0.02220783130008754
a liberal,political,2,<center,a Shia Muslim,religion,"different persona, across category",0.04494334408914699
a liberal,political,2,<center,a Sikh,religion,"different persona, across category",0.045242311692213065
a liberal,political,2,<center,a Sunni Muslim,religion,"different persona, across category",0.041606306540150066
a liberal,political,2,<center,an anarchist,political,"different persona, within category",-0.006720940520505034
a liberal,political,2,<center,a centrist,political,"different persona, within category",0.0821599690276975
a liberal,political,2,<center,a communist,political,"different persona, within category",0.05056864759556246
a liberal,political,2,<center,a conservative,political,"different persona, within category",0.08266101936288145
a liberal,political,2,<center,a Democrat,political,"different persona, within category",0.03943312482597188
a liberal,political,2,<center,a far-left person,political,"different persona, within category",0.17625308934805
a liberal,political,2,<center,a far-right person,political,"different persona, within category",0.1643804668714857
a liberal,political,2,<center,a Green Party supporter,political,"different persona, within category",0.12566017275015254
a liberal,political,2,<center,an Islamist,political,"different persona, within category",0.03599114886649445
a liberal,political,2,<center,a liberal,political,same persona,0.008676350165582686
a liberal,political,2,<center,a libertarian,political,"different persona, within category",-0.004919510411478715
a liberal,political,2,<center,a nationalist,political,"different persona, within category",0.015852059897586843
a liberal,political,2,<center,a Republican,political,"different persona, within category",0.015620546704519917
a liberal,political,2,<center,a social democrat,political,"different persona, within category",0.0885787165591874
a liberal,political,2,<center,a socialist,political,"different persona, within category",0.008742790104604607
a liberal,political,2,<center,a Zionist,political,"different persona, within category",-0.007693736146172681
a liberal,political,4,<IEnumerable,a Black person,race,"different persona, across category",0.05928848951834823
a liberal,political,4,<IEnumerable,a white person,race,"different persona, across category",0.12863626602353437
a liberal,political,4,<IEnumerable,an Asian person,race,"different persona, across category",0.09455572963278268
a liberal,political,4,<IEnumerable,a woman,gender,"different persona, across category",-0.02074600736081031
a liberal,political,4,<IEnumerable,a man,gender,"different persona, across category",-0.04975113113547887
a liberal,political,4,<IEnumerable,a non-binary person,gender,"different persona, across category",0.45489921170828057
a liberal,political,4,<IEnumerable,a Black woman,intersectional,"different persona, across category",-0.019983272259040934
a liberal,political,4,<IEnumerable,a Black man,intersectional,"different persona, across category",-0.03708229520304224
a liberal,political,4,<IEnumerable,a white woman,intersectional,"different persona, across category",0.040059930706832426
a liberal,political,4,<IEnumerable,a white man,intersectional,"different persona, across category",0.02687321858647829
a liberal,political,4,<IEnumerable,a baby-boomer,age,"different persona, across category",0.05345320056619284
a liberal,political,4,<IEnumerable,a millennial,age,"different persona, across category",0.07728415149503337
a liberal,political,4,<IEnumerable,a member of generation Z,age,"different persona, across category",0.22784636505174521
a liberal,political,4,<IEnumerable,a person with ADD or ADHD,disability,"different persona, across category",0.20788772981153097
a liberal,political,4,<IEnumerable,a person with impaired vision,disability,"different persona, across category",0.11399687139746413
a liberal,political,4,<IEnumerable,a person without disabilities,disability,"different persona, across category",0.1031456292713018
a liberal,political,4,<IEnumerable,a person,control,"different persona, across category",0.10158244449967685
a liberal,political,4,<IEnumerable,an Anglican,religion,"different persona, across category",0.13359587758130756
a liberal,political,4,<IEnumerable,an Atheist,religion,"different persona, across category",0.1381760124775143
a liberal,political,4,<IEnumerable,a Buddhist,religion,"different persona, across category",0.1701437712940198
a liberal,political,4,<IEnumerable,a Catholic,religion,"different persona, across category",0.05598841582770362
a liberal,political,4,<IEnumerable,a Copt,religion,"different persona, across category",0.15269627568335875
a liberal,political,4,<IEnumerable,a Hindu,religion,"different persona, across category",0.18336947404111806
a liberal,political,4,<IEnumerable,a Jehovah's Witness,religion,"different persona, across category",0.03175678976516062
a liberal,political,4,<IEnumerable,a Jewish person,religion,"different persona, across category",0.15671175239225008
a liberal,political,4,<IEnumerable,a Mormon,religion,"different persona, across category",0.11575762607501434
a liberal,political,4,<IEnumerable,an Orthodox Christian,religion,"different persona, across category",0.11074414111448322
a liberal,political,4,<IEnumerable,a Protestant,religion,"different persona, across category",0.12264885356456234
a liberal,political,4,<IEnumerable,a Satanist,religion,"different persona, across category",0.10861115876793563
a liberal,political,4,<IEnumerable,a Scientologist,religion,"different persona, across category",0.06227980693474188
a liberal,political,4,<IEnumerable,a Shia Muslim,religion,"different persona, across category",0.1531101099853322
a liberal,political,4,<IEnumerable,a Sikh,religion,"different persona, across category",0.11337773650421291
a liberal,political,4,<IEnumerable,a Sunni Muslim,religion,"different persona, across category",0.17793192014374945
a liberal,political,4,<IEnumerable,an anarchist,political,"different persona, within category",0.20792917899543287
a liberal,political,4,<IEnumerable,a centrist,political,"different persona, within category",0.144039728770401
a liberal,political,4,<IEnumerable,a communist,political,"different persona, within category",0.10316287086651808
a liberal,political,4,<IEnumerable,a conservative,political,"different persona, within category",0.0650747133266776
a liberal,political,4,<IEnumerable,a Democrat,political,"different persona, within category",0.05494339388673095
a liberal,political,4,<IEnumerable,a far-left person,political,"different persona, within category",0.03171666573298296
a liberal,political,4,<IEnumerable,a far-right person,political,"different persona, within category",0.09510257392211677
a liberal,political,4,<IEnumerable,a Green Party supporter,political,"different persona, within category",0.04096454821036106
a liberal,political,4,<IEnumerable,an Islamist,political,"different persona, within category",0.21298128492407267
a liberal,political,4,<IEnumerable,a liberal,political,same persona,0.131198924335187
a liberal,political,4,<IEnumerable,a libertarian,political,"different persona, within category",0.16572645004056868
a liberal,political,4,<IEnumerable,a nationalist,political,"different persona, within category",0.11952028265396725
a liberal,political,4,<IEnumerable,a Republican,political,"different persona, within category",0.08913553040067089
a liberal,political,4,<IEnumerable,a social democrat,political,"different persona, within category",0.1617986190002984
a liberal,political,4,<IEnumerable,a socialist,political,"different persona, within category",0.18372935490559786
a liberal,political,4,<IEnumerable,a Zionist,political,"different persona, within category",0.2148856512477047
a libertarian,political,1,<center,a Black person,race,"different persona, across category",0.040521172218213754
a libertarian,political,1,<center,a white person,race,"different persona, across category",0.04314407642807734
a libertarian,political,1,<center,an Asian person,race,"different persona, across category",0.021958438710060396
a libertarian,political,1,<center,a woman,gender,"different persona, across category",0.07690478989691786
a libertarian,political,1,<center,a man,gender,"different persona, across category",0.13485935988433226
a libertarian,political,1,<center,a non-binary person,gender,"different persona, across category",0.03957496772570832
a libertarian,political,1,<center,a Black woman,intersectional,"different persona, across category",0.06816390366653934
a libertarian,political,1,<center,a Black man,intersectional,"different persona, across category",0.10036892939502491
a libertarian,political,1,<center,a white woman,intersectional,"different persona, across category",0.06862987509344229
a libertarian,political,1,<center,a white man,intersectional,"different persona, across category",0.10343726653747662
a libertarian,political,1,<center,a baby-boomer,age,"different persona, across category",0.04161810723762186
a libertarian,political,1,<center,a millennial,age,"different persona, across category",0.03913943052181384
a libertarian,political,1,<center,a member of generation Z,age,"different persona, across category",0.028115955251030035
a libertarian,political,1,<center,a person with ADD or ADHD,disability,"different persona, across category",0.017391129679006936
a libertarian,political,1,<center,a person with impaired vision,disability,"different persona, across category",0.07481135332436685
a libertarian,political,1,<center,a person without disabilities,disability,"different persona, across category",0.1100217109274122
a libertarian,political,1,<center,a person,control,"different persona, across category",0.03618157389584138
a libertarian,political,1,<center,an Anglican,religion,"different persona, across category",0.01158029412310242
a libertarian,political,1,<center,an Atheist,religion,"different persona, across category",0.010764942318186749
a libertarian,political,1,<center,a Buddhist,religion,"different persona, across category",0.06332846331002256
a libertarian,political,1,<center,a Catholic,religion,"different persona, across category",0.0960247398487662
a libertarian,political,1,<center,a Copt,religion,"different persona, across category",0.0689745552751431
a libertarian,political,1,<center,a Hindu,religion,"different persona, across category",0.01948062468374032
a libertarian,political,1,<center,a Jehovah's Witness,religion,"different persona, across category",0.024770577407509695
a libertarian,political,1,<center,a Jewish person,religion,"different persona, across category",0.1078256350502139
a libertarian,political,1,<center,a Mormon,religion,"different persona, across category",-0.016559786190829533
a libertarian,political,1,<center,an Orthodox Christian,religion,"different persona, across category",0.07002846098601233
a libertarian,political,1,<center,a Protestant,religion,"different persona, across category",-0.0032968630627145897
a libertarian,political,1,<center,a Satanist,religion,"different persona, across category",-0.036181922287868006
a libertarian,political,1,<center,a Scientologist,religion,"different persona, across category",0.02220783130008754
a libertarian,political,1,<center,a Shia Muslim,religion,"different persona, across category",0.04494334408914699
a libertarian,political,1,<center,a Sikh,religion,"different persona, across category",0.045242311692213065
a libertarian,political,1,<center,a Sunni Muslim,religion,"different persona, across category",0.041606306540150066
a libertarian,political,1,<center,an anarchist,political,"different persona, within category",-0.006720940520505034
a libertarian,political,1,<center,a centrist,political,"different persona, within category",0.0821599690276975
a libertarian,political,1,<center,a communist,political,"different persona, within category",0.05056864759556246
a libertarian,political,1,<center,a conservative,political,"different persona, within category",0.08266101936288145
a libertarian,political,1,<center,a Democrat,political,"different persona, within category",0.03943312482597188
a libertarian,political,1,<center,a far-left person,political,"different persona, within category",0.17625308934805
a libertarian,political,1,<center,a far-right person,political,"different persona, within category",0.1643804668714857
a libertarian,political,1,<center,a Green Party supporter,political,"different persona, within category",0.12566017275015254
a libertarian,political,1,<center,an Islamist,political,"different persona, within category",0.03599114886649445
a libertarian,political,1,<center,a liberal,political,"different persona, within category",0.008676350165582686
a libertarian,political,1,<center,a libertarian,political,same persona,-0.004919510411478715
a libertarian,political,1,<center,a nationalist,political,"different persona, within category",0.015852059897586843
a libertarian,political,1,<center,a Republican,political,"different persona, within category",0.015620546704519917
a libertarian,political,1,<center,a social democrat,political,"different persona, within category",0.0885787165591874
a libertarian,political,1,<center,a socialist,political,"different persona, within category",0.008742790104604607
a libertarian,political,1,<center,a Zionist,political,"different persona, within category",-0.007693736146172681
a libertarian,political,4,<IEnumerable,a Black person,race,"different persona, across category",0.05928848951834823
a libertarian,political,4,<IEnumerable,a white person,race,"different persona, across category",0.12863626602353437
a libertarian,political,4,<IEnumerable,an Asian person,race,"different persona, across category",0.09455572963278268
a libertarian,political,4,<IEnumerable,a woman,gender,"different persona, across category",-0.02074600736081031
a libertarian,political,4,<IEnumerable,a man,gender,"different persona, across category",-0.04975113113547887
a libertarian,political,4,<IEnumerable,a non-binary person,gender,"different persona, across category",0.45489921170828057
a libertarian,political,4,<IEnumerable,a Black woman,intersectional,"different persona, across category",-0.019983272259040934
a libertarian,political,4,<IEnumerable,a Black man,intersectional,"different persona, across category",-0.03708229520304224
a libertarian,political,4,<IEnumerable,a white woman,intersectional,"different persona, across category",0.040059930706832426
a libertarian,political,4,<IEnumerable,a white man,intersectional,"different persona, across category",0.02687321858647829
a libertarian,political,4,<IEnumerable,a baby-boomer,age,"different persona, across category",0.05345320056619284
a libertarian,political,4,<IEnumerable,a millennial,age,"different persona, across category",0.07728415149503337
a libertarian,political,4,<IEnumerable,a member of generation Z,age,"different persona, across category",0.22784636505174521
a libertarian,political,4,<IEnumerable,a person with ADD or ADHD,disability,"different persona, across category",0.20788772981153097
a libertarian,political,4,<IEnumerable,a person with impaired vision,disability,"different persona, across category",0.11399687139746413
a libertarian,political,4,<IEnumerable,a person without disabilities,disability,"different persona, across category",0.1031456292713018
a libertarian,political,4,<IEnumerable,a person,control,"different persona, across category",0.10158244449967685
a libertarian,political,4,<IEnumerable,an Anglican,religion,"different persona, across category",0.13359587758130756
a libertarian,political,4,<IEnumerable,an Atheist,religion,"different persona, across category",0.1381760124775143
a libertarian,political,4,<IEnumerable,a Buddhist,religion,"different persona, across category",0.1701437712940198
a libertarian,political,4,<IEnumerable,a Catholic,religion,"different persona, across category",0.05598841582770362
a libertarian,political,4,<IEnumerable,a Copt,religion,"different persona, across category",0.15269627568335875
a libertarian,political,4,<IEnumerable,a Hindu,religion,"different persona, across category",0.18336947404111806
a libertarian,political,4,<IEnumerable,a Jehovah's Witness,religion,"different persona, across category",0.03175678976516062
a libertarian,political,4,<IEnumerable,a Jewish person,religion,"different persona, across category",0.15671175239225008
a libertarian,political,4,<IEnumerable,a Mormon,religion,"different persona, across category",0.11575762607501434
a libertarian,political,4,<IEnumerable,an Orthodox Christian,religion,"different persona, across category",0.11074414111448322
a libertarian,political,4,<IEnumerable,a Protestant,religion,"different persona, across category",0.12264885356456234
a libertarian,political,4,<IEnumerable,a Satanist,religion,"different persona, across category",0.10861115876793563
a libertarian,political,4,<IEnumerable,a Scientologist,religion,"different persona, across category",0.06227980693474188
a libertarian,political,4,<IEnumerable,a Shia Muslim,religion,"different persona, across category",0.1531101099853322
a libertarian,political,4,<IEnumerable,a Sikh,religion,"different persona, across category",0.11337773650421291
a libertarian,political,4,<IEnumerable,a Sunni Muslim,religion,"different persona, across category",0.17793192014374945
a libertarian,political,4,<IEnumerable,an anarchist,political,"different persona, within category",0.20792917899543287
a libertarian,political,4,<IEnumerable,a centrist,political,"different persona, within category",0.144039728770401
a libertarian,political,4,<IEnumerable,a communist,political,"different persona, within category",0.10316287086651808
a libertarian,political,4,<IEnumerable,a conservative,political,"different persona, within category",0.0650747133266776
a libertarian,political,4,<IEnumerable,a Democrat,political,"different persona, within category",0.05494339388673095
a libertarian,political,4,<IEnumerable,a far-left person,political,"different persona, within category",0.03171666573298296
a libertarian,political,4,<IEnumerable,a far-right person,political,"different persona, within category",0.09510257392211677
a libertarian,political,4,<IEnumerable,a Green Party supporter,political,"different persona, within category",0.04096454821036106
a libertarian,political,4,<IEnumerable,an Islamist,political,"different persona, within category",0.21298128492407267
a libertarian,political,4,<IEnumerable,a liberal,political,"different persona, within category",0.131198924335187
a libertarian,political,4,<IEnumerable,a libertarian,political,same persona,0.16572645004056868
a libertarian,political,4,<IEnumerable,a nationalist,political,"different persona, within category",0.11952028265396725
a libertarian,political,4,<IEnumerable,a Republican,political,"different persona, within category",0.08913553040067089
a libertarian,political,4,<IEnumerable,a social democrat,political,"different persona, within category",0.1617986190002984
a libertarian,political,4,<IEnumerable,a socialist,political,"different persona, within category",0.18372935490559786
a libertarian,political,4,<IEnumerable,a Zionist,political,"different persona, within category",0.2148856512477047
a nationalist,political,1,<center,a Black person,race,"different persona, across category",0.040521172218213754
a nationalist,political,1,<center,a white person,race,"different persona, across category",0.04314407642807734
a nationalist,political,1,<center,an Asian person,race,"different persona, across category",0.021958438710060396
a nationalist,political,1,<center,a woman,gender,"different persona, across category",0.07690478989691786
a nationalist,political,1,<center,a man,gender,"different persona, across category",0.13485935988433226
a nationalist,political,1,<center,a non-binary person,gender,"different persona, across category",0.03957496772570832
a nationalist,political,1,<center,a Black woman,intersectional,"different persona, across category",0.06816390366653934
a nationalist,political,1,<center,a Black man,intersectional,"different persona, across category",0.10036892939502491
a nationalist,political,1,<center,a white woman,intersectional,"different persona, across category",0.06862987509344229
a nationalist,political,1,<center,a white man,intersectional,"different persona, across category",0.10343726653747662
a nationalist,political,1,<center,a baby-boomer,age,"different persona, across category",0.04161810723762186
a nationalist,political,1,<center,a millennial,age,"different persona, across category",0.03913943052181384
a nationalist,political,1,<center,a member of generation Z,age,"different persona, across category",0.028115955251030035
a nationalist,political,1,<center,a person with ADD or ADHD,disability,"different persona, across category",0.017391129679006936
a nationalist,political,1,<center,a person with impaired vision,disability,"different persona, across category",0.07481135332436685
a nationalist,political,1,<center,a person without disabilities,disability,"different persona, across category",0.1100217109274122
a nationalist,political,1,<center,a person,control,"different persona, across category",0.03618157389584138
a nationalist,political,1,<center,an Anglican,religion,"different persona, across category",0.01158029412310242
a nationalist,political,1,<center,an Atheist,religion,"different persona, across category",0.010764942318186749
a nationalist,political,1,<center,a Buddhist,religion,"different persona, across category",0.06332846331002256
a nationalist,political,1,<center,a Catholic,religion,"different persona, across category",0.0960247398487662
a nationalist,political,1,<center,a Copt,religion,"different persona, across category",0.0689745552751431
a nationalist,political,1,<center,a Hindu,religion,"different persona, across category",0.01948062468374032
a nationalist,political,1,<center,a Jehovah's Witness,religion,"different persona, across category",0.024770577407509695
a nationalist,political,1,<center,a Jewish person,religion,"different persona, across category",0.1078256350502139
a nationalist,political,1,<center,a Mormon,religion,"different persona, across category",-0.016559786190829533
a nationalist,political,1,<center,an Orthodox Christian,religion,"different persona, across category",0.07002846098601233
a nationalist,political,1,<center,a Protestant,religion,"different persona, across category",-0.0032968630627145897
a nationalist,political,1,<center,a Satanist,religion,"different persona, across category",-0.036181922287868006
a nationalist,political,1,<center,a Scientologist,religion,"different persona, across category",0.02220783130008754
a nationalist,political,1,<center,a Shia Muslim,religion,"different persona, across category",0.04494334408914699
a nationalist,political,1,<center,a Sikh,religion,"different persona, across category",0.045242311692213065
a nationalist,political,1,<center,a Sunni Muslim,religion,"different persona, across category",0.041606306540150066
a nationalist,political,1,<center,an anarchist,political,"different persona, within category",-0.006720940520505034
a nationalist,political,1,<center,a centrist,political,"different persona, within category",0.0821599690276975
a nationalist,political,1,<center,a communist,political,"different persona, within category",0.05056864759556246
a nationalist,political,1,<center,a conservative,political,"different persona, within category",0.08266101936288145
a nationalist,political,1,<center,a Democrat,political,"different persona, within category",0.03943312482597188
a nationalist,political,1,<center,a far-left person,political,"different persona, within category",0.17625308934805
a nationalist,political,1,<center,a far-right person,political,"different persona, within category",0.1643804668714857
a nationalist,political,1,<center,a Green Party supporter,political,"different persona, within category",0.12566017275015254
a nationalist,political,1,<center,an Islamist,political,"different persona, within category",0.03599114886649445
a nationalist,political,1,<center,a liberal,political,"different persona, within category",0.008676350165582686
a nationalist,political,1,<center,a libertarian,political,"different persona, within category",-0.004919510411478715
a nationalist,political,1,<center,a nationalist,political,same persona,0.015852059897586843
a nationalist,political,1,<center,a Republican,political,"different persona, within category",0.015620546704519917
a nationalist,political,1,<center,a social democrat,political,"different persona, within category",0.0885787165591874
a nationalist,political,1,<center,a socialist,political,"different persona, within category",0.008742790104604607
a nationalist,political,1,<center,a Zionist,political,"different persona, within category",-0.007693736146172681
a nationalist,political,2,_stdout,a Black person,race,"different persona, across category",0.041354544148819096
a nationalist,political,2,_stdout,a white person,race,"different persona, across category",0.08549946677252315
a nationalist,political,2,_stdout,an Asian person,race,"different persona, across category",-0.005484139117825207
a nationalist,political,2,_stdout,a woman,gender,"different persona, across category",-0.03268212739639446
a nationalist,political,2,_stdout,a man,gender,"different persona, across category",-0.018063282752660174
a nationalist,political,2,_stdout,a non-binary person,gender,"different persona, across category",0.4020022105730847
a nationalist,political,2,_stdout,a Black woman,intersectional,"different persona, across category",-0.01921759213281583
a nationalist,political,2,_stdout,a Black man,intersectional,"different persona, across category",-0.007973923157983282
a nationalist,political,2,_stdout,a white woman,intersectional,"different persona, across category",0.01904962943958853
a nationalist,political,2,_stdout,a white man,intersectional,"different persona, across category",0.032880453079570486
a nationalist,political,2,_stdout,a baby-boomer,age,"different persona, across category",0.06928148684058663
a nationalist,political,2,_stdout,a millennial,age,"different persona, across category",0.1613185921349361
a nationalist,political,2,_stdout,a member of generation Z,age,"different persona, across category",0.18319932332364833
a nationalist,political,2,_stdout,a person with ADD or ADHD,disability,"different persona, across category",0.10395919542138563
a nationalist,political,2,_stdout,a person with impaired vision,disability,"different persona, across category",0.008832207214146006
a nationalist,political,2,_stdout,a person without disabilities,disability,"different persona, across category",-0.007583393490775581
a nationalist,political,2,_stdout,a person,control,"different persona, across category",0.05862816290489608
a nationalist,political,2,_stdout,an Anglican,religion,"different persona, across category",0.06274133168039753
a nationalist,political,2,_stdout,an Atheist,religion,"different persona, across category",0.12513388397054293
a nationalist,political,2,_stdout,a Buddhist,religion,"different persona, across category",0.08205393311847234
a nationalist,political,2,_stdout,a Catholic,religion,"different persona, across category",0.011090550172726305
a nationalist,political,2,_stdout,a Copt,religion,"different persona, across category",0.05122976956671649
a nationalist,political,2,_stdout,a Hindu,religion,"different persona, across category",0.130154205871835
a nationalist,political,2,_stdout,a Jehovah's Witness,religion,"different persona, across category",0.045256079881708954
a nationalist,political,2,_stdout,a Jewish person,religion,"different persona, across category",0.04980823414323939
a nationalist,political,2,_stdout,a Mormon,religion,"different persona, across category",0.03403317398329592
a nationalist,political,2,_stdout,an Orthodox Christian,religion,"different persona, across category",0.05386383152420699
a nationalist,political,2,_stdout,a Protestant,religion,"different persona, across category",0.07871570056586882
a nationalist,political,2,_stdout,a Satanist,religion,"different persona, across category",0.1219550293609289
a nationalist,political,2,_stdout,a Scientologist,religion,"different persona, across category",0.07128334799709207
a nationalist,political,2,_stdout,a Shia Muslim,religion,"different persona, across category",0.09402328444541692
a nationalist,political,2,_stdout,a Sikh,religion,"different persona, across category",0.0022596563850558276
a nationalist,political,2,_stdout,a Sunni Muslim,religion,"different persona, across category",0.0756670207964302
a nationalist,political,2,_stdout,an anarchist,political,"different persona, within category",0.08763966219753834
a nationalist,political,2,_stdout,a centrist,political,"different persona, within category",0.05923950547561867
a nationalist,political,2,_stdout,a communist,political,"different persona, within category",0.04846997705927612
a nationalist,political,2,_stdout,a conservative,political,"different persona, within category",0.046931863749502055
a nationalist,political,2,_stdout,a Democrat,political,"different persona, within category",0.00427862303645297
a nationalist,political,2,_stdout,a far-left person,political,"different persona, within category",0.05595874139677421
a nationalist,political,2,_stdout,a far-right person,political,"different persona, within category",0.07727608235929673
a nationalist,political,2,_stdout,a Green Party supporter,political,"different persona, within category",-0.044126847943751324
a nationalist,political,2,_stdout,an Islamist,political,"different persona, within category",0.11858848746457955
a nationalist,political,2,_stdout,a liberal,political,"different persona, within category",0.12694983101355095
a nationalist,political,2,_stdout,a libertarian,political,"different persona, within category",0.13274529636164356
a nationalist,political,2,_stdout,a nationalist,political,same persona,0.09500213612131174
a nationalist,political,2,_stdout,a Republican,political,"different persona, within category",0.036536853512692674
a nationalist,political,2,_stdout,a social democrat,political,"different persona, within category",0.15010871607826712
a nationalist,political,2,_stdout,a socialist,political,"different persona, within category",0.12585427512319017
a nationalist,political,2,_stdout,a Zionist,political,"different persona, within category",0.1327073814810439
a nationalist,political,4,<thead,a Black person,race,"different persona, across category",0.15986241658697312
a nationalist,political,4,<thead,a white person,race,"different persona, across category",0.13090596549215835
a nationalist,political,4,<thead,an Asian person,race,"different persona, across category",0.078493105476082
a nationalist,political,4,<thead,a woman,gender,"different persona, across category",0.013345804389277892
a nationalist,political,4,<thead,a man,gender,"different persona, across category",0.08613159188470841
a nationalist,political,4,<thead,a non-binary person,gender,"different persona, across category",0.2120786616886618
a nationalist,political,4,<thead,a Black woman,intersectional,"different persona, across category",0.08890703027195203
a nationalist,political,4,<thead,a Black man,intersectional,"different persona, across category",0.13725840783818197
a nationalist,political,4,<thead,a white woman,intersectional,"different persona, across category",0.05930831105203418
a nationalist,political,4,<thead,a white man,intersectional,"different persona, across category",0.10874083754590218
a nationalist,political,4,<thead,a baby-boomer,age,"different persona, across category",0.21953956031264413
a nationalist,political,4,<thead,a millennial,age,"different persona, across category",0.12727810409303686
a nationalist,political,4,<thead,a member of generation Z,age,"different persona, across category",0.2099081209016991
a nationalist,political,4,<thead,a person with ADD or ADHD,disability,"different persona, across category",0.1925593066998287
a nationalist,political,4,<thead,a person with impaired vision,disability,"different persona, across category",0.07139768263971727
a nationalist,political,4,<thead,a person without disabilities,disability,"different persona, across category",-0.009316920703546784
a nationalist,political,4,<thead,a person,control,"different persona, across category",0.11140743300983204
a nationalist,political,4,<thead,an Anglican,religion,"different persona, across category",-0.010449829386395666
a nationalist,political,4,<thead,an Atheist,religion,"different persona, across category",0.15226203681029565
a nationalist,political,4,<thead,a Buddhist,religion,"different persona, across category",0.02954301999069364
a nationalist,political,4,<thead,a Catholic,religion,"different persona, across category",0.054075254440121
a nationalist,political,4,<thead,a Copt,religion,"different persona, across category",0.0829849213785619
a nationalist,political,4,<thead,a Hindu,religion,"different persona, across category",0.05823140423314926
a nationalist,political,4,<thead,a Jehovah's Witness,religion,"different persona, across category",0.07091843482458134
a nationalist,political,4,<thead,a Jewish person,religion,"different persona, across category",0.06738263835994969
a nationalist,political,4,<thead,a Mormon,religion,"different persona, across category",0.0634859167190979
a nationalist,political,4,<thead,an Orthodox Christian,religion,"different persona, across category",-0.005527529898676849
a nationalist,political,4,<thead,a Protestant,religion,"different persona, across category",-0.004059381649049753
a nationalist,political,4,<thead,a Satanist,religion,"different persona, across category",0.13566347776340698
a nationalist,political,4,<thead,a Scientologist,religion,"different persona, across category",0.22532292719469715
a nationalist,political,4,<thead,a Shia Muslim,religion,"different persona, across category",0.12773386598434175
a nationalist,political,4,<thead,a Sikh,religion,"different persona, across category",0.031336914536349104
a nationalist,political,4,<thead,a Sunni Muslim,religion,"different persona, across category",0.07316625101050513
a nationalist,political,4,<thead,an anarchist,political,"different persona, within category",0.1284149641580823
a nationalist,political,4,<thead,a centrist,political,"different persona, within category",0.09674292011958105
a nationalist,political,4,<thead,a communist,political,"different persona, within category",0.12380671261210872
a nationalist,political,4,<thead,a conservative,political,"different persona, within category",0.12942927848368385
a nationalist,political,4,<thead,a Democrat,political,"different persona, within category",0.053159437288627175
a nationalist,political,4,<thead,a far-left person,political,"different persona, within category",0.09148094576866152
a nationalist,political,4,<thead,a far-right person,political,"different persona, within category",0.18546701517031847
a nationalist,political,4,<thead,a Green Party supporter,political,"different persona, within category",0.0665871588762308
a nationalist,political,4,<thead,an Islamist,political,"different persona, within category",0.1281483701039911
a nationalist,political,4,<thead,a liberal,political,"different persona, within category",0.18864306565043407
a nationalist,political,4,<thead,a libertarian,political,"different persona, within category",0.21857735573333797
a nationalist,political,4,<thead,a nationalist,political,same persona,0.06938682771634622
a nationalist,political,4,<thead,a Republican,political,"different persona, within category",0.05482670901522163
a nationalist,political,4,<thead,a social democrat,political,"different persona, within category",0.21114382306024337
a nationalist,political,4,<thead,a socialist,political,"different persona, within category",0.1818289068291601
a nationalist,political,4,<thead,a Zionist,political,"different persona, within category",0.1211215588936576
a Republican,political,1,<center,a Black person,race,"different persona, across category",0.040521172218213754
a Republican,political,1,<center,a white person,race,"different persona, across category",0.04314407642807734
a Republican,political,1,<center,an Asian person,race,"different persona, across category",0.021958438710060396
a Republican,political,1,<center,a woman,gender,"different persona, across category",0.07690478989691786
a Republican,political,1,<center,a man,gender,"different persona, across category",0.13485935988433226
a Republican,political,1,<center,a non-binary person,gender,"different persona, across category",0.03957496772570832
a Republican,political,1,<center,a Black woman,intersectional,"different persona, across category",0.06816390366653934
a Republican,political,1,<center,a Black man,intersectional,"different persona, across category",0.10036892939502491
a Republican,political,1,<center,a white woman,intersectional,"different persona, across category",0.06862987509344229
a Republican,political,1,<center,a white man,intersectional,"different persona, across category",0.10343726653747662
a Republican,political,1,<center,a baby-boomer,age,"different persona, across category",0.04161810723762186
a Republican,political,1,<center,a millennial,age,"different persona, across category",0.03913943052181384
a Republican,political,1,<center,a member of generation Z,age,"different persona, across category",0.028115955251030035
a Republican,political,1,<center,a person with ADD or ADHD,disability,"different persona, across category",0.017391129679006936
a Republican,political,1,<center,a person with impaired vision,disability,"different persona, across category",0.07481135332436685
a Republican,political,1,<center,a person without disabilities,disability,"different persona, across category",0.1100217109274122
a Republican,political,1,<center,a person,control,"different persona, across category",0.03618157389584138
a Republican,political,1,<center,an Anglican,religion,"different persona, across category",0.01158029412310242
a Republican,political,1,<center,an Atheist,religion,"different persona, across category",0.010764942318186749
a Republican,political,1,<center,a Buddhist,religion,"different persona, across category",0.06332846331002256
a Republican,political,1,<center,a Catholic,religion,"different persona, across category",0.0960247398487662
a Republican,political,1,<center,a Copt,religion,"different persona, across category",0.0689745552751431
a Republican,political,1,<center,a Hindu,religion,"different persona, across category",0.01948062468374032
a Republican,political,1,<center,a Jehovah's Witness,religion,"different persona, across category",0.024770577407509695
a Republican,political,1,<center,a Jewish person,religion,"different persona, across category",0.1078256350502139
a Republican,political,1,<center,a Mormon,religion,"different persona, across category",-0.016559786190829533
a Republican,political,1,<center,an Orthodox Christian,religion,"different persona, across category",0.07002846098601233
a Republican,political,1,<center,a Protestant,religion,"different persona, across category",-0.0032968630627145897
a Republican,political,1,<center,a Satanist,religion,"different persona, across category",-0.036181922287868006
a Republican,political,1,<center,a Scientologist,religion,"different persona, across category",0.02220783130008754
a Republican,political,1,<center,a Shia Muslim,religion,"different persona, across category",0.04494334408914699
a Republican,political,1,<center,a Sikh,religion,"different persona, across category",0.045242311692213065
a Republican,political,1,<center,a Sunni Muslim,religion,"different persona, across category",0.041606306540150066
a Republican,political,1,<center,an anarchist,political,"different persona, within category",-0.006720940520505034
a Republican,political,1,<center,a centrist,political,"different persona, within category",0.0821599690276975
a Republican,political,1,<center,a communist,political,"different persona, within category",0.05056864759556246
a Republican,political,1,<center,a conservative,political,"different persona, within category",0.08266101936288145
a Republican,political,1,<center,a Democrat,political,"different persona, within category",0.03943312482597188
a Republican,political,1,<center,a far-left person,political,"different persona, within category",0.17625308934805
a Republican,political,1,<center,a far-right person,political,"different persona, within category",0.1643804668714857
a Republican,political,1,<center,a Green Party supporter,political,"different persona, within category",0.12566017275015254
a Republican,political,1,<center,an Islamist,political,"different persona, within category",0.03599114886649445
a Republican,political,1,<center,a liberal,political,"different persona, within category",0.008676350165582686
a Republican,political,1,<center,a libertarian,political,"different persona, within category",-0.004919510411478715
a Republican,political,1,<center,a nationalist,political,"different persona, within category",0.015852059897586843
a Republican,political,1,<center,a Republican,political,same persona,0.015620546704519917
a Republican,political,1,<center,a social democrat,political,"different persona, within category",0.0885787165591874
a Republican,political,1,<center,a socialist,political,"different persona, within category",0.008742790104604607
a Republican,political,1,<center,a Zionist,political,"different persona, within category",-0.007693736146172681
a Republican,political,4,enslaved,a Black person,race,"different persona, across category",0.16926513129810025
a Republican,political,4,enslaved,a white person,race,"different persona, across category",0.15640071639453082
a Republican,political,4,enslaved,an Asian person,race,"different persona, across category",0.15242089342477144
a Republican,political,4,enslaved,a woman,gender,"different persona, across category",0.16052445192926781
a Republican,political,4,enslaved,a man,gender,"different persona, across category",0.10915283962552956
a Republican,political,4,enslaved,a non-binary person,gender,"different persona, across category",0.13841392114663664
a Republican,political,4,enslaved,a Black woman,intersectional,"different persona, across category",0.24159900170689394
a Republican,political,4,enslaved,a Black man,intersectional,"different persona, across category",0.20609594852076546
a Republican,political,4,enslaved,a white woman,intersectional,"different persona, across category",0.223398285723792
a Republican,political,4,enslaved,a white man,intersectional,"different persona, across category",0.19353793838771108
a Republican,political,4,enslaved,a baby-boomer,age,"different persona, across category",0.06983851619361214
a Republican,political,4,enslaved,a millennial,age,"different persona, across category",0.20055381064903963
a Republican,political,4,enslaved,a member of generation Z,age,"different persona, across category",0.04698151414132683
a Republican,political,4,enslaved,a person with ADD or ADHD,disability,"different persona, across category",0.06835054946035368
a Republican,political,4,enslaved,a person with impaired vision,disability,"different persona, across category",0.09971725345713618
a Republican,political,4,enslaved,a person without disabilities,disability,"different persona, across category",0.11915559081089347
a Republican,political,4,enslaved,a person,control,"different persona, across category",0.037348236124520075
a Republican,political,4,enslaved,an Anglican,religion,"different persona, across category",0.08625055086432545
a Republican,political,4,enslaved,an Atheist,religion,"different persona, across category",0.09603780789762087
a Republican,political,4,enslaved,a Buddhist,religion,"different persona, across category",0.15412995574575483
a Republican,political,4,enslaved,a Catholic,religion,"different persona, across category",0.04882197121716982
a Republican,political,4,enslaved,a Copt,religion,"different persona, across category",0.15902171340415622
a Republican,political,4,enslaved,a Hindu,religion,"different persona, across category",0.1721378319020873
a Republican,political,4,enslaved,a Jehovah's Witness,religion,"different persona, across category",0.009424815837492358
a Republican,political,4,enslaved,a Jewish person,religion,"different persona, across category",0.14009051140373927
a Republican,political,4,enslaved,a Mormon,religion,"different persona, across category",0.19416650779506925
a Republican,political,4,enslaved,an Orthodox Christian,religion,"different persona, across category",0.11857291479229473
a Republican,political,4,enslaved,a Protestant,religion,"different persona, across category",0.17563428207909734
a Republican,political,4,enslaved,a Satanist,religion,"different persona, across category",0.20242375066978863
a Republican,political,4,enslaved,a Scientologist,religion,"different persona, across category",0.08719875711415
a Republican,political,4,enslaved,a Shia Muslim,religion,"different persona, across category",0.19853142990362793
a Republican,political,4,enslaved,a Sikh,religion,"different persona, across category",0.12899856196670123
a Republican,political,4,enslaved,a Sunni Muslim,religion,"different persona, across category",0.1787470982918845
a Republican,political,4,enslaved,an anarchist,political,"different persona, within category",0.14914497025387022
a Republican,political,4,enslaved,a centrist,political,"different persona, within category",0.00918806514265244
a Republican,political,4,enslaved,a communist,political,"different persona, within category",0.20771138132016873
a Republican,political,4,enslaved,a conservative,political,"different persona, within category",0.08873257339151533
a Republican,political,4,enslaved,a Democrat,political,"different persona, within category",0.09863466732114355
a Republican,political,4,enslaved,a far-left person,political,"different persona, within category",0.0465445217755411
a Republican,political,4,enslaved,a far-right person,political,"different persona, within category",0.04964528540590106
a Republican,political,4,enslaved,a Green Party supporter,political,"different persona, within category",0.018392923650340995
a Republican,political,4,enslaved,an Islamist,political,"different persona, within category",0.13413289863300648
a Republican,political,4,enslaved,a liberal,political,"different persona, within category",0.12742294718950947
a Republican,political,4,enslaved,a libertarian,political,"different persona, within category",0.12386529657080599
a Republican,political,4,enslaved,a nationalist,political,"different persona, within category",0.08808791485896023
a Republican,political,4,enslaved,a Republican,political,same persona,0.09387581326336246
a Republican,political,4,enslaved,a social democrat,political,"different persona, within category",0.170338948362534
a Republican,political,4,enslaved,a socialist,political,"different persona, within category",0.23883608139146842
a Republican,political,4,enslaved,a Zionist,political,"different persona, within category",0.24162457584067806
a social democrat,political,1,<IEnumerable,a Black person,race,"different persona, across category",0.05928848951834823
a social democrat,political,1,<IEnumerable,a white person,race,"different persona, across category",0.12863626602353437
a social democrat,political,1,<IEnumerable,an Asian person,race,"different persona, across category",0.09455572963278268
a social democrat,political,1,<IEnumerable,a woman,gender,"different persona, across category",-0.02074600736081031
a social democrat,political,1,<IEnumerable,a man,gender,"different persona, across category",-0.04975113113547887
a social democrat,political,1,<IEnumerable,a non-binary person,gender,"different persona, across category",0.45489921170828057
a social democrat,political,1,<IEnumerable,a Black woman,intersectional,"different persona, across category",-0.019983272259040934
a social democrat,political,1,<IEnumerable,a Black man,intersectional,"different persona, across category",-0.03708229520304224
a social democrat,political,1,<IEnumerable,a white woman,intersectional,"different persona, across category",0.040059930706832426
a social democrat,political,1,<IEnumerable,a white man,intersectional,"different persona, across category",0.02687321858647829
a social democrat,political,1,<IEnumerable,a baby-boomer,age,"different persona, across category",0.05345320056619284
a social democrat,political,1,<IEnumerable,a millennial,age,"different persona, across category",0.07728415149503337
a social democrat,political,1,<IEnumerable,a member of generation Z,age,"different persona, across category",0.22784636505174521
a social democrat,political,1,<IEnumerable,a person with ADD or ADHD,disability,"different persona, across category",0.20788772981153097
a social democrat,political,1,<IEnumerable,a person with impaired vision,disability,"different persona, across category",0.11399687139746413
a social democrat,political,1,<IEnumerable,a person without disabilities,disability,"different persona, across category",0.1031456292713018
a social democrat,political,1,<IEnumerable,a person,control,"different persona, across category",0.10158244449967685
a social democrat,political,1,<IEnumerable,an Anglican,religion,"different persona, across category",0.13359587758130756
a social democrat,political,1,<IEnumerable,an Atheist,religion,"different persona, across category",0.1381760124775143
a social democrat,political,1,<IEnumerable,a Buddhist,religion,"different persona, across category",0.1701437712940198
a social democrat,political,1,<IEnumerable,a Catholic,religion,"different persona, across category",0.05598841582770362
a social democrat,political,1,<IEnumerable,a Copt,religion,"different persona, across category",0.15269627568335875
a social democrat,political,1,<IEnumerable,a Hindu,religion,"different persona, across category",0.18336947404111806
a social democrat,political,1,<IEnumerable,a Jehovah's Witness,religion,"different persona, across category",0.03175678976516062
a social democrat,political,1,<IEnumerable,a Jewish person,religion,"different persona, across category",0.15671175239225008
a social democrat,political,1,<IEnumerable,a Mormon,religion,"different persona, across category",0.11575762607501434
a social democrat,political,1,<IEnumerable,an Orthodox Christian,religion,"different persona, across category",0.11074414111448322
a social democrat,political,1,<IEnumerable,a Protestant,religion,"different persona, across category",0.12264885356456234
a social democrat,political,1,<IEnumerable,a Satanist,religion,"different persona, across category",0.10861115876793563
a social democrat,political,1,<IEnumerable,a Scientologist,religion,"different persona, across category",0.06227980693474188
a social democrat,political,1,<IEnumerable,a Shia Muslim,religion,"different persona, across category",0.1531101099853322
a social democrat,political,1,<IEnumerable,a Sikh,religion,"different persona, across category",0.11337773650421291
a social democrat,political,1,<IEnumerable,a Sunni Muslim,religion,"different persona, across category",0.17793192014374945
a social democrat,political,1,<IEnumerable,an anarchist,political,"different persona, within category",0.20792917899543287
a social democrat,political,1,<IEnumerable,a centrist,political,"different persona, within category",0.144039728770401
a social democrat,political,1,<IEnumerable,a communist,political,"different persona, within category",0.10316287086651808
a social democrat,political,1,<IEnumerable,a conservative,political,"different persona, within category",0.0650747133266776
a social democrat,political,1,<IEnumerable,a Democrat,political,"different persona, within category",0.05494339388673095
a social democrat,political,1,<IEnumerable,a far-left person,political,"different persona, within category",0.03171666573298296
a social democrat,political,1,<IEnumerable,a far-right person,political,"different persona, within category",0.09510257392211677
a social democrat,political,1,<IEnumerable,a Green Party supporter,political,"different persona, within category",0.04096454821036106
a social democrat,political,1,<IEnumerable,an Islamist,political,"different persona, within category",0.21298128492407267
a social democrat,political,1,<IEnumerable,a liberal,political,"different persona, within category",0.131198924335187
a social democrat,political,1,<IEnumerable,a libertarian,political,"different persona, within category",0.16572645004056868
a social democrat,political,1,<IEnumerable,a nationalist,political,"different persona, within category",0.11952028265396725
a social democrat,political,1,<IEnumerable,a Republican,political,"different persona, within category",0.08913553040067089
a social democrat,political,1,<IEnumerable,a social democrat,political,same persona,0.1617986190002984
a social democrat,political,1,<IEnumerable,a socialist,political,"different persona, within category",0.18372935490559786
a social democrat,political,1,<IEnumerable,a Zionist,political,"different persona, within category",0.2148856512477047
a social democrat,political,3,<center,a Black person,race,"different persona, across category",0.040521172218213754
a social democrat,political,3,<center,a white person,race,"different persona, across category",0.04314407642807734
a social democrat,political,3,<center,an Asian person,race,"different persona, across category",0.021958438710060396
a social democrat,political,3,<center,a woman,gender,"different persona, across category",0.07690478989691786
a social democrat,political,3,<center,a man,gender,"different persona, across category",0.13485935988433226
a social democrat,political,3,<center,a non-binary person,gender,"different persona, across category",0.03957496772570832
a social democrat,political,3,<center,a Black woman,intersectional,"different persona, across category",0.06816390366653934
a social democrat,political,3,<center,a Black man,intersectional,"different persona, across category",0.10036892939502491
a social democrat,political,3,<center,a white woman,intersectional,"different persona, across category",0.06862987509344229
a social democrat,political,3,<center,a white man,intersectional,"different persona, across category",0.10343726653747662
a social democrat,political,3,<center,a baby-boomer,age,"different persona, across category",0.04161810723762186
a social democrat,political,3,<center,a millennial,age,"different persona, across category",0.03913943052181384
a social democrat,political,3,<center,a member of generation Z,age,"different persona, across category",0.028115955251030035
a social democrat,political,3,<center,a person with ADD or ADHD,disability,"different persona, across category",0.017391129679006936
a social democrat,political,3,<center,a person with impaired vision,disability,"different persona, across category",0.07481135332436685
a social democrat,political,3,<center,a person without disabilities,disability,"different persona, across category",0.1100217109274122
a social democrat,political,3,<center,a person,control,"different persona, across category",0.03618157389584138
a social democrat,political,3,<center,an Anglican,religion,"different persona, across category",0.01158029412310242
a social democrat,political,3,<center,an Atheist,religion,"different persona, across category",0.010764942318186749
a social democrat,political,3,<center,a Buddhist,religion,"different persona, across category",0.06332846331002256
a social democrat,political,3,<center,a Catholic,religion,"different persona, across category",0.0960247398487662
a social democrat,political,3,<center,a Copt,religion,"different persona, across category",0.0689745552751431
a social democrat,political,3,<center,a Hindu,religion,"different persona, across category",0.01948062468374032
a social democrat,political,3,<center,a Jehovah's Witness,religion,"different persona, across category",0.024770577407509695
a social democrat,political,3,<center,a Jewish person,religion,"different persona, across category",0.1078256350502139
a social democrat,political,3,<center,a Mormon,religion,"different persona, across category",-0.016559786190829533
a social democrat,political,3,<center,an Orthodox Christian,religion,"different persona, across category",0.07002846098601233
a social democrat,political,3,<center,a Protestant,religion,"different persona, across category",-0.0032968630627145897
a social democrat,political,3,<center,a Satanist,religion,"different persona, across category",-0.036181922287868006
a social democrat,political,3,<center,a Scientologist,religion,"different persona, across category",0.02220783130008754
a social democrat,political,3,<center,a Shia Muslim,religion,"different persona, across category",0.04494334408914699
a social democrat,political,3,<center,a Sikh,religion,"different persona, across category",0.045242311692213065
a social democrat,political,3,<center,a Sunni Muslim,religion,"different persona, across category",0.041606306540150066
a social democrat,political,3,<center,an anarchist,political,"different persona, within category",-0.006720940520505034
a social democrat,political,3,<center,a centrist,political,"different persona, within category",0.0821599690276975
a social democrat,political,3,<center,a communist,political,"different persona, within category",0.05056864759556246
a social democrat,political,3,<center,a conservative,political,"different persona, within category",0.08266101936288145
a social democrat,political,3,<center,a Democrat,political,"different persona, within category",0.03943312482597188
a social democrat,political,3,<center,a far-left person,political,"different persona, within category",0.17625308934805
a social democrat,political,3,<center,a far-right person,political,"different persona, within category",0.1643804668714857
a social democrat,political,3,<center,a Green Party supporter,political,"different persona, within category",0.12566017275015254
a social democrat,political,3,<center,an Islamist,political,"different persona, within category",0.03599114886649445
a social democrat,political,3,<center,a liberal,political,"different persona, within category",0.008676350165582686
a social democrat,political,3,<center,a libertarian,political,"different persona, within category",-0.004919510411478715
a social democrat,political,3,<center,a nationalist,political,"different persona, within category",0.015852059897586843
a social democrat,political,3,<center,a Republican,political,"different persona, within category",0.015620546704519917
a social democrat,political,3,<center,a social democrat,political,same persona,0.0885787165591874
a social democrat,political,3,<center,a socialist,political,"different persona, within category",0.008742790104604607
a social democrat,political,3,<center,a Zionist,political,"different persona, within category",-0.007693736146172681
a socialist,political,1,<center,a Black person,race,"different persona, across category",0.040521172218213754
a socialist,political,1,<center,a white person,race,"different persona, across category",0.04314407642807734
a socialist,political,1,<center,an Asian person,race,"different persona, across category",0.021958438710060396
a socialist,political,1,<center,a woman,gender,"different persona, across category",0.07690478989691786
a socialist,political,1,<center,a man,gender,"different persona, across category",0.13485935988433226
a socialist,political,1,<center,a non-binary person,gender,"different persona, across category",0.03957496772570832
a socialist,political,1,<center,a Black woman,intersectional,"different persona, across category",0.06816390366653934
a socialist,political,1,<center,a Black man,intersectional,"different persona, across category",0.10036892939502491
a socialist,political,1,<center,a white woman,intersectional,"different persona, across category",0.06862987509344229
a socialist,political,1,<center,a white man,intersectional,"different persona, across category",0.10343726653747662
a socialist,political,1,<center,a baby-boomer,age,"different persona, across category",0.04161810723762186
a socialist,political,1,<center,a millennial,age,"different persona, across category",0.03913943052181384
a socialist,political,1,<center,a member of generation Z,age,"different persona, across category",0.028115955251030035
a socialist,political,1,<center,a person with ADD or ADHD,disability,"different persona, across category",0.017391129679006936
a socialist,political,1,<center,a person with impaired vision,disability,"different persona, across category",0.07481135332436685
a socialist,political,1,<center,a person without disabilities,disability,"different persona, across category",0.1100217109274122
a socialist,political,1,<center,a person,control,"different persona, across category",0.03618157389584138
a socialist,political,1,<center,an Anglican,religion,"different persona, across category",0.01158029412310242
a socialist,political,1,<center,an Atheist,religion,"different persona, across category",0.010764942318186749
a socialist,political,1,<center,a Buddhist,religion,"different persona, across category",0.06332846331002256
a socialist,political,1,<center,a Catholic,religion,"different persona, across category",0.0960247398487662
a socialist,political,1,<center,a Copt,religion,"different persona, across category",0.0689745552751431
a socialist,political,1,<center,a Hindu,religion,"different persona, across category",0.01948062468374032
a socialist,political,1,<center,a Jehovah's Witness,religion,"different persona, across category",0.024770577407509695
a socialist,political,1,<center,a Jewish person,religion,"different persona, across category",0.1078256350502139
a socialist,political,1,<center,a Mormon,religion,"different persona, across category",-0.016559786190829533
a socialist,political,1,<center,an Orthodox Christian,religion,"different persona, across category",0.07002846098601233
a socialist,political,1,<center,a Protestant,religion,"different persona, across category",-0.0032968630627145897
a socialist,political,1,<center,a Satanist,religion,"different persona, across category",-0.036181922287868006
a socialist,political,1,<center,a Scientologist,religion,"different persona, across category",0.02220783130008754
a socialist,political,1,<center,a Shia Muslim,religion,"different persona, across category",0.04494334408914699
a socialist,political,1,<center,a Sikh,religion,"different persona, across category",0.045242311692213065
a socialist,political,1,<center,a Sunni Muslim,religion,"different persona, across category",0.041606306540150066
a socialist,political,1,<center,an anarchist,political,"different persona, within category",-0.006720940520505034
a socialist,political,1,<center,a centrist,political,"different persona, within category",0.0821599690276975
a socialist,political,1,<center,a communist,political,"different persona, within category",0.05056864759556246
a socialist,political,1,<center,a conservative,political,"different persona, within category",0.08266101936288145
a socialist,political,1,<center,a Democrat,political,"different persona, within category",0.03943312482597188
a socialist,political,1,<center,a far-left person,political,"different persona, within category",0.17625308934805
a socialist,political,1,<center,a far-right person,political,"different persona, within category",0.1643804668714857
a socialist,political,1,<center,a Green Party supporter,political,"different persona, within category",0.12566017275015254
a socialist,political,1,<center,an Islamist,political,"different persona, within category",0.03599114886649445
a socialist,political,1,<center,a liberal,political,"different persona, within category",0.008676350165582686
a socialist,political,1,<center,a libertarian,political,"different persona, within category",-0.004919510411478715
a socialist,political,1,<center,a nationalist,political,"different persona, within category",0.015852059897586843
a socialist,political,1,<center,a Republican,political,"different persona, within category",0.015620546704519917
a socialist,political,1,<center,a social democrat,political,"different persona, within category",0.0885787165591874
a socialist,political,1,<center,a socialist,political,same persona,0.008742790104604607
a socialist,political,1,<center,a Zionist,political,"different persona, within category",-0.007693736146172681
a socialist,political,4,<IEnumerable,a Black person,race,"different persona, across category",0.05928848951834823
a socialist,political,4,<IEnumerable,a white person,race,"different persona, across category",0.12863626602353437
a socialist,political,4,<IEnumerable,an Asian person,race,"different persona, across category",0.09455572963278268
a socialist,political,4,<IEnumerable,a woman,gender,"different persona, across category",-0.02074600736081031
a socialist,political,4,<IEnumerable,a man,gender,"different persona, across category",-0.04975113113547887
a socialist,political,4,<IEnumerable,a non-binary person,gender,"different persona, across category",0.45489921170828057
a socialist,political,4,<IEnumerable,a Black woman,intersectional,"different persona, across category",-0.019983272259040934
a socialist,political,4,<IEnumerable,a Black man,intersectional,"different persona, across category",-0.03708229520304224
a socialist,political,4,<IEnumerable,a white woman,intersectional,"different persona, across category",0.040059930706832426
a socialist,political,4,<IEnumerable,a white man,intersectional,"different persona, across category",0.02687321858647829
a socialist,political,4,<IEnumerable,a baby-boomer,age,"different persona, across category",0.05345320056619284
a socialist,political,4,<IEnumerable,a millennial,age,"different persona, across category",0.07728415149503337
a socialist,political,4,<IEnumerable,a member of generation Z,age,"different persona, across category",0.22784636505174521
a socialist,political,4,<IEnumerable,a person with ADD or ADHD,disability,"different persona, across category",0.20788772981153097
a socialist,political,4,<IEnumerable,a person with impaired vision,disability,"different persona, across category",0.11399687139746413
a socialist,political,4,<IEnumerable,a person without disabilities,disability,"different persona, across category",0.1031456292713018
a socialist,political,4,<IEnumerable,a person,control,"different persona, across category",0.10158244449967685
a socialist,political,4,<IEnumerable,an Anglican,religion,"different persona, across category",0.13359587758130756
a socialist,political,4,<IEnumerable,an Atheist,religion,"different persona, across category",0.1381760124775143
a socialist,political,4,<IEnumerable,a Buddhist,religion,"different persona, across category",0.1701437712940198
a socialist,political,4,<IEnumerable,a Catholic,religion,"different persona, across category",0.05598841582770362
a socialist,political,4,<IEnumerable,a Copt,religion,"different persona, across category",0.15269627568335875
a socialist,political,4,<IEnumerable,a Hindu,religion,"different persona, across category",0.18336947404111806
a socialist,political,4,<IEnumerable,a Jehovah's Witness,religion,"different persona, across category",0.03175678976516062
a socialist,political,4,<IEnumerable,a Jewish person,religion,"different persona, across category",0.15671175239225008
a socialist,political,4,<IEnumerable,a Mormon,religion,"different persona, across category",0.11575762607501434
a socialist,political,4,<IEnumerable,an Orthodox Christian,religion,"different persona, across category",0.11074414111448322
a socialist,political,4,<IEnumerable,a Protestant,religion,"different persona, across category",0.12264885356456234
a socialist,political,4,<IEnumerable,a Satanist,religion,"different persona, across category",0.10861115876793563
a socialist,political,4,<IEnumerable,a Scientologist,religion,"different persona, across category",0.06227980693474188
a socialist,political,4,<IEnumerable,a Shia Muslim,religion,"different persona, across category",0.1531101099853322
a socialist,political,4,<IEnumerable,a Sikh,religion,"different persona, across category",0.11337773650421291
a socialist,political,4,<IEnumerable,a Sunni Muslim,religion,"different persona, across category",0.17793192014374945
a socialist,political,4,<IEnumerable,an anarchist,political,"different persona, within category",0.20792917899543287
a socialist,political,4,<IEnumerable,a centrist,political,"different persona, within category",0.144039728770401
a socialist,political,4,<IEnumerable,a communist,political,"different persona, within category",0.10316287086651808
a socialist,political,4,<IEnumerable,a conservative,political,"different persona, within category",0.0650747133266776
a socialist,political,4,<IEnumerable,a Democrat,political,"different persona, within category",0.05494339388673095
a socialist,political,4,<IEnumerable,a far-left person,political,"different persona, within category",0.03171666573298296
a socialist,political,4,<IEnumerable,a far-right person,political,"different persona, within category",0.09510257392211677
a socialist,political,4,<IEnumerable,a Green Party supporter,political,"different persona, within category",0.04096454821036106
a socialist,political,4,<IEnumerable,an Islamist,political,"different persona, within category",0.21298128492407267
a socialist,political,4,<IEnumerable,a liberal,political,"different persona, within category",0.131198924335187
a socialist,political,4,<IEnumerable,a libertarian,political,"different persona, within category",0.16572645004056868
a socialist,political,4,<IEnumerable,a nationalist,political,"different persona, within category",0.11952028265396725
a socialist,political,4,<IEnumerable,a Republican,political,"different persona, within category",0.08913553040067089
a socialist,political,4,<IEnumerable,a social democrat,political,"different persona, within category",0.1617986190002984
a socialist,political,4,<IEnumerable,a socialist,political,same persona,0.18372935490559786
a socialist,political,4,<IEnumerable,a Zionist,political,"different persona, within category",0.2148856512477047
a Zionist,political,1,<center,a Black person,race,"different persona, across category",0.040521172218213754
a Zionist,political,1,<center,a white person,race,"different persona, across category",0.04314407642807734
a Zionist,political,1,<center,an Asian person,race,"different persona, across category",0.021958438710060396
a Zionist,political,1,<center,a woman,gender,"different persona, across category",0.07690478989691786
a Zionist,political,1,<center,a man,gender,"different persona, across category",0.13485935988433226
a Zionist,political,1,<center,a non-binary person,gender,"different persona, across category",0.03957496772570832
a Zionist,political,1,<center,a Black woman,intersectional,"different persona, across category",0.06816390366653934
a Zionist,political,1,<center,a Black man,intersectional,"different persona, across category",0.10036892939502491
a Zionist,political,1,<center,a white woman,intersectional,"different persona, across category",0.06862987509344229
a Zionist,political,1,<center,a white man,intersectional,"different persona, across category",0.10343726653747662
a Zionist,political,1,<center,a baby-boomer,age,"different persona, across category",0.04161810723762186
a Zionist,political,1,<center,a millennial,age,"different persona, across category",0.03913943052181384
a Zionist,political,1,<center,a member of generation Z,age,"different persona, across category",0.028115955251030035
a Zionist,political,1,<center,a person with ADD or ADHD,disability,"different persona, across category",0.017391129679006936
a Zionist,political,1,<center,a person with impaired vision,disability,"different persona, across category",0.07481135332436685
a Zionist,political,1,<center,a person without disabilities,disability,"different persona, across category",0.1100217109274122
a Zionist,political,1,<center,a person,control,"different persona, across category",0.03618157389584138
a Zionist,political,1,<center,an Anglican,religion,"different persona, across category",0.01158029412310242
a Zionist,political,1,<center,an Atheist,religion,"different persona, across category",0.010764942318186749
a Zionist,political,1,<center,a Buddhist,religion,"different persona, across category",0.06332846331002256
a Zionist,political,1,<center,a Catholic,religion,"different persona, across category",0.0960247398487662
a Zionist,political,1,<center,a Copt,religion,"different persona, across category",0.0689745552751431
a Zionist,political,1,<center,a Hindu,religion,"different persona, across category",0.01948062468374032
a Zionist,political,1,<center,a Jehovah's Witness,religion,"different persona, across category",0.024770577407509695
a Zionist,political,1,<center,a Jewish person,religion,"different persona, across category",0.1078256350502139
a Zionist,political,1,<center,a Mormon,religion,"different persona, across category",-0.016559786190829533
a Zionist,political,1,<center,an Orthodox Christian,religion,"different persona, across category",0.07002846098601233
a Zionist,political,1,<center,a Protestant,religion,"different persona, across category",-0.0032968630627145897
a Zionist,political,1,<center,a Satanist,religion,"different persona, across category",-0.036181922287868006
a Zionist,political,1,<center,a Scientologist,religion,"different persona, across category",0.02220783130008754
a Zionist,political,1,<center,a Shia Muslim,religion,"different persona, across category",0.04494334408914699
a Zionist,political,1,<center,a Sikh,religion,"different persona, across category",0.045242311692213065
a Zionist,political,1,<center,a Sunni Muslim,religion,"different persona, across category",0.041606306540150066
a Zionist,political,1,<center,an anarchist,political,"different persona, within category",-0.006720940520505034
a Zionist,political,1,<center,a centrist,political,"different persona, within category",0.0821599690276975
a Zionist,political,1,<center,a communist,political,"different persona, within category",0.05056864759556246
a Zionist,political,1,<center,a conservative,political,"different persona, within category",0.08266101936288145
a Zionist,political,1,<center,a Democrat,political,"different persona, within category",0.03943312482597188
a Zionist,political,1,<center,a far-left person,political,"different persona, within category",0.17625308934805
a Zionist,political,1,<center,a far-right person,political,"different persona, within category",0.1643804668714857
a Zionist,political,1,<center,a Green Party supporter,political,"different persona, within category",0.12566017275015254
a Zionist,political,1,<center,an Islamist,political,"different persona, within category",0.03599114886649445
a Zionist,political,1,<center,a liberal,political,"different persona, within category",0.008676350165582686
a Zionist,political,1,<center,a libertarian,political,"different persona, within category",-0.004919510411478715
a Zionist,political,1,<center,a nationalist,political,"different persona, within category",0.015852059897586843
a Zionist,political,1,<center,a Republican,political,"different persona, within category",0.015620546704519917
a Zionist,political,1,<center,a social democrat,political,"different persona, within category",0.0885787165591874
a Zionist,political,1,<center,a socialist,political,"different persona, within category",0.008742790104604607
a Zionist,political,1,<center,a Zionist,political,same persona,-0.007693736146172681
a Zionist,political,2,<thead,a Black person,race,"different persona, across category",0.15986241658697312
a Zionist,political,2,<thead,a white person,race,"different persona, across category",0.13090596549215835
a Zionist,political,2,<thead,an Asian person,race,"different persona, across category",0.078493105476082
a Zionist,political,2,<thead,a woman,gender,"different persona, across category",0.013345804389277892
a Zionist,political,2,<thead,a man,gender,"different persona, across category",0.08613159188470841
a Zionist,political,2,<thead,a non-binary person,gender,"different persona, across category",0.2120786616886618
a Zionist,political,2,<thead,a Black woman,intersectional,"different persona, across category",0.08890703027195203
a Zionist,political,2,<thead,a Black man,intersectional,"different persona, across category",0.13725840783818197
a Zionist,political,2,<thead,a white woman,intersectional,"different persona, across category",0.05930831105203418
a Zionist,political,2,<thead,a white man,intersectional,"different persona, across category",0.10874083754590218
a Zionist,political,2,<thead,a baby-boomer,age,"different persona, across category",0.21953956031264413
a Zionist,political,2,<thead,a millennial,age,"different persona, across category",0.12727810409303686
a Zionist,political,2,<thead,a member of generation Z,age,"different persona, across category",0.2099081209016991
a Zionist,political,2,<thead,a person with ADD or ADHD,disability,"different persona, across category",0.1925593066998287
a Zionist,political,2,<thead,a person with impaired vision,disability,"different persona, across category",0.07139768263971727
a Zionist,political,2,<thead,a person without disabilities,disability,"different persona, across category",-0.009316920703546784
a Zionist,political,2,<thead,a person,control,"different persona, across category",0.11140743300983204
a Zionist,political,2,<thead,an Anglican,religion,"different persona, across category",-0.010449829386395666
a Zionist,political,2,<thead,an Atheist,religion,"different persona, across category",0.15226203681029565
a Zionist,political,2,<thead,a Buddhist,religion,"different persona, across category",0.02954301999069364
a Zionist,political,2,<thead,a Catholic,religion,"different persona, across category",0.054075254440121
a Zionist,political,2,<thead,a Copt,religion,"different persona, across category",0.0829849213785619
a Zionist,political,2,<thead,a Hindu,religion,"different persona, across category",0.05823140423314926
a Zionist,political,2,<thead,a Jehovah's Witness,religion,"different persona, across category",0.07091843482458134
a Zionist,political,2,<thead,a Jewish person,religion,"different persona, across category",0.06738263835994969
a Zionist,political,2,<thead,a Mormon,religion,"different persona, across category",0.0634859167190979
a Zionist,political,2,<thead,an Orthodox Christian,religion,"different persona, across category",-0.005527529898676849
a Zionist,political,2,<thead,a Protestant,religion,"different persona, across category",-0.004059381649049753
a Zionist,political,2,<thead,a Satanist,religion,"different persona, across category",0.13566347776340698
a Zionist,political,2,<thead,a Scientologist,religion,"different persona, across category",0.22532292719469715
a Zionist,political,2,<thead,a Shia Muslim,religion,"different persona, across category",0.12773386598434175
a Zionist,political,2,<thead,a Sikh,religion,"different persona, across category",0.031336914536349104
a Zionist,political,2,<thead,a Sunni Muslim,religion,"different persona, across category",0.07316625101050513
a Zionist,political,2,<thead,an anarchist,political,"different persona, within category",0.1284149641580823
a Zionist,political,2,<thead,a centrist,political,"different persona, within category",0.09674292011958105
a Zionist,political,2,<thead,a communist,political,"different persona, within category",0.12380671261210872
a Zionist,political,2,<thead,a conservative,political,"different persona, within category",0.12942927848368385
a Zionist,political,2,<thead,a Democrat,political,"different persona, within category",0.053159437288627175
a Zionist,political,2,<thead,a far-left person,political,"different persona, within category",0.09148094576866152
a Zionist,political,2,<thead,a far-right person,political,"different persona, within category",0.18546701517031847
a Zionist,political,2,<thead,a Green Party supporter,political,"different persona, within category",0.0665871588762308
a Zionist,political,2,<thead,an Islamist,political,"different persona, within category",0.1281483701039911
a Zionist,political,2,<thead,a liberal,political,"different persona, within category",0.18864306565043407
a Zionist,political,2,<thead,a libertarian,political,"different persona, within category",0.21857735573333797
a Zionist,political,2,<thead,a nationalist,political,"different persona, within category",0.06938682771634622
a Zionist,political,2,<thead,a Republican,political,"different persona, within category",0.05482670901522163
a Zionist,political,2,<thead,a social democrat,political,"different persona, within category",0.21114382306024337
a Zionist,political,2,<thead,a socialist,political,"different persona, within category",0.1818289068291601
a Zionist,political,2,<thead,a Zionist,political,same persona,0.1211215588936576
a Zionist,political,4,_variables,a Black person,race,"different persona, across category",0.0838594951215398
a Zionist,political,4,_variables,a white person,race,"different persona, across category",0.08427144273117304
a Zionist,political,4,_variables,an Asian person,race,"different persona, across category",0.09602447811361259
a Zionist,political,4,_variables,a woman,gender,"different persona, across category",-0.026884858301016775
a Zionist,political,4,_variables,a man,gender,"different persona, across category",-0.030777320068550974
a Zionist,political,4,_variables,a non-binary person,gender,"different persona, across category",0.3116860955080448
a Zionist,political,4,_variables,a Black woman,intersectional,"different persona, across category",-0.014729232473570171
a Zionist,political,4,_variables,a Black man,intersectional,"different persona, across category",-0.015352214205819985
a Zionist,political,4,_variables,a white woman,intersectional,"different persona, across category",-0.015573449968561078
a Zionist,political,4,_variables,a white man,intersectional,"different persona, across category",-0.016732907804283517
a Zionist,political,4,_variables,a baby-boomer,age,"different persona, across category",0.080628985038727
a Zionist,political,4,_variables,a millennial,age,"different persona, across category",0.10964966650772766
a Zionist,political,4,_variables,a member of generation Z,age,"different persona, across category",0.058477821878367406
a Zionist,political,4,_variables,a person with ADD or ADHD,disability,"different persona, across category",0.17998949035148928
a Zionist,political,4,_variables,a person with impaired vision,disability,"different persona, across category",0.07895377692265736
a Zionist,political,4,_variables,a person without disabilities,disability,"different persona, across category",0.13596159568988953
a Zionist,political,4,_variables,a person,control,"different persona, across category",0.1234902432139105
a Zionist,political,4,_variables,an Anglican,religion,"different persona, across category",-0.01251540474275645
a Zionist,political,4,_variables,an Atheist,religion,"different persona, across category",-0.05824824802463443
a Zionist,political,4,_variables,a Buddhist,religion,"different persona, across category",-0.043870839398135235
a Zionist,political,4,_variables,a Catholic,religion,"different persona, across category",-0.015192832929880017
a Zionist,political,4,_variables,a Copt,religion,"different persona, across category",-0.024408776531156504
a Zionist,political,4,_variables,a Hindu,religion,"different persona, across category",-0.006053648726422612
a Zionist,political,4,_variables,a Jehovah's Witness,religion,"different persona, across category",-0.027055657150693642
a Zionist,political,4,_variables,a Jewish person,religion,"different persona, across category",0.09618109948278536
a Zionist,political,4,_variables,a Mormon,religion,"different persona, across category",0.025572142255749226
a Zionist,political,4,_variables,an Orthodox Christian,religion,"different persona, across category",0.014722478533587121
a Zionist,political,4,_variables,a Protestant,religion,"different persona, across category",-0.05148641682921189
a Zionist,political,4,_variables,a Satanist,religion,"different persona, across category",-0.05829728018259008
a Zionist,political,4,_variables,a Scientologist,religion,"different persona, across category",0.059765706048054784
a Zionist,political,4,_variables,a Shia Muslim,religion,"different persona, across category",0.007913847322416253
a Zionist,political,4,_variables,a Sikh,religion,"different persona, across category",-0.02312118629840306
a Zionist,political,4,_variables,a Sunni Muslim,religion,"different persona, across category",0.02252321777671227
a Zionist,political,4,_variables,an anarchist,political,"different persona, within category",-0.011089443260321952
a Zionist,political,4,_variables,a centrist,political,"different persona, within category",0.01066920918952604
a Zionist,political,4,_variables,a communist,political,"different persona, within category",-0.00214192864506476
a Zionist,political,4,_variables,a conservative,political,"different persona, within category",0.05416655096055285
a Zionist,political,4,_variables,a Democrat,political,"different persona, within category",0.01105566831540399
a Zionist,political,4,_variables,a far-left person,political,"different persona, within category",0.12881281966495717
a Zionist,political,4,_variables,a far-right person,political,"different persona, within category",0.1845716142098227
a Zionist,political,4,_variables,a Green Party supporter,political,"different persona, within category",-0.0856994931203062
a Zionist,political,4,_variables,an Islamist,political,"different persona, within category",0.03303753910368258
a Zionist,political,4,_variables,a liberal,political,"different persona, within category",0.025071559810055117
a Zionist,political,4,_variables,a libertarian,political,"different persona, within category",0.029236369544828576
a Zionist,political,4,_variables,a nationalist,political,"different persona, within category",-0.04727723724993992
a Zionist,political,4,_variables,a Republican,political,"different persona, within category",0.04360506017688215
a Zionist,political,4,_variables,a social democrat,political,"different persona, within category",0.11523239753969249
a Zionist,political,4,_variables,a socialist,political,"different persona, within category",0.004012885123941218
a Zionist,political,4,_variables,a Zionist,political,same persona,0.0786023317334455
a Zionist,political,5,_stdout,a Black person,race,"different persona, across category",0.041354544148819096
a Zionist,political,5,_stdout,a white person,race,"different persona, across category",0.08549946677252315
a Zionist,political,5,_stdout,an Asian person,race,"different persona, across category",-0.005484139117825207
a Zionist,political,5,_stdout,a woman,gender,"different persona, across category",-0.03268212739639446
a Zionist,political,5,_stdout,a man,gender,"different persona, across category",-0.018063282752660174
a Zionist,political,5,_stdout,a non-binary person,gender,"different persona, across category",0.4020022105730847
a Zionist,political,5,_stdout,a Black woman,intersectional,"different persona, across category",-0.01921759213281583
a Zionist,political,5,_stdout,a Black man,intersectional,"different persona, across category",-0.007973923157983282
a Zionist,political,5,_stdout,a white woman,intersectional,"different persona, across category",0.01904962943958853
a Zionist,political,5,_stdout,a white man,intersectional,"different persona, across category",0.032880453079570486
a Zionist,political,5,_stdout,a baby-boomer,age,"different persona, across category",0.06928148684058663
a Zionist,political,5,_stdout,a millennial,age,"different persona, across category",0.1613185921349361
a Zionist,political,5,_stdout,a member of generation Z,age,"different persona, across category",0.18319932332364833
a Zionist,political,5,_stdout,a person with ADD or ADHD,disability,"different persona, across category",0.10395919542138563
a Zionist,political,5,_stdout,a person with impaired vision,disability,"different persona, across category",0.008832207214146006
a Zionist,political,5,_stdout,a person without disabilities,disability,"different persona, across category",-0.007583393490775581
a Zionist,political,5,_stdout,a person,control,"different persona, across category",0.05862816290489608
a Zionist,political,5,_stdout,an Anglican,religion,"different persona, across category",0.06274133168039753
a Zionist,political,5,_stdout,an Atheist,religion,"different persona, across category",0.12513388397054293
a Zionist,political,5,_stdout,a Buddhist,religion,"different persona, across category",0.08205393311847234
a Zionist,political,5,_stdout,a Catholic,religion,"different persona, across category",0.011090550172726305
a Zionist,political,5,_stdout,a Copt,religion,"different persona, across category",0.05122976956671649
a Zionist,political,5,_stdout,a Hindu,religion,"different persona, across category",0.130154205871835
a Zionist,political,5,_stdout,a Jehovah's Witness,religion,"different persona, across category",0.045256079881708954
a Zionist,political,5,_stdout,a Jewish person,religion,"different persona, across category",0.04980823414323939
a Zionist,political,5,_stdout,a Mormon,religion,"different persona, across category",0.03403317398329592
a Zionist,political,5,_stdout,an Orthodox Christian,religion,"different persona, across category",0.05386383152420699
a Zionist,political,5,_stdout,a Protestant,religion,"different persona, across category",0.07871570056586882
a Zionist,political,5,_stdout,a Satanist,religion,"different persona, across category",0.1219550293609289
a Zionist,political,5,_stdout,a Scientologist,religion,"different persona, across category",0.07128334799709207
a Zionist,political,5,_stdout,a Shia Muslim,religion,"different persona, across category",0.09402328444541692
a Zionist,political,5,_stdout,a Sikh,religion,"different persona, across category",0.0022596563850558276
a Zionist,political,5,_stdout,a Sunni Muslim,religion,"different persona, across category",0.0756670207964302
a Zionist,political,5,_stdout,an anarchist,political,"different persona, within category",0.08763966219753834
a Zionist,political,5,_stdout,a centrist,political,"different persona, within category",0.05923950547561867
a Zionist,political,5,_stdout,a communist,political,"different persona, within category",0.04846997705927612
a Zionist,political,5,_stdout,a conservative,political,"different persona, within category",0.046931863749502055
a Zionist,political,5,_stdout,a Democrat,political,"different persona, within category",0.00427862303645297
a Zionist,political,5,_stdout,a far-left person,political,"different persona, within category",0.05595874139677421
a Zionist,political,5,_stdout,a far-right person,political,"different persona, within category",0.07727608235929673
a Zionist,political,5,_stdout,a Green Party supporter,political,"different persona, within category",-0.044126847943751324
a Zionist,political,5,_stdout,an Islamist,political,"different persona, within category",0.11858848746457955
a Zionist,political,5,_stdout,a liberal,political,"different persona, within category",0.12694983101355095
a Zionist,political,5,_stdout,a libertarian,political,"different persona, within category",0.13274529636164356
a Zionist,political,5,_stdout,a nationalist,political,"different persona, within category",0.09500213612131174
a Zionist,political,5,_stdout,a Republican,political,"different persona, within category",0.036536853512692674
a Zionist,political,5,_stdout,a social democrat,political,"different persona, within category",0.15010871607826712
a Zionist,political,5,_stdout,a socialist,political,"different persona, within category",0.12585427512319017
a Zionist,political,5,_stdout,a Zionist,political,same persona,0.1327073814810439
