elo_rank,name,elo_score,elo_matches
1,Universe,1669,1372
2,Water,1661,1883
3,Information,1645,440
4,Knowledge,1637,726
5,Love,1626,1941
6,Happiness,1622,1845
7,Gravity,1612,1713
8,Health,1609,803
9,Earth,1608,3088
10,Friendship,1606,1659
11,Nature,1606,1623
12,Oxygen,1605,1857
13,Brain,1604,682
14,Thought,1602,588
15,Light,1601,882
16,Sleep,1598,1900
17,Breathing,1598,756
18,Empathy,1587,496
19,Curiosity,1585,1783
20,Sun,1584,1331
21,Creativity,1583,115
22,Consciousness,1583,1317
23,Sunlight,1583,1710
24,Joy,1580,1825
25,Self-awareness,1580,133
26,Matter,1579,685
27,Eating,1579,293
28,Language,1576,587
29,Learning,1572,735
30,Drinking water,1571,432
31,Truth,1571,982
32,Idea,1570,395
33,Freedom of choice,1570,511
34,The Internet,1569,2003
35,Honesty,1569,249
36,Wisdom,1568,1082
37,Humour,1567,916
38,Female body shape,1566,513
39,Memory,1566,471
40,Choice,1565,96
41,Intelligence,1557,1110
42,Peace,1555,472
43,Internet,1555,1816
44,Orgasm,1553,2657
45,Human sexual activity,1550,667
46,Biology,1549,703
47,Freedom of speech,1544,1595
48,Technology,1544,911
49,Time,1543,766
50,Music,1543,1924
51,Immune system,1540,430
52,Atmosphere of Earth,1540,488
53,Living,1539,774
54,Hope,1536,668
55,Writing,1533,1878
56,Reality,1531,752
57,Family,1531,1629
58,Big Bang,1530,1589
59,Unconditional love,1529,719
60,Writing system,1528,494
61,Sexual intercourse,1528,1746
62,Human rights,1522,115
63,Comedy,1522,383
64,Imagination,1521,574
65,Evolution,1520,3195
66,Atmosphere,1519,1378
67,Affection,1519,354
68,Laughter,1517,692
69,Sex,1516,310
70,Loyalty,1516,868
71,DNA,1515,1480
72,Forgiveness,1515,1797
73,Compassion,1512,1889
74,Democracy,1511,1697
75,Communication,1511,354
76,Electricity,1511,2559
77,Independence,1510,438
78,Sexual arousal,1510,1537
79,Electronics,1510,39
80,Sense of wonder,1509,292
81,Milky Way,1508,831
82,History,1508,1571
83,Sound,1507,1411
84,Woman,1506,1672
85,Making out,1506,176
86,Reading,1506,373
87,Natural science,1504,76
88,Scientific method,1504,369
89,Star,1503,255
90,Agriculture,1503,917
91,Leisure,1501,160
92,Nervous system,1501,367
93,Meaning of life,1500,306
94,Heart,1500,327
95,Computer,1497,118
96,Energy,1497,449
97,Problem solving,1496,443
98,Storytelling,1495,354
99,General relativity,1495,580
100,Health care,1495,462
101,Drinking,1494,400
102,Altruism,1494,666
103,Cell (biology),1492,428
104,Woman on top,1491,1452
105,Art,1491,622
106,DNA replication,1490,452
107,Nutrition,1489,234
108,White blood cell,1489,375
109,Peaceful transition of power,1489,105
110,Innovation,1488,669
111,Cleavage (breasts),1488,664
112,Natural environment,1488,83
113,Romance (love),1488,1296
114,Sense,1487,625
115,Education,1486,773
116,Culture,1486,235
117,Freethought,1484,462
118,Atom,1483,452
119,People,1483,461
120,Emotional intelligence,1483,123
121,Ethics,1482,483
122,Computer program,1482,440
123,Helping behavior,1481,1383
124,Reading comprehension,1480,105
125,Utopia,1480,1136
126,Privacy,1479,508
127,Number,1478,1666
128,Physical intimacy,1478,397
129,Separation of church and state,1475,707
130,Depth perception,1475,1512
131,Medicine,1474,413
132,Dimension,1473,261
133,Virtue,1473,477
134,Library and information science,1473,299
135,Speech,1472,468
136,Freedom of the press,1472,331
137,Exploration,1472,412
138,Vaccine,1471,1662
139,Personal computer,1471,1907
140,Healing,1471,208
141,Soul,1471,1235
142,Research,1471,104
143,Planet,1471,409
144,Forest,1470,627
145,Plant,1470,1224
146,Calmness,1470,184
147,Randomness,1468,1613
148,Individual,1468,246
149,Teamwork,1468,191
150,Emotion,1467,875
151,Human sexuality,1467,105
152,Public transport,1467,1815
153,Poverty reduction,1466,36
154,Women's suffrage,1466,340
155,Universal health care,1465,447
156,Probability,1464,479
157,Ecstasy (emotion),1464,363
158,Heat,1463,619
159,Skin,1463,499
160,Justice,1462,961
161,Breast,1462,440
162,Dignity,1462,304
163,Future,1461,288
164,Moon,1461,1824
165,Tree,1461,1663
166,Women's rights,1461,1250
167,Electromagnetism,1460,631
168,Sharing,1459,1767
169,Bread,1459,1858
170,Morality,1459,756
171,Cooking,1458,884
172,Freedom of movement,1458,140
173,Rain,1458,1831
174,Lung,1457,630
175,Joke,1456,1086
176,Cat,1456,2048
177,Pet,1455,744
178,Vacation,1455,517
179,Paid time off,1455,488
180,Ocean,1455,425
181,Physical attractiveness,1453,665
182,Walking,1453,660
183,Industrial Revolution,1453,1919
184,Bathing,1452,567
185,Literacy,1451,42
186,Self-actualization,1451,656
187,Nap,1451,769
188,Hand,1450,562
189,Hydrogen,1450,920
190,Color,1450,450
191,Amazon rainforest,1450,445
192,Community,1450,1603
193,Instinct,1450,659
194,Hourglass figure,1450,440
195,Hyperspace,1450,80
196,Map,1449,445
197,Humanity,1449,278
198,Mass,1449,467
199,Sea,1449,426
200,Conversation,1449,503
201,Research and development,1448,120
202,Contemplation,1448,134
203,Black people,1448,2062
204,Flight,1448,664
205,Emancipation,1447,97
206,Conservation of energy,1446,415
207,Library,1446,1424
208,Contentment,1446,1427
209,Flirting,1445,382
210,Neuroscience,1444,789
211,Taste,1444,281
212,Chocolate,1444,1777
213,Credibility,1444,348
214,Antibody,1443,484
215,Sunrise,1443,1581
216,History of writing,1443,235
217,Optimism,1442,1565
218,Air conditioning,1442,1742
219,Wheel,1442,470
220,Tap water,1441,785
221,Heaven,1441,1188
222,Your Best Friend,1441,1620
223,Beach,1441,419
224,Wikipedia,1441,1964
225,Listening,1441,664
226,Autumn,1441,1522
227,Ice cream,1441,1853
228,Historic preservation,1440,43
229,Pizza,1440,2011
230,World Wide Web,1440,102
231,Sunset,1440,1571
232,Carbon,1440,1530
233,Hearing,1439,464
234,Salt,1439,1624
235,Work (human activity),1439,377
236,Nudity,1437,168
237,Vegetable,1437,444
238,Neurodiversity,1437,530
239,Body shape,1437,82
240,Refrigeration,1437,497
241,Aesthetics,1436,497
242,Italian cuisine,1436,456
243,Proton,1436,394
244,Speed of light,1436,315
245,Belief,1435,115
246,Clitoris,1435,1128
247,Cleaning,1435,85
248,Sibling,1434,636
249,Printing press,1434,1526
250,Sanitation,1433,1392
251,Albert Einstein,1433,1547
252,Recreation,1432,456
253,Thumb,1432,619
254,Liberalism,1432,278
255,Courtesy,1432,113
256,Courage,1432,1530
257,Father,1431,656
258,Painting,1431,319
259,Word,1431,323
260,Seasoning,1431,117
261,Motivation,1431,392
262,Smile,1430,731
263,Self-determination,1430,132
264,Musical instrument,1430,315
265,Data,1430,649
266,Laptop,1429,799
267,Fact,1429,86
268,Ozone layer,1427,318
269,International trade,1426,1336
270,Dessert,1426,320
271,Antibiotic,1426,1619
272,Charity (practice),1425,570
273,Ultimate fate of the universe,1425,578
274,Mathematical proof,1425,81
275,Missionary position,1425,834
276,Space exploration,1425,357
277,Exercise,1424,744
278,Martin Luther King Jr.,1424,1486
279,Trade,1424,471
280,Honour,1424,302
281,Physical chemistry,1423,676
282,Biological immortality,1423,626
283,Mathematician,1423,447
284,Nuclear fusion,1423,324
285,Combustion,1422,306
286,Man,1422,1467
287,Platonic love,1422,511
288,Parent,1422,456
289,Freedom of religion,1422,411
290,Luck,1422,379
291,Party,1421,111
292,Algebra,1421,1740
293,Singing,1421,713
294,Ideal (ethics),1420,514
295,Causality,1420,607
296,Mercy,1420,289
297,Strawberry,1420,459
298,Perception,1420,300
299,Gender equality,1420,496
300,Film,1420,1032
301,Symmetry,1419,131
302,Surgery,1419,1671
303,Toplessness,1419,952
304,Face,1418,401
305,Garlic bread,1418,862
306,Safe sex,1418,224
307,Solar power,1418,761
308,I Have a Dream,1418,103
309,Fruit,1417,427
310,Honey,1417,1503
311,Taco,1417,2484
312,Community development,1416,115
313,Summer,1416,1533
314,Quantum mechanics,1416,1538
315,Addition,1415,125
316,Science fiction,1415,85
317,Philosophy,1415,1356
318,Fire,1415,1676
319,Sky,1414,461
320,Kiss,1414,1448
321,Fiction,1414,288
322,Power (physics),1414,360
323,Preservation (library and archive),1414,43
324,Flora,1414,766
325,Farm,1413,369
326,Victory,1413,776
327,Cheese,1413,1642
328,Plumbing,1412,751
329,Travel,1412,104
330,Open source,1412,556
331,Everyday life,1412,103
332,Literature,1411,76
333,Semiconductor,1411,453
334,Universal basic income,1411,1318
335,Green,1410,1049
336,Cookie,1410,1508
337,Bliss (image),1410,125
338,Rice,1410,1769
339,Human bonding,1410,89
340,Diagram,1410,328
341,Refrigerator,1409,1798
342,Landscape,1409,394
343,Nature reserve,1409,94
344,Four-day workweek,1409,488
345,Printing,1409,58
346,Pinwheel Galaxy,1409,401
347,Cradle of civilization,1409,281
348,Intention,1408,119
349,Kidney,1408,554
350,Free content,1408,687
351,Mountain,1408,422
352,Dog,1408,1655
353,Breakfast,1407,1743
354,Fusion power,1407,1595
355,Clothing,1407,1588
356,Electron,1407,406
357,Pulse,1406,77
358,Areola,1406,486
359,Patience,1406,615
360,Ice cream sandwich,1406,454
361,High-speed rail,1406,494
362,Renaissance,1406,1763
363,Eclipse,1405,119
364,Nikola Tesla,1405,1517
365,Bone,1405,412
366,Curry,1405,1413
367,Rock and roll,1405,1530
368,Precipitation,1404,431
369,Shower,1404,1591
370,Pasta,1403,1821
371,Blue,1403,806
372,Architecture,1403,146
373,Astrophysics,1402,328
374,Particle,1402,278
375,Electronic engineering,1402,154
376,Birth control,1401,1592
377,Communal work,1401,192
378,Flower,1401,685
379,Euphoria,1401,298
380,Smartphone,1401,439
381,Firefighting,1401,416
382,Harmony,1401,106
383,Student,1401,411
384,Natural selection,1400,84
385,Safety,1400,440
386,Road,1400,442
387,Periodic table,1400,684
388,School,1399,1195
389,Potato,1399,1510
390,American English,1399,112
391,Self-esteem,1399,138
392,Algorithm,1399,377
393,Moral responsibility,1399,259
394,Ice,1399,1511
395,Agreeableness,1399,49
396,Hospital,1399,690
397,Europe,1399,1735
398,Humility,1398,842
399,Melody,1398,399
400,Irrigation,1398,777
401,Isaac Newton,1398,1620
402,Logo,1398,37
403,Determinism,1398,114
404,Job satisfaction,1398,103
405,Birth,1398,692
406,Raspberry,1398,1637
407,God,1397,1518
408,Programming language,1397,712
409,Cunnilingus,1397,1148
410,Trust (social science),1396,273
411,Blood,1396,1396
412,Automation,1396,505
413,Visual perception,1396,533
414,Cuteness,1395,1621
415,Western world,1395,104
416,Self-referential humor,1395,133
417,Vulva,1395,1173
418,Geography,1394,1394
419,Somatosensory system,1394,947
420,Wood,1394,1744
421,Mobile phone,1394,1783
422,Noodle,1393,691
423,Penicillin,1393,1005
424,Fellatio,1393,1258
425,Triangle,1393,356
426,Election,1393,381
427,Neurobiological effects of physical exercise,1393,299
428,Logistics,1393,791
429,Enlightenment (spiritual),1393,1324
430,Lunch,1393,787
431,Metaphysics,1392,433
432,YouTube,1392,1563
433,Leonardo da Vinci,1392,1504
434,Chocolate milk,1392,1668
435,Zoology,1392,1479
436,Central processing unit,1391,334
437,Nose,1391,1375
438,College,1391,503
439,Translation,1391,114
440,Complexity,1391,533
441,Magic realism,1391,300
442,Rationalism,1390,1296
443,Programmer,1390,412
444,Egg,1390,1675
445,Handjob,1390,506
446,Masturbation,1389,1512
447,Building,1389,43
448,RNA,1389,418
449,Gynoid fat distribution,1389,419
450,Photography,1389,675
451,Pacific Ocean,1388,1480
452,Recursive islands and lakes,1388,582
453,Rotation,1388,370
454,Golden ratio,1388,1344
455,Arm,1388,476
456,Peer review,1388,1408
457,Serotonin,1388,269
458,Bird,1387,1729
459,Wind,1387,382
460,Gene,1387,197
461,Ancient Greece,1387,624
462,Salary,1387,293
463,Philanthropy,1387,470
464,The Persistence of Memory,1386,1434
465,Garden,1386,1555
466,Finger,1386,717
467,Animal cognition,1386,458
468,G-spot,1386,223
469,Elliptical galaxy,1386,898
470,Cherry blossom,1386,253
471,"Life, Liberty and the pursuit of Happiness",1386,321
472,Elegance,1386,439
473,Cash,1386,1731
474,Parenting,1386,751
475,Physician,1385,646
476,Bridge,1385,1718
477,Geometry,1385,52
478,Giza pyramid complex,1385,350
479,Black hole,1385,1634
480,Electric guitar,1385,187
481,Photograph,1385,286
482,Satellite Internet access,1385,1272
483,Eternal youth,1384,665
484,Advocate,1384,95
485,Brother,1384,289
486,Neutron star,1384,542
487,Sex education,1384,174
488,Sport,1384,422
489,Doggy style,1383,769
490,Please,1383,72
491,Piano,1383,1336
492,Toilet,1383,66
493,Therapy,1383,1673
494,Roof,1383,568
495,Handbra,1382,474
496,Irony,1382,616
497,Stretching,1382,813
498,Occupational safety and health,1382,344
499,Open-source software,1381,560
500,Myth,1381,126
501,Food preservation,1381,402
502,Superconductivity,1380,304
503,Tea,1380,1450
504,Snow,1380,795
505,Google Search,1380,247
506,Puppy,1380,1580
507,Hair,1380,301
508,Soap,1380,1593
509,Schedule,1380,66
510,List of natural phenomena,1379,69
511,Rail transport,1379,1429
512,Multiracial people,1379,659
513,Journalism,1379,99
514,See-through clothing,1379,191
515,Water wheel,1379,34
516,Acceleration,1378,359
517,Fibonacci sequence,1378,669
518,Beaver,1377,1516
519,Preventive healthcare,1377,118
520,Anti-fascism,1377,443
521,Holiday,1377,663
522,Steam engine,1377,1312
523,Engine,1377,728
524,Determination,1376,129
525,Stairs,1376,374
526,Statistics,1376,458
527,Vocal harmony,1376,170
528,Toilet paper,1376,1644
529,Bicycle,1376,2213
530,Mars,1376,1664
531,Pad thai,1376,1356
532,Flush toilet,1375,713
533,Retirement,1375,476
534,Nudity in film,1375,181
535,Signing of the United States Declaration of Independence,1375,191
536,Meat,1375,456
537,Seven Wonders of the Ancient World,1374,281
538,Neptune,1374,1222
539,Alphabet,1374,87
540,Mathematical optimization,1374,1186
541,Erection,1374,224
542,United States Declaration of Independence,1374,582
543,Cornea,1374,413
544,NASA,1374,1676
545,Waterfall,1373,429
546,Blanket,1373,1556
547,Dragon,1373,1332
548,Speed,1373,670
549,Surgeon,1373,114
550,James Webb Space Telescope,1373,1531
551,Penguin,1372,1787
552,French kiss,1372,406
553,Criticism,1372,126
554,Set theory,1371,1591
555,Miracle,1371,337
556,Calendar,1371,125
557,Mitochondrion,1371,401
558,Sandwich,1371,1411
559,Electric battery,1371,49
560,Pie,1371,1082
561,Visual acuity,1370,90
562,Steel,1370,297
563,Fjord,1370,281
564,Free love,1370,399
565,Airplane,1370,1791
566,Quantum computing,1370,528
567,Mentorship,1370,335
568,Covalent bond,1369,404
569,Socrates,1368,1722
570,Worldbuilding,1368,355
571,Japanese people,1368,1970
572,Leg,1368,463
573,Equality,1368,360
574,Debate,1368,350
575,Nirvana,1368,390
576,Emancipation Proclamation,1367,68
577,Bumblebee,1367,541
578,Drawing,1367,102
579,Software development,1367,423
580,Telephone,1367,1479
581,Metaphor,1367,312
582,Fingering (sexual act),1367,727
583,Breastfeeding,1367,1441
584,Cute aggression,1367,1208
585,Birthday,1367,92
586,Doctor of Philosophy,1367,275
587,Carbohydrate,1367,899
588,Sushi,1367,1288
589,Revolution,1367,469
590,"Rome, Italy",1366,1578
591,Self-organization,1366,135
592,University,1366,526
593,Radio,1366,1796
594,Quest,1366,84
595,Google Maps,1366,1430
596,Insulin,1366,260
597,Crow,1365,1377
598,Silence,1365,676
599,Reliability,1365,832
600,Yellow,1365,901
601,Town,1365,278
602,Vowel,1365,539
603,Neutron,1365,383
604,Strategy,1365,79
605,Cheeseburger,1365,1536
606,Black cat,1364,486
607,Nitrogen,1364,1333
608,Phosphorescence,1364,76
609,Dictionary,1364,1068
610,Encyclopedia,1364,300
611,Winter,1364,1361
612,Variance,1364,356
613,Right to repair,1364,440
614,Board game,1364,907
615,Farmers' market,1364,195
616,Japan,1364,1593
617,Genius,1364,263
618,"Tokyo, Japan",1363,1439
619,Cartoon Network,1363,45
620,Normal distribution,1363,454
621,Sign language,1362,89
622,Hard disk drive,1362,451
623,Pointing,1362,357
624,Cultural impact of Star Wars,1362,55
625,Lemonade,1362,1481
626,Mindfulness,1362,963
627,Trade union,1362,284
628,Soil,1361,754
629,Sundial,1361,40
630,Queen (band),1361,1457
631,Grammar,1361,400
632,Wave–particle duality,1361,530
633,Cheesemaking,1361,279
634,Laser,1361,425
635,Nuclear power,1361,775
636,Early childhood education,1361,424
637,Infinite monkey theorem,1361,397
638,Recorded history,1360,43
639,Athens,1360,813
640,Wheat,1360,771
641,Organic chemistry,1360,688
642,Indian cuisine,1360,671
643,COVID-19 vaccine,1360,540
644,Time management,1360,371
645,Cognitive behavioral therapy,1360,821
646,Duck,1359,394
647,Laboratory,1359,81
648,Restaurant,1359,332
649,Epic of Gilgamesh,1359,501
650,Height,1359,707
651,Eggs as food,1359,1809
652,Perpetual motion,1359,385
653,Indigenous peoples,1359,105
654,Sequoiadendron giganteum,1359,450
655,Social democracy,1358,1074
656,Blinking,1358,481
657,String theory,1358,203
658,Teaching method,1358,31
659,Overwhelmingly Large Telescope,1358,361
660,Hardness,1358,86
661,Thank you,1357,35
662,Watermelon,1357,394
663,Spaghetti,1357,1360
664,Cognitive neuroscience,1357,60
665,Liver,1357,992
666,Camping,1357,622
667,Tutoring,1357,54
668,Picnic,1357,1555
669,Pyramids of Giza,1356,1474
670,Cake,1356,1329
671,Butter,1356,1629
672,Battery charger,1356,189
673,Mount Everest,1356,1357
674,Spoons sex position,1356,468
675,Perceptual learning,1356,123
676,Chemical substance,1356,464
677,Grand Canyon,1356,1368
678,Graphics card,1355,286
679,Turing machine,1355,650
680,Emergency department,1355,595
681,Japanese cuisine,1355,491
682,Prophecy,1355,158
683,Hamburger,1355,1468
684,Peach,1355,245
685,Magnet,1355,312
686,Glasses,1355,493
687,Industrialisation,1355,248
688,Innocence,1355,332
689,Identity,1355,870
690,Power station,1355,897
691,Calculus,1355,524
692,Charity,1354,448
693,Uranus,1354,465
694,Silicon,1354,686
695,1960s,1354,189
696,Orange (colour),1354,811
697,Calico cat,1353,1345
698,Smartwatch,1353,23
699,Language processing in the brain,1353,120
700,Galileo Galilei,1353,1403
701,Tourism,1353,133
702,Music genre,1353,80
703,Creative writing,1353,316
704,Red fox,1353,1321
705,Heterosexuality,1352,1370
706,Concrete,1352,442
707,Website,1352,1262
708,Deep learning,1352,1277
709,Cryptography,1352,1526
710,Behavior,1352,757
711,The Great Barrier Reef,1352,1486
712,Page numbering,1352,137
713,Bob Ross,1352,1296
714,Neural network,1352,1328
715,Building insulation,1352,42
716,Philosophy of mathematics,1352,717
717,Wish,1352,495
718,Chess,1352,2282
719,Freckle,1352,77
720,Carbon dioxide removal,1351,234
721,Toothpaste,1351,397
722,Clock,1351,113
723,First Amendment to the United States Constitution,1351,633
724,Christmas,1351,1583
725,Internet meme,1351,1405
726,Search engine,1351,38
727,Ludwig van Beethoven,1351,1359
728,Aurora,1351,1115
729,Washing machine,1351,1714
730,Walt Disney Animation Studios,1351,61
731,Star Wars,1351,1312
732,Imaginary number,1351,581
733,Carfree city,1351,486
734,Remote work,1350,476
735,Sex in space,1350,165
736,Gmail,1350,252
737,Comparison,1350,287
738,Floor,1350,423
739,Ireland,1350,1506
740,Sperm,1350,337
741,Permaculture,1350,1219
742,Ramen,1349,1431
743,Natural number,1349,312
744,Suicide prevention,1349,599
745,Electrochemistry,1349,492
746,Libido,1349,280
747,Swimming,1349,1521
748,Geothermal power,1349,1194
749,London,1349,1426
750,Professional organizing,1349,24
751,Plato,1349,1510
752,Mirror,1349,502
753,Complete Works of Shakespeare,1349,1367
754,Allegory of the cave,1349,75
755,Bob Marley,1349,89
756,Mouth,1348,293
757,Frog,1348,351
758,Malcolm X,1348,116
759,The Starry Night,1348,1539
760,Robot,1348,368
761,Pocket,1348,187
762,Atlantic Ocean,1347,1408
763,Golden Retriever,1347,1737
764,Glass,1347,918
765,Mediterranean Sea,1347,1396
766,Star Wars: Episode IV - A New Hope,1347,1526
767,Density,1347,86
768,Candy,1347,382
769,Interracial marriage,1347,396
770,Theatre of ancient Greece,1347,113
771,Fraction,1347,401
772,Mammalian reproduction,1347,640
773,Extraterrestrial life,1347,355
774,Poetry,1347,310
775,J.R.R. Tolkien,1346,1591
776,Newspaper,1346,100
777,Runway,1346,31
778,Dark chocolate,1346,762
779,Quasar,1346,271
780,Entropy,1346,1294
781,Egyptian mythology,1346,432
782,Length,1346,80
783,Literary nonsense,1346,69
784,Hanging Gardens of Babylon,1345,323
785,Telescope,1345,291
786,Eyelid,1345,609
787,Indoor air quality,1345,337
788,Crystallization,1345,99
789,Americas,1345,376
790,Nuclear fission,1345,381
791,Lightning,1345,931
792,Crispiness,1345,713
793,Sugar,1345,603
794,Love at first sight,1345,297
795,Potato chip,1344,607
796,Berry,1344,475
797,Ear,1344,1442
798,Soup,1344,1335
799,Stonehenge,1344,1575
800,Social science,1344,181
801,Aristotle,1344,1386
802,Simulation,1344,116
803,Wormhole,1344,993
804,Cheesecake,1344,1612
805,Pyramid,1344,322
806,Gardening,1344,494
807,Vortex,1344,116
808,Joint,1343,82
809,Guitar,1343,1613
810,Aphrodite,1343,684
811,Email,1343,1421
812,Skepticism,1343,90
813,Pi,1343,1224
814,Tights,1343,590
815,Superintelligence,1343,691
816,Staycation,1343,124
817,Lust,1343,1571
818,Software,1342,1661
819,Elephant,1342,1609
820,Burrito,1342,1535
821,Pencil,1342,1443
822,Algebraic geometry,1342,836
823,Free market,1342,256
824,Inclined plane,1342,191
825,Octopus,1341,1660
826,Backpack,1341,1559
827,Tool use by non-humans,1341,440
828,Sculpture,1341,279
829,Oak,1341,409
830,Barbecue,1341,1317
831,Unified field theory,1341,410
832,Mango,1341,650
833,Stand-up comedy,1341,1575
834,Caffeine,1340,641
835,Screwdriver,1340,1360
836,Meme,1340,772
837,Big Dipper,1340,409
838,Leaf,1340,382
839,Wayback Machine,1340,460
840,Fork,1339,1248
841,Bikini,1339,1617
842,Liberal arts college,1339,117
843,Film director,1339,122
844,Femur,1339,424
845,Local anesthetic,1339,127
846,Bayesian statistics,1339,1379
847,Romanticism,1339,1548
848,Calculator,1339,472
849,Etiquette,1339,31
850,Glyph,1339,32
851,Thesis,1338,136
852,The Canterbury Tales,1338,158
853,Graduation,1338,48
854,Table (furniture),1338,1313
855,Light Bulb,1338,1444
856,Interior design,1338,118
857,Licking,1338,1203
858,Niagara Falls,1338,1594
859,Tree of the knowledge of good and evil,1338,292
860,Usability,1338,85
861,Shrubbery,1337,363
862,Pupil,1337,95
863,Chewing,1337,81
864,Transistor,1337,1243
865,Standardization,1337,421
866,Meteoroid,1337,927
867,Counting,1337,75
868,Awe,1337,73
869,Compass,1336,1508
870,Doodle,1336,34
871,Second law of thermodynamics,1336,304
872,Human hair color,1336,48
873,Ionic bonding,1336,301
874,Articles of Confederation,1336,167
875,Conference,1336,86
876,The Buddha,1336,1301
877,Ejaculation,1336,549
878,Wolf,1336,1238
879,Primary school,1336,500
880,Dimples of Venus,1336,448
881,Nintendo,1336,1276
882,Rebellion,1336,556
883,Banana,1335,1380
884,Intersectionality,1335,122
885,Skipping rope,1335,83
886,Orca,1335,1212
887,Library of Alexandria,1335,423
888,Subtitles,1335,1260
889,Rechargeable battery,1335,495
890,Existentialism,1335,313
891,Peacekeeping,1334,32
892,Egypt,1334,49
893,The,1334,441
894,Negative space,1334,251
895,Barcelona,1334,565
896,Skylight,1334,35
897,Play (theatre),1334,191
898,Microwave oven,1334,1609
899,Darkness,1334,720
900,Lactation,1334,310
901,Domino effect,1334,105
902,Snow leopard,1334,541
903,Tortilla,1334,395
904,Moisture,1334,190
905,Curve,1334,66
906,3D printing,1334,1626
907,Duct tape,1333,501
908,Emergency exit,1333,82
909,Gandalf,1333,444
910,Television show,1333,94
911,Wolfgang Amadeus Mozart,1333,1355
912,Toy,1333,132
913,Orange (fruit),1333,1580
914,Blue whale,1333,451
915,Longitude,1333,401
916,Tea culture,1332,1220
917,Caesar salad,1332,142
918,Garlic,1332,907
919,Climate engineering,1332,640
920,Acting,1332,212
921,Violet (color),1332,823
922,Audio engineer,1332,51
923,"Impression, Sunrise",1332,453
924,Synchronicity,1332,903
925,Application for employment,1332,100
926,Toothbrush,1332,1217
927,Iced tea,1332,1305
928,Goddess,1332,416
929,Bee,1332,1398
930,Doughnut,1332,1111
931,Language transfer,1332,104
932,69 (sex position),1332,810
933,Shorts,1331,188
934,Bass guitar,1331,1465
935,Scholarship,1331,439
936,Polar bear,1331,435
937,Bra,1331,210
938,Black tea,1331,421
939,Scandinavia,1331,196
940,The Lord of the Rings,1331,448
941,Star Wars (film),1331,211
942,Supportive housing,1331,87
943,Buttocks,1331,1282
944,Analog photography,1331,72
945,Goal,1331,125
946,Keyboard technology,1331,752
947,Jesus,1330,1463
948,Paint,1330,481
949,Anne Frank,1330,82
950,X-ray,1330,715
951,Python (programming language),1330,1407
952,Free the nipple,1330,143
953,Massachusetts Institute of Technology,1330,799
954,Clitoral hood,1330,628
955,Function (mathematics),1330,419
956,Birth certificate,1330,69
957,Textile,1329,218
958,Genre,1329,75
959,Steak,1329,1577
960,Alexander the Great,1329,316
961,Wikimedia Foundation,1329,321
962,Running,1329,1466
963,Weather satellite,1329,402
964,William Shakespeare,1329,1440
965,Shades of blue,1329,356
966,Castle,1329,417
967,Advocacy group,1328,100
968,Noise-cancelling headphones,1328,1647
969,Indian people,1328,286
970,Sand,1328,426
971,Fractal,1328,399
972,Return of the Jedi,1328,203
973,Cardboard,1328,150
974,Friends with benefits relationships,1327,366
975,Currency,1327,478
976,Pokémon (video game series),1327,189
977,Massage,1327,357
978,Norway,1327,746
979,Fish and chips,1327,1342
980,Sex organ,1327,594
981,Eyebrow,1327,109
982,Couch,1327,440
983,Downtown,1327,97
984,Marie Curie,1327,1420
985,Immigration,1326,1525
986,Modern art,1326,92
987,Diamond,1326,370
988,Sexual fetishism,1326,375
989,Square root,1326,147
990,Jazz Age,1326,106
991,White,1326,850
992,Milk,1326,1443
993,Pulsar,1326,84
994,Bookcase,1326,130
995,Shoe,1326,1432
996,Gold,1325,1610
997,Carnitas,1325,94
998,Vikings,1325,379
999,Lion,1325,1466
1000,Affordable Care Act,1325,257
1001,Squirrel,1325,1413
1002,Database,1325,416
1003,Code of law,1325,307
1004,Horizon,1325,113
1005,Tomato sauce,1325,38
1006,American Revolution,1325,90
1007,Dolphin,1325,1670
1008,Jazz,1325,1406
1009,Chicken as food,1325,127
1010,Swiss chocolate,1324,590
1011,Basil,1324,1456
1012,Choir,1324,111
1013,Mathematics in the medieval Islamic world,1324,393
1014,In-joke,1324,236
1015,Pluto,1324,1501
1016,Topology,1324,295
1017,Cube,1324,1418
1018,Giraffe,1324,1573
1019,Batman,1324,1478
1020,Dumpling,1324,1591
1021,Guitar solo,1323,294
1022,Colosseum,1323,1342
1023,Not safe for work,1323,207
1024,Peanut butter,1323,1588
1025,Cave,1323,383
1026,Artificial intelligence,1323,1519
1027,Rabbit,1323,1534
1028,Gameplay,1323,89
1029,Guide dog,1323,98
1030,Integer,1322,429
1031,Scrambled eggs,1322,255
1032,Sheep,1322,1450
1033,Health psychology,1322,468
1034,Venus,1322,1468
1035,Guacamole,1322,598
1036,Google,1322,1504
1037,Exhibitionism,1322,727
1038,Tokyo,1322,1131
1039,Testosterone,1322,371
1040,Professor,1322,216
1041,Pineapple,1322,743
1042,Law and order,1322,741
1043,Silent Spring,1322,104
1044,Flea market,1321,347
1045,Douglas Adams,1321,74
1046,Sherlock Holmes,1321,1647
1047,Christmas tree,1321,393
1048,Coffee,1321,1460
1049,Nepal,1321,20
1050,Institution,1321,40
1051,Fourth Amendment to the United States Constitution,1321,160
1052,Marble,1321,302
1053,Cherry pie,1321,889
1054,Wool,1321,125
1055,Movie theater,1321,1393
1056,Science fiction fandom,1321,94
1057,Boat,1321,1584
1058,Hotel,1320,201
1059,Aluminium foil,1320,1437
1060,Louis Pasteur,1320,1446
1061,Group sex,1320,1147
1062,Post-it note,1320,121
1063,Go Topless Day,1320,301
1064,Fluid mechanics,1320,859
1065,Opinion,1320,264
1066,Signal processing,1320,250
1067,Möbius strip,1320,920
1068,Mark Twain,1320,1611
1069,Watch,1320,57
1070,Art Deco,1320,93
1071,Chicken,1320,1603
1072,15-minute city,1320,774
1073,Shades of green,1320,222
1074,Largest known prime number,1320,373
1075,Insulin pump,1320,244
1076,Helium,1319,717
1077,Sodium,1319,638
1078,Free and open-source software,1319,442
1079,Synthesizer,1319,1645
1080,Traditional animation,1319,1676
1081,Letterform,1319,67
1082,Public policy,1319,301
1083,Horse,1319,1345
1084,Civil disobedience,1319,291
1085,Abraham Lincoln,1319,1478
1086,Ernest Hemingway,1319,193
1087,Internal combustion engine,1318,1405
1088,Gender fluidity,1318,108
1089,Sunday,1318,97
1090,Linear regression,1318,396
1091,Album,1318,196
1092,Nude swimming,1318,597
1093,Opportunism,1318,295
1094,Teal,1318,220
1095,2010s,1318,184
1096,Lace,1318,97
1097,Sliced bread,1318,481
1098,Nursing,1318,23
1099,Cycling,1317,889
1100,Samurai,1317,295
1101,Uncertainty principle,1317,682
1102,Upload,1317,36
1103,Ape,1317,44
1104,Editing,1317,34
1105,Standard Model,1317,477
1106,Stephen Hawking,1317,424
1107,Whole Earth Catalog,1317,51
1108,Mount Kilimanjaro,1317,1530
1109,Wood flooring,1317,100
1110,Headphones,1317,1502
1111,Lady Godiva,1317,91
1112,Achilles,1317,365
1113,Jimmy John's,1317,42
1114,Reincarnation,1317,476
1115,Onion,1317,484
1116,Pancake,1317,282
1117,Chinese language,1317,89
1118,Quark,1317,397
1119,Vincent van Gogh,1317,537
1120,Voyager 2,1317,494
1121,Cumming,1317,297
1122,"Paris, France",1317,1498
1123,Horny,1316,526
1124,Tiger,1316,1548
1125,Garden of Eden,1316,99
1126,Sword,1316,1584
1127,Bagel,1316,1498
1128,Morse code,1316,1305
1129,Peanut butter and jelly sandwich,1316,646
1130,American Library Association,1316,172
1131,Decolonization,1316,33
1132,Dentistry,1316,1455
1133,Limit (mathematics),1316,718
1134,David Bowie,1315,1387
1135,Placebo,1315,36
1136,Fallingwater,1315,753
1137,Thong,1315,383
1138,Microsoft Windows,1315,1492
1139,Sock,1315,1427
1140,Screenshot,1315,36
1141,Power (social and political),1315,624
1142,Circumstellar habitable zone,1315,1279
1143,Technological singularity,1315,327
1144,Orchard,1314,35
1145,Simplicity,1314,863
1146,Pie chart,1314,1516
1147,Puppy love,1314,200
1148,Neon,1314,462
1149,Tetris,1314,1643
1150,Skirt,1314,689
1151,Sweden,1314,1438
1152,Thunder,1314,370
1153,San Francisco,1314,673
1154,Humpback whale,1314,413
1155,Hypertext,1313,359
1156,Halley's Comet,1313,1603
1157,Address,1313,36
1158,Giant panda,1313,742
1159,High five,1313,31
1160,Email address,1313,68
1161,Drip irrigation,1313,77
1162,Cassini–Huygens,1313,294
1163,The Empire Strikes Back,1313,194
1164,Penmanship,1313,138
1165,Crystal,1313,643
1166,Tortilla chip,1313,490
1167,Smallholding,1313,158
1168,Tram,1313,412
1169,Fire alarm system,1313,97
1170,Sewing,1312,1080
1171,Set (mathematics),1312,304
1172,Bulletproofing,1312,79
1173,Copper,1312,226
1174,Country,1312,366
1175,True north,1312,289
1176,Decision-making,1312,40
1177,Rose,1312,1372
1178,DeLorean time machine,1312,384
1179,Apple,1311,1429
1180,Relaxation technique,1311,125
1181,Satiety,1311,69
1182,Ocelot,1311,327
1183,2,1311,453
1184,Square,1311,340
1185,Telephone number,1311,55
1186,Otter,1311,1053
1187,Dodecahedron,1311,1186
1188,René Descartes,1311,1349
1189,Kiwi (bird),1311,710
1190,The Beatles (album),1311,254
1191,Theatre,1311,710
1192,Dinosaur,1311,482
1193,Fog,1311,300
1194,Tongue,1310,1469
1195,Object permanence,1310,45
1196,Waffle,1310,1471
1197,Yosemite National Park,1310,322
1198,Scissors,1310,898
1199,Venn diagram,1310,1487
1200,Athlete,1310,92
1201,Recursion,1310,568
1202,Impressionism,1310,1305
1203,Elixir of life,1310,186
1204,Fan (machine),1310,294
1205,Joie de vivre,1310,268
1206,Wallet,1310,225
1207,Athena,1310,347
1208,Nipple stimulation,1309,181
1209,Africa,1309,346
1210,Traffic light,1309,429
1211,Italians,1309,620
1212,Robin Williams,1309,63
1213,Special relativity,1309,71
1214,Serendipity,1309,365
1215,The Beatles,1309,1446
1216,Switzerland,1309,1352
1217,Braille,1309,133
1218,Colossus of Rhodes,1309,361
1219,Integration by parts,1309,382
1220,WALL-E,1309,479
1221,Adhesive,1309,448
1222,Abdominal muscles,1309,216
1223,Salad,1308,1279
1224,Johann Sebastian Bach,1308,1442
1225,Online game,1308,1154
1226,Welsh Corgi,1308,494
1227,Instrumentation,1308,34
1228,Essay,1308,58
1229,Benjamin Franklin,1308,1355
1230,Hat,1308,1348
1231,Helicopter,1308,1494
1232,Oreo,1308,680
1233,Roundabout,1308,38
1234,Child art,1307,95
1235,Sewage treatment,1307,444
1236,Bluetooth,1307,1566
1237,Isaac Asimov,1307,1474
1238,Alcoholic beverage,1307,829
1239,Violin,1307,1489
1240,Condom,1307,1441
1241,Scale (music),1307,135
1242,Epistemology,1307,297
1243,Lesbian,1307,1499
1244,The Acropolis of Athens,1307,1401
1245,Solar flare,1307,268
1246,David,1307,107
1247,Jim Henson,1307,46
1248,"Amsterdam, Netherlands",1306,1499
1249,Stoat,1306,680
1250,Contact lens,1306,277
1251,The Louvre,1306,1375
1252,Space Shuttle,1306,1534
1253,Apple pie,1306,1324
1254,Mr. Bean,1306,1445
1255,Hippocrates,1306,328
1256,Monty Python and the Holy Grail,1306,810
1257,Double-decker bus,1306,147
1258,The Lord of the Rings (film series),1305,256
1259,Croissant,1305,1499
1260,Little Free Library,1305,294
1261,Airship,1305,383
1262,Pasteur Institute,1305,12
1263,United States,1305,2773
1264,Dress,1305,806
1265,The Birth of Venus,1305,1429
1266,Labrador Retriever,1305,732
1267,Nymph,1305,803
1268,Antonio Vivaldi,1305,413
1269,The Hitchhiker's Guide to the Galaxy (novel),1305,459
1270,TARDIS,1305,236
1271,Gettysburg Address,1305,112
1272,Ruby,1305,1493
1273,Minecraft,1304,1557
1274,Rendering (computer graphics),1304,64
1275,Roman Empire,1304,1471
1276,Zeus,1304,743
1277,Cubism,1304,1393
1278,Genealogy,1304,79
1279,Butter chicken,1304,1049
1280,Bowl,1304,425
1281,Export,1304,356
1282,Yoda,1304,629
1283,Maple syrup,1304,403
1284,Destiny,1304,87
1285,Samuel L. Jackson,1304,333
1286,Facesitting,1304,412
1287,Literary criticism,1303,69
1288,Great Smoky Mountains,1303,58
1289,Fashion,1303,329
1290,Bayes' theorem,1303,1527
1291,Emotivism,1303,102
1292,Old English,1303,63
1293,Beaker (Muppet),1303,119
1294,Acropolis,1303,399
1295,Cello,1303,1340
1296,Cream cheese,1303,523
1297,Newton's cradle,1303,182
1298,Bismuth,1303,607
1299,Reduced-gravity aircraft,1303,29
1300,Hippopotamus,1302,1354
1301,Barack Obama,1302,2064
1302,Oven,1302,408
1303,Alpaca,1302,1372
1304,Pig,1302,569
1305,Silk,1302,456
1306,Gay men,1302,219
1307,Estrogen,1302,510
1308,Jimi Hendrix,1302,491
1309,Possibility,1302,101
1310,Ginger,1302,866
1311,Mist,1301,278
1312,Stable Diffusion,1301,783
1313,Insurance,1301,32
1314,Christmas lights,1301,935
1315,Brick,1301,372
1316,Rear Window,1301,45
1317,Bank,1301,314
1318,Red,1301,836
1319,Starry Night Over the Rhône,1301,486
1320,Cooperative,1301,36
1321,New Horizons,1301,316
1322,Penny Lane,1301,47
1323,Nelson Mandela,1301,1541
1324,Big Crunch,1301,244
1325,Bathtub,1301,414
1326,Carbon nanotube,1301,372
1327,Lip,1301,288
1328,Sunglasses,1301,947
1329,Sailor Mercury,1301,92
1330,Manhattan,1300,355
1331,Water bottle,1300,802
1332,Joan of Arc,1300,660
1333,Crab,1300,444
1334,Velociraptor,1300,1455
1335,Fire extinguisher,1300,489
1336,Death and culture,1300,73
1337,Mug,1300,1392
1338,Compromise,1300,429
1339,Volcano,1300,625
1340,Cucumber,1300,707
1341,Lobster,1300,1508
1342,Bocce,1300,40
1343,Koala,1300,1454
1344,Hip,1300,249
1345,Geyser,1299,1300
1346,Darth Vader,1299,785
1347,Apollo program,1299,820
1348,Bag,1299,1382
1349,Fried egg,1299,404
1350,Fence,1299,126
1351,Zinc,1299,705
1352,Sailor Uranus,1299,90
1353,Cyan,1299,422
1354,Toad,1298,675
1355,Zipper,1298,345
1356,Beer,1298,1731
1357,Cuban sandwich,1298,305
1358,Tears,1298,139
1359,Fundraising,1298,83
1360,Axe,1298,1466
1361,Ghostbusters,1298,84
1362,Mona Lisa,1298,1516
1363,The Matrix,1298,1499
1364,Goose,1298,1584
1365,Chicago-style pizza,1298,527
1366,Handle,1298,271
1367,Hearing aid,1298,1621
1368,Casual sex,1298,262
1369,Storm drain,1298,368
1370,Umbrella,1298,1563
1371,Popcorn,1298,1534
1372,George Orwell,1298,1254
1373,Pineapple juice,1297,1221
1374,Ship of Theseus,1297,304
1375,SpongeBob SquarePants,1297,1351
1376,Absolute zero,1297,354
1377,Female ejaculation,1297,146
1378,Airbag,1297,291
1379,Gummy bear,1297,1658
1380,Reese's Pieces,1297,54
1381,Toaster,1297,1370
1382,American Sign Language,1297,340
1383,Mario Bros.,1297,194
1384,Intelligence quotient,1297,819
1385,Neoclassicism,1297,1347
1386,Given name,1297,78
1387,Pedestrian crossing,1297,1539
1388,Electro swing,1297,59
1389,PH,1296,61
1390,Fingering,1296,71
1391,Philosophy of mind,1296,69
1392,Self-fulfilling prophecy,1296,121
1393,Unidentified flying object,1296,1509
1394,Airstream,1296,56
1395,Game Boy Color,1296,567
1396,Goat tower,1296,518
1397,Summer of Love,1296,263
1398,Sauna,1296,1556
1399,Cluster analysis,1296,98
1400,Optometry,1296,1423
1401,Treasure hunting,1296,87
1402,Diploma,1296,79
1403,Donkey,1296,486
1404,Evolutionary psychology,1296,792
1405,Teaching English as a second or foreign language,1296,1282
1406,1984 (advertisement),1296,40
1407,Mysticism,1296,332
1408,Notebook,1296,207
1409,The Scream,1296,1373
1410,Simple living,1296,34
1411,Festival,1296,95
1412,Sunscreen,1295,762
1413,Pipe organ,1295,1063
1414,Purpose,1295,114
1415,Show and tell,1295,84
1416,Lithium,1295,593
1417,Childproofing,1295,84
1418,Ticket (admission),1294,83
1419,Irish people,1294,75
1420,Steven Spielberg,1294,714
1421,Gorilla,1294,1578
1422,Nachos,1294,896
1423,4,1294,716
1424,Subtraction,1294,111
1425,Abbey Road,1294,824
1426,Parmesan,1294,156
1427,Pantyhose,1294,1050
1428,LGBT pride,1294,859
1429,Tyrannosaurus,1294,1289
1430,Kepler-452b,1294,388
1431,One Ring,1294,649
1432,Rubber duck,1294,707
1433,Dr. Seuss,1294,695
1434,Sailor Pluto,1294,100
1435,Art Nouveau,1294,1479
1436,Security,1294,346
1437,Elliptic curve,1294,292
1438,Olympic Games,1294,1387
1439,Caravaggio,1294,946
1440,James Bond,1293,1453
1441,Mahatma Gandhi,1293,1401
1442,Pumpkin,1293,1647
1443,September,1293,449
1444,Coin,1293,309
1445,My Neighbor Totoro,1293,1375
1446,Tree (graph theory),1293,387
1447,Charles Dickens,1293,1323
1448,Silver,1293,382
1449,Millennium,1293,311
1450,Spreadsheet,1293,308
1451,Cowboy,1293,199
1452,French Revolution,1292,189
1453,New Year's Day,1292,388
1454,Teleportation in fiction,1292,204
1455,Pretzel,1292,840
1456,Seat,1292,100
1457,Squirtle,1292,625
1458,Higgs boson,1292,425
1459,Summer camp,1292,309
1460,American frontier,1292,50
1461,Breaking Bad,1292,1314
1462,Pacific Northwest tree octopus,1292,283
1463,Looney Tunes,1292,626
1464,Apollo,1292,317
1465,Bike lane,1292,464
1466,New Year,1292,292
1467,The Last Supper,1292,1575
1468,Broccoli,1292,1169
1469,Rhombus,1292,298
1470,Peaches of Immortality,1291,356
1471,Marriage,1291,431
1472,Infant,1291,1737
1473,Velcro,1291,554
1474,Calligraphy,1291,1390
1475,Rock paper scissors,1291,1454
1476,Pierogi,1291,425
1477,Bromance,1291,132
1478,Car,1291,950
1479,Tomato,1291,1813
1480,Mouse,1291,398
1481,Meerkat,1291,633
1482,C-3PO,1291,188
1483,Bottled water,1291,303
1484,Letter (alphabet),1291,72
1485,Interstate Highway System,1291,396
1486,Beard,1291,454
1487,Origami,1290,1499
1488,Shoelace knot,1290,40
1489,France,1290,1572
1490,Synesthesia,1290,1328
1491,The Girl with a Pearl Earring,1290,1431
1492,Feather,1290,477
1493,Adhesive bandage,1290,264
1494,LSD,1290,1463
1495,Fermi paradox,1290,448
1496,OLED,1290,348
1497,Fungus,1290,412
1498,Sphinx,1290,254
1499,Lake,1290,22
1500,Cinnamon,1290,409
1501,Treaty of Versailles,1290,117
1502,Alexander Graham Bell,1290,1409
1503,Concorde,1290,795
1504,Phoenix (mythology),1289,399
1505,Video game music,1289,671
1506,LGBT,1289,805
1507,IKEA,1289,1170
1508,Gift wrapping,1289,122
1509,Dairy product,1289,413
1510,Disco,1289,1491
1511,Adolescence,1289,1346
1512,Stairway to Heaven,1289,241
1513,Phytoplankton,1289,381
1514,Shark,1289,1466
1515,Great Wall of China,1289,1608
1516,New Zealand,1289,1198
1517,Nudity and protest,1289,835
1518,Convention on the Rights of Persons with Disabilities,1289,503
1519,Scrabble,1289,1451
1520,Black pepper,1289,1347
1521,Lego,1288,1539
1522,Fractal-generating software,1288,277
1523,Extreme ultraviolet lithography,1288,678
1524,Sparkler,1288,47
1525,Foot,1288,1566
1526,Library of Congress,1288,113
1527,T-shirt,1288,772
1528,Ceramic,1288,180
1529,Ratio,1288,88
1530,Indie game,1288,367
1531,Wombat,1288,1340
1532,Magic (supernatural),1288,1387
1533,Cashew,1288,465
1534,Wall,1288,444
1535,Swash,1288,29
1536,Sea otter,1287,271
1537,Light-emitting diode,1287,552
1538,Hammock,1287,409
1539,QWERTY,1287,360
1540,Pornography,1287,1349
1541,Hallway,1287,656
1542,Clay,1287,169
1543,Power of two,1287,344
1544,Knife,1287,1158
1545,Cartoon,1287,382
1546,Industrial Society and Its Future,1287,560
1547,Tab key,1287,172
1548,Stingray,1287,41
1549,Labour law,1287,84
1550,Laser cutting,1287,228
1551,Font,1287,185
1552,Bikini waxing,1287,326
1553,Plain,1287,417
1554,Stage management,1287,182
1555,Koreans,1287,1986
1556,Banana bread,1286,92
1557,Pleiades,1286,392
1558,Star Trek: The Motion Picture,1286,55
1559,Rectangle,1286,108
1560,Trunk (botany),1286,265
1561,Muffin,1286,782
1562,Great tit,1286,473
1563,Caramel,1286,316
1564,Florence Nightingale,1286,105
1565,Smiley,1286,303
1566,Chicago,1286,1324
1567,Thanksgiving dinner,1286,66
1568,Kraken,1286,1318
1569,Public relations,1286,703
1570,Jewish culture,1285,288
1571,PlayStation,1285,1448
1572,Love letter,1285,629
1573,Surname,1285,326
1574,Plot twist,1285,120
1575,Jet Propulsion Laboratory,1285,328
1576,AP Psychology,1285,228
1577,Americans,1285,507
1578,Postmodernism,1285,455
1579,George Washington,1285,1401
1580,Skeletal muscle,1285,67
1581,Pipe (fluid conveyance),1285,93
1582,Median,1285,132
1583,Dynamic programming,1285,1198
1584,Super Mario Bros.,1285,1816
1585,SpongeBob SquarePants (character),1285,201
1586,Pear,1285,133
1587,Favourite,1285,60
1588,Tuna,1285,1117
1589,Hot dog,1285,1703
1590,Arctic Circle,1285,438
1591,Canning,1284,919
1592,Notre-Dame de Paris,1284,1580
1593,Leftovers,1284,185
1594,Faith,1284,422
1595,Mountain biking,1284,695
1596,Sidekick,1284,114
1597,Hedonism,1284,748
1598,Skeleton,1284,157
1599,Bechdel test,1284,131
1600,DreamWorks Animation,1284,135
1601,Japanese bondage,1284,40
1602,Sappho,1284,95
1603,Video Killed the Radio Star,1284,47
1604,Artemis,1284,371
1605,Online shopping,1284,62
1606,Small talk,1284,104
1607,Scotland,1284,1455
1608,Smoothie,1283,1370
1609,Green tea,1283,171
1610,Sequoioideae,1283,394
1611,Croquet,1283,50
1612,Team sport,1283,404
1613,Fondue,1283,89
1614,Laughter in animals,1283,262
1615,Mink,1283,100
1616,Central Park,1283,474
1617,Cultural history of the buttocks,1283,156
1618,Yogurt,1283,1216
1619,Natural skin care,1283,75
1620,"Hang in there, Baby",1283,119
1621,United Nations,1283,69
1622,Velvet Elvis,1283,42
1623,Sweet tea,1283,596
1624,Scone,1283,682
1625,Echidna,1283,805
1626,Cast iron,1283,176
1627,Marilyn Monroe,1283,657
1628,Luke Skywalker,1282,121
1629,Door handle,1282,159
1630,Creation of Adam,1282,1375
1631,United Kingdom,1282,959
1632,Pixie cut,1282,128
1633,Epidemiology,1282,59
1634,Flamingo,1282,282
1635,Caribbean Sea,1282,1417
1636,Straw hat,1282,81
1637,Pink,1282,1271
1638,Mike Wazowski,1282,982
1639,Cola,1282,468
1640,Abstract algebra,1282,223
1641,Generation,1282,98
1642,Whispering,1281,108
1643,Teddy bear,1281,1120
1644,Precious metal,1281,303
1645,Typography,1281,555
1646,Analytic philosophy,1281,665
1647,Alcohol (drug),1281,306
1648,Desk,1281,293
1649,Chinese martial arts,1281,412
1650,Google Translate,1281,375
1651,Artificial general intelligence,1281,664
1652,Oceania,1281,316
1653,Dead Sea,1281,334
1654,Debit card,1281,195
1655,Academy,1281,139
1656,Foursome (group sex),1280,413
1657,Rubber duck debugging,1280,659
1658,Teabagging,1280,151
1659,Pharmaceutical industry,1280,240
1660,Cream,1280,407
1661,Pop-culture tourism,1280,178
1662,Optimism bias,1280,99
1663,Halloween,1280,1475
1664,The Godfather,1280,1303
1665,Salmon,1280,464
1666,Maple,1280,356
1667,Shrek,1280,1418
1668,Trumpet,1280,244
1669,Ostrich,1280,1434
1670,Venus de Milo,1280,90
1671,Nickname,1280,488
1672,BitTorrent,1279,1478
1673,Trick-or-treating,1279,418
1674,Binge-watching,1279,119
1675,Game Boy Advance,1279,1684
1676,George Washington Carver,1279,272
1677,Pixel art,1279,1470
1678,Codex,1279,249
1679,Emerald,1279,283
1680,Screw,1279,198
1681,Orthotics,1279,130
1682,Chicken and waffles,1279,302
1683,GameCube,1279,448
1684,GitHub,1279,887
1685,Moustache,1279,416
1686,Hypatia,1279,99
1687,Opera cake,1279,177
1688,Mining,1279,37
1689,Baroque,1279,1424
1690,Chopsticks,1279,269
1691,First Doctor,1279,227
1692,Vampire,1279,1427
1693,Endoplasmic reticulum,1279,277
1694,Hebrew language,1278,284
1695,Claude Monet,1278,545
1696,Bulbasaur,1278,628
1697,Led Zeppelin,1278,1382
1698,Washington Crossing the Delaware (1851 paintings),1278,1048
1699,String (computer science),1278,310
1700,Matterhorn,1278,434
1701,Pizza snack rolls,1278,125
1702,Samoyed dog,1278,707
1703,Count Dracula,1278,272
1704,Denali,1278,926
1705,Flag,1278,87
1706,Discord,1278,725
1707,Golden eagle,1278,421
1708,Canadians,1278,382
1709,United States dollar,1278,1441
1710,Nintendo Entertainment System,1278,1286
1711,Karma,1278,410
1712,Million Dollar Quartet,1278,111
1713,Archery,1277,1397
1714,Elo rating system,1277,1464
1715,Oatmeal,1277,1523
1716,Cross-country skiing,1277,101
1717,Drug,1277,336
1718,Critique of Pure Reason,1277,354
1719,Knitting,1277,1278
1720,Nintendo 64,1277,558
1721,Odyssey,1277,757
1722,Lightsaber,1277,781
1723,Fireworks,1277,1431
1724,"Bacon, egg and cheese sandwich",1277,390
1725,Capitalism,1277,1287
1726,Geneva Conventions,1277,77
1727,Nineteen Eighty-Four,1277,1335
1728,Galleon,1277,652
1729,Apology,1277,255
1730,Cockatoo,1277,473
1731,Lily of the valley,1277,411
1732,Peanut,1277,1424
1733,Meatball,1276,167
1734,Adobe Photoshop,1276,1335
1735,Computer file,1276,178
1736,Fire engine,1276,399
1737,Kindergarten,1276,1406
1738,Oscar Wilde,1276,484
1739,Ninth Amendment to the United States Constitution,1276,150
1740,Behavior change (public health),1276,541
1741,Regional variations of barbecue,1276,413
1742,Symphony No. 9 (Beethoven),1276,1363
1743,1970s,1276,201
1744,Gargoyle,1276,141
1745,Swiss cheese (North America),1276,16
1746,Death of Adolf Hitler,1276,455
1747,Saxophone,1276,1609
1748,Sundress,1276,368
1749,Hyperreality,1276,438
1750,Anime,1276,1472
1751,Value (ethics and social sciences),1276,39
1752,Realism (arts),1276,1244
1753,Platypus,1276,98
1754,Rye bread,1276,656
1755,Vienna,1276,1634
1756,Gothenburg,1275,16
1757,Non-Newtonian fluid,1275,394
1758,Blueberry,1275,215
1759,Hello,1275,39
1760,Toe,1275,490
1761,Maze,1275,353
1762,Liminal space (aesthetic),1275,693
1763,Pomegranate,1275,1327
1764,Winged Victory of Samothrace,1275,38
1765,Berlin,1275,1489
1766,Adventures of Huckleberry Finn,1275,173
1767,First contact (science fiction),1275,564
1768,Italian language,1275,471
1769,Germ theory of disease,1275,386
1770,Champagne,1275,1010
1771,Transgender rights movement,1275,2147
1772,Monogamy,1275,1379
1773,Pikachu,1275,1427
1774,Alfred Hitchcock,1274,39
1775,Gifted education,1274,15
1776,Stew,1274,257
1777,Mother's Day,1274,278
1778,Phrase,1274,181
1779,Sexting,1274,208
1780,Catharsis,1274,100
1781,Gouda cheese,1274,17
1782,Bearded Collie,1274,373
1783,Bouldering,1274,1171
1784,Sesame Street,1274,993
1785,Hammer,1274,1553
1786,Petting zoo,1274,150
1787,Latin,1274,1544
1788,Eighth Amendment to the United States Constitution,1274,135
1789,Turtle,1274,298
1790,Adderall,1274,1402
1791,Happy hour,1274,396
1792,Green card,1274,55
1793,Seahorse,1274,1159
1794,Jelly bean,1274,386
1795,2000s,1274,202
1796,Species,1274,53
1797,Seventh Amendment to the United States Constitution,1274,152
1798,East,1274,647
1799,Dungeons & Dragons,1274,568
1800,Iguanodon,1273,406
1801,Screenplay,1273,204
1802,Moses,1273,246
1803,Lavandula,1273,378
1804,Frank Sinatra,1273,1566
1805,Credit card,1273,1323
1806,Welfare,1273,441
1807,Clipper,1273,70
1808,Mechanical engineering,1273,15
1809,Spinning wheel,1273,1212
1810,Yuri Gagarin,1273,303
1811,Triceratops,1273,871
1812,Complex number,1273,242
1813,Statue of Liberty,1273,1538
1814,Asteroid,1273,1042
1815,Euler characteristic,1273,687
1816,Eye surgery,1273,291
1817,Articulated bus,1273,508
1818,Nuclear family,1273,305
1819,Microsoft Excel,1273,1489
1820,Late bloomer,1273,61
1821,Goodnight Moon,1273,54
1822,Hushpuppy,1273,47
1823,Frank Oz,1273,43
1824,Calvin and Hobbes,1273,1336
1825,Star Wars: Episode III – Revenge of the Sith,1273,227
1826,The Garden of Earthly Delights,1273,1252
1827,Boston,1273,338
1828,Useless machine,1273,95
1829,Stocking,1273,1137
1830,Big Ben,1273,1413
1831,Space toilet,1273,1611
1832,English Springer Spaniel,1272,421
1833,Test tube,1272,709
1834,Shampoo,1272,1359
1835,Bean,1272,1249
1836,Chipmunk,1272,1641
1837,Longtermism,1272,1139
1838,Crop top,1272,113
1839,Police,1272,989
1840,Paper plane,1272,261
1841,British people,1272,760
1842,The Dark Knight,1272,1285
1843,Chivalry,1272,359
1844,Sloth,1272,609
1845,Minor scale,1272,363
1846,Stevie Nicks,1272,45
1847,Heavy metal music,1271,1400
1848,Canada,1271,1638
1849,Kawaii,1271,268
1850,Gyros,1271,821
1851,Animal Farm,1271,1137
1852,Magpie,1271,852
1853,Carpet cleaning,1271,27
1854,Vibrator (sex toy),1271,502
1855,Taking Children Seriously,1271,275
1856,Hard problem of consciousness,1271,65
1857,Linux,1271,1680
1858,The Leaning Tower of Pisa,1271,1546
1859,Minimalism,1271,1551
1860,Dim sum,1271,869
1861,Edging (sexual practice),1271,998
1862,Hide the Pain Harold,1271,334
1863,Tribadism,1271,854
1864,List of common misconceptions,1271,909
1865,Jazz fusion,1270,112
1866,Chicken nugget,1270,776
1867,Distance education,1270,70
1868,Drum kit,1270,582
1869,Airbrush,1270,61
1870,Pembroke Welsh Corgi,1270,132
1871,Gasoline,1270,1539
1872,Cleopatra,1270,1258
1873,Glue stick,1270,75
1874,Hobbit,1270,648
1875,Blog,1270,126
1876,Lisbon,1270,459
1877,Carpool,1270,78
1878,Centers for Disease Control and Prevention,1270,1535
1879,Nintendo Switch,1270,66
1880,Music of The Lord of the Rings film series,1270,504
1881,Promiscuity,1270,228
1882,Terry's Chocolate Orange,1270,123
1883,Haze,1270,268
1884,Vacuum tube,1270,367
1885,Accountant,1270,88
1886,Angora rabbit,1270,43
1887,Wheelchair,1269,356
1888,Rubik's Cube,1269,1405
1889,Johannes Kepler,1269,204
1890,Survivalism,1269,777
1891,Pyrite,1269,288
1892,Carrot cake,1269,1219
1893,Unrequited love,1269,609
1894,John Locke,1269,1291
1895,Back to the Future,1269,509
1896,Logarithm,1269,254
1897,Pencil sharpener,1269,401
1898,Sagrada Família,1269,421
1899,Olympic National Park,1269,500
1900,Dress-up,1269,105
1901,Spain,1269,1330
1902,Brie,1269,60
1903,Harp,1269,362
1904,Exquisite corpse,1269,153
1905,Byzantine Empire,1269,80
1906,Middle Ages,1269,134
1907,Ketchup,1269,1342
1908,Porcupine,1269,838
1909,Mount Rushmore,1269,52
1910,South American coati,1268,419
1911,Pebble,1268,82
1912,Los Angeles,1268,1159
1913,Mirror test,1268,31
1914,Jack Russell Terrier,1268,324
1915,Pubic hair,1268,220
1916,Toilet training,1268,82
1917,Golden Gate Bridge,1268,1587
1918,Chewing gum,1268,1483
1919,Tire,1268,223
1920,Cockapoo,1268,1260
1921,Australia,1268,1259
1922,Mount Rainier,1267,253
1923,Bacon sandwich,1267,142
1924,Beef,1267,93
1925,Boron,1267,528
1926,Special forces,1267,44
1927,British Shorthair,1267,299
1928,Charmander,1267,635
1929,Ladder,1267,1456
1930,Excalibur,1267,106
1931,Hachikō,1267,269
1932,Twin Peaks,1267,243
1933,Princess Leia,1267,115
1934,Onigiri,1267,624
1935,Squid,1267,294
1936,Tulip,1267,281
1937,Breast fetishism,1267,144
1938,Garfield (character),1267,392
1939,Amazon Prime Video,1267,196
1940,Calendar reform,1266,119
1941,The Velvet Underground & Nico,1266,163
1942,"Los Angeles, USA",1266,1477
1943,Barbecue sauce,1266,621
1944,Eiffel Tower,1266,1406
1945,Theatre practitioner,1266,112
1946,Chain rule,1266,598
1947,Millennials,1266,1386
1948,Wallace and Gromit,1266,785
1949,Opossum,1266,171
1950,Zebra,1266,1459
1951,Funk,1266,167
1952,Vacuum flask,1266,395
1953,Tooth,1266,441
1954,The Four Seasons (Vivaldi),1266,338
1955,Opal,1265,478
1956,Laundry detergent,1265,376
1957,Quicksort,1265,365
1958,Cheese fries,1265,113
1959,Casablanca (film),1265,804
1960,Garter,1265,380
1961,Product sample,1265,131
1962,Starburst (candy),1265,183
1963,Go (game),1265,1522
1964,Zoo,1265,1285
1965,Drug liberalization,1265,344
1966,Doner kebab,1265,715
1967,Autocomplete,1265,201
1968,Albatross,1265,272
1969,Dune (novel),1265,1331
1970,Ferret,1265,1065
1971,Pac-Man,1265,69
1972,Kiwifruit,1265,142
1973,Overhead power line,1265,286
1974,1980s in fashion,1265,238
1975,Booby,1265,309
1976,Bell pepper,1265,41
1977,Yggdrasil,1265,291
1978,Retrofuturism,1264,276
1979,Liechtenstein,1264,49
1980,Flute,1264,1344
1981,Space elevator,1264,406
1982,Immanuel Kant,1264,1400
1983,Embroidery,1264,182
1984,Theatre director,1264,116
1985,The Lion King,1264,1425
1986,Fishing,1264,469
1987,Silence=Death Project,1264,147
1988,Icosahedron,1264,999
1989,Never Gonna Give You Up,1264,1353
1990,Female promiscuity,1264,275
1991,Xkcd,1264,1018
1992,Bayesian inference,1264,434
1993,Entity,1264,567
1994,Deception,1264,214
1995,Drawer,1264,421
1996,Fleetwood Mac,1263,960
1997,Mons pubis,1263,403
1998,Intel,1263,481
1999,Periwinkle (color),1263,566
2000,Richard Feynman,1263,1356
2001,Quadratic equation,1263,164
2002,Marination,1263,619
2003,Empire State Building,1263,384
2004,Button cell,1263,172
2005,Julius Caesar,1263,1522
2006,Taxi,1263,505
2007,Alarm clock,1263,82
2008,Burmese cat,1263,577
2009,Pornographic film,1263,175
2010,Merge sort,1263,368
2011,Door closer,1263,72
2012,Table tennis,1263,1293
2013,Semicolon,1263,731
2014,Strait of Magellan,1263,57
2015,Vinegar,1263,311
2016,Kick,1263,80
2017,Scythe,1262,337
2018,Office chair,1262,362
2019,Beer garden,1262,449
2020,Nail (anatomy),1262,358
2021,Bering Strait,1262,253
2022,Dominoes,1262,94
2023,Swing (jazz performance style),1262,123
2024,Pied Piper of Hamelin,1262,114
2025,Chewbacca,1262,97
2026,Omnipotence paradox,1262,451
2027,Social distancing,1262,104
2028,Chinchilla,1262,1183
2029,Checkers,1262,1344
2030,Signature,1262,103
2031,Psycho (1960 film),1262,50
2032,Bliss,1262,465
2033,Academic journal,1262,133
2034,Food and Drug Administration,1261,837
2035,California,1261,1320
2036,Still life,1261,321
2037,United Ireland,1261,266
2038,Effective altruism,1261,1375
2039,Lava lamp,1261,333
2040,Driver's license,1261,84
2041,Walkie-talkie,1261,11
2042,Virtual reality,1261,1118
2043,Nighthawks (Hopper),1261,321
2044,Zanzibar,1261,306
2045,Flapper,1261,512
2046,University of Oxford,1261,1184
2047,Camel toe,1261,465
2048,Pico de gallo,1261,362
2049,Parachuting,1261,1593
2050,Fish farming,1261,99
2051,Giuseppe Verdi,1261,601
2052,Thomas Edison,1260,1462
2053,Policy,1260,363
2054,Reggae,1260,216
2055,Christmas music,1260,169
2056,Juggling pattern,1260,303
2057,Finite-state machine,1260,651
2058,Star Trek,1260,1338
2059,Pulp Fiction,1260,1231
2060,Wensleydale cheese,1260,128
2061,Psilocybin,1260,644
2062,Toilets in Japan,1260,280
2063,Solarpunk,1260,768
2064,Scarlett Johansson,1260,1322
2065,Exit (command),1260,60
2066,Prague,1260,122
2067,Clipboard,1260,225
2068,Pregnancy,1260,1403
2069,Cumulonimbus cloud,1260,416
2070,Secret handshake,1260,31
2071,Jurassic,1260,50
2072,Android (operating system),1259,1505
2073,"Rio de Janeiro, Brazil",1259,1277
2074,ChatGPT,1259,1567
2075,Strike action,1259,273
2076,Central America,1259,188
2077,Pop art,1259,1378
2078,Maize,1259,350
2079,Alto trombone,1259,24
2080,Gender,1259,550
2081,Anti-lock braking system,1259,1292
2082,Boeing 737,1259,455
2083,Seattle,1259,1618
2084,Artificial cardiac pacemaker,1259,278
2085,U.S. Route 66,1259,1098
2086,Continental drift,1259,57
2087,Lindt,1259,34
2088,3,1259,90
2089,Santa Claus,1259,1546
2090,Intermission,1259,135
2091,Electric Light Orchestra,1259,181
2092,S,1258,428
2093,Billie Holiday,1258,119
2094,"Pantheon, Rome",1258,82
2095,Katharine Hepburn,1258,105
2096,Symphony No. 9 (Dvořák),1258,811
2097,Fan fiction,1258,529
2098,Skateboarding,1258,1364
2099,Dissolution of the Soviet Union,1258,903
2100,Gravy,1258,251
2101,Mirror neuron,1258,74
2102,Dragonfly,1258,432
2103,Alexander Hamilton,1258,462
2104,Phonograph,1258,97
2105,Manga,1258,594
2106,Pixel,1258,345
2107,Hair tie,1258,1005
2108,The Legend of Zelda,1258,1721
2109,Autism spectrum,1258,1503
2110,Hamlet,1258,44
2111,Testicle,1258,128
2112,Predictive coding,1257,572
2113,Monokini,1257,206
2114,Lotion,1257,124
2115,Ink,1257,38
2116,True love's kiss,1257,182
2117,Reddit,1257,1439
2118,Psilocybin mushroom,1257,1499
2119,Iberian Peninsula,1257,536
2120,Barnyard,1257,41
2121,California Institute of the Arts,1257,255
2122,Sexual orientation,1257,163
2123,BBC,1257,1432
2124,Pet Sounds,1257,530
2125,Forgetting,1257,96
2126,Piracy,1257,1483
2127,Playwright,1257,157
2128,Cast-iron cookware,1257,185
2129,7,1257,889
2130,Tom Holland,1257,61
2131,Practicum,1257,118
2132,King,1257,301
2133,Bird of prey,1257,86
2134,Tetrahedron,1257,1229
2135,Canada goose,1257,280
2136,Easter,1257,1057
2137,Thomas Jefferson,1256,1236
2138,Plastic,1256,1286
2139,New Orleans,1256,980
2140,Sea of Japan,1256,1445
2141,Irrumatio,1256,184
2142,Sweet potato,1256,34
2143,Open sesame,1256,65
2144,Dew,1256,286
2145,The Lion Sleeps Tonight,1256,46
2146,Statistical mechanics,1256,660
2147,Petrichor,1256,406
2148,Spirituality,1256,307
2149,Rainbow trout,1256,468
2150,Chameleon,1256,204
2151,Sydney Opera House,1256,1462
2152,Everything bagel,1256,245
2153,German Shepherd,1256,209
2154,Martyr,1256,197
2155,German language,1256,1755
2156,Anthology,1256,226
2157,Link (The Legend of Zelda),1255,896
2158,Laundry,1255,38
2159,Walgreens,1255,124
2160,Terracotta Army,1255,527
2161,Grief counseling,1255,70
2162,Bruce Lee,1255,1280
2163,Paul the Octopus,1255,389
2164,Wonder,1255,510
2165,Axiom of choice,1255,953
2166,One-night stand,1255,177
2167,Gregorian calendar,1255,123
2168,Juggling,1255,288
2169,Indie rock,1255,1176
2170,Karaoke,1255,115
2171,Futurama,1255,785
2172,Intercrural sex,1255,731
2173,Espresso,1255,1377
2174,Terminator 2: Judgment Day,1255,245
2175,Sports bra,1255,104
2176,Button,1255,188
2177,Eastern Orthodoxy,1255,172
2178,Tweed,1255,290
2179,Bagpipes,1254,394
2180,List of sandwiches,1254,578
2181,Curriculum,1254,31
2182,Recreation room,1254,79
2183,Wales,1254,1424
2184,Jailhouse Rock (film),1254,44
2185,Kimchi,1254,1512
2186,Poached egg,1254,329
2187,Hardwood,1254,83
2188,New England,1254,1343
2189,French people,1254,1163
2190,Uranium,1254,645
2191,Post-Impressionism,1254,1390
2192,"Pokémon Red, Blue, and Yellow",1254,618
2193,Parkour,1254,1529
2194,Burrowing parrot,1254,936
2195,Van de Graaff generator,1254,1218
2196,Voyeurism,1254,685
2197,Morgan Freeman,1254,1325
2198,Type theory,1254,945
2199,Rotterdam,1254,526
2200,Secondary school,1254,510
2201,Edgar Allan Poe,1253,1375
2202,Spike Milligan,1253,53
2203,GPU cluster,1253,1503
2204,Bohemian style,1253,82
2205,Klein bottle,1253,260
2206,Fourier transform,1253,307
2207,Intelligent design,1253,1246
2208,Snare drum,1253,1449
2209,Poison dart frog,1253,362
2210,Electric shaver,1253,268
2211,Banknotes of the pound sterling,1253,358
2212,Eleanor Roosevelt,1253,123
2213,Wishful thinking,1253,216
2214,Ultra-high-molecular-weight polyethylene,1253,287
2215,Accounting,1253,701
2216,Harmonic oscillator,1253,452
2217,Chewiness,1253,287
2218,Sixth Amendment to the United States Constitution,1253,148
2219,Hiroshima,1253,259
2220,Budapest,1253,454
2221,Brutalist architecture,1253,390
2222,Sailor Jupiter,1252,88
2223,Rainbow flag (LGBT),1252,290
2224,Churning (butter),1252,67
2225,Graphics processing unit,1252,35
2226,Chin,1252,245
2227,Nylon,1252,469
2228,Non-classical logic,1252,68
2229,LCD Soundsystem,1252,73
2230,Protist,1252,294
2231,Blade Runner,1252,1360
2232,Led Zeppelin IV,1252,369
2233,Signals intelligence,1252,273
2234,Reese's Peanut Butter Cups,1252,371
2235,Wii,1252,567
2236,Trillion-dollar coin,1252,44
2237,Drill,1252,1445
2238,Leonard Cohen,1252,1148
2239,Taiwan,1252,1274
2240,Avatar: The Last Airbender,1252,892
2241,Winnie-the-Pooh,1252,556
2242,Jeans,1252,38
2243,Judaism,1252,1349
2244,Flight attendant,1252,485
2245,Darts,1252,390
2246,Bumper cars,1251,1589
2247,Geocaching,1251,263
2248,Adobe Flash Player,1251,148
2249,Drum and bass,1251,672
2250,Brazil,1251,716
2251,Toy Story,1251,1422
2252,Carpet,1251,1332
2253,1968 Olympics Black Power salute,1251,31
2254,Carl Sagan,1251,1368
2255,Prime meridian,1251,345
2256,"Sydney, Australia",1251,1551
2257,Distracted boyfriend,1251,1508
2258,Australian green tree frog,1251,201
2259,Bob Dylan,1251,1233
2260,Die Hard,1251,271
2261,MP3,1251,844
2262,Tardigrade,1251,517
2263,Central limit theorem,1251,403
2264,Father Christmas,1251,130
2265,Marble (toy),1251,39
2266,Keychain,1250,740
2267,Cellular automaton,1250,181
2268,Gay,1250,771
2269,Perpetual stew,1250,104
2270,Niels Bohr,1250,423
2271,Bronze Age,1250,46
2272,Pangaea,1250,472
2273,Race and sexuality,1250,211
2274,Woman with a Parasol – Madame Monet and Her Son,1250,380
2275,Tom Hanks,1250,1329
2276,Baked ziti,1250,332
2277,The Muppets,1250,1265
2278,Trebuchet,1250,364
2279,Hong Kong,1250,282
2280,Pho,1250,1339
2281,Andy Warhol,1250,176
2282,Clarinet,1250,1378
2283,"Hasta la vista, baby",1249,36
2284,SimCity,1249,1352
2285,Volodymyr Zelenskyy,1249,1404
2286,Cheetos,1249,231
2287,The Blue Boy,1249,78
2288,Rock climbing,1249,1385
2289,Empanada,1249,678
2290,Broadway theatre,1249,374
2291,Oktoberfest,1249,1027
2292,Flight simulator,1249,77
2293,Jackalope,1249,57
2294,Pay Day,1249,572
2295,Candle,1249,48
2296,Transgender health care,1249,428
2297,Prince (musician),1249,237
2298,Commedia dell'arte,1249,246
2299,Renaissance fair,1249,46
2300,Obelisk,1249,417
2301,Junk food,1249,688
2302,Taj Mahal,1249,1300
2303,Tigger,1249,388
2304,Baseball cap,1249,1470
2305,Newfoundland and Labrador,1248,137
2306,Goose bumps,1248,58
2307,Tony Hawk,1248,395
2308,Cross-dressing,1248,221
2309,American Gothic,1248,1331
2310,The Muppet Show,1248,123
2311,Mustard (condiment),1248,1490
2312,Wet T-shirt contest,1248,111
2313,Finding Nemo,1248,1494
2314,Flood geology,1248,240
2315,Press F to pay respects,1248,696
2316,Baking stone,1248,100
2317,1950s,1248,195
2318,Class conflict,1248,310
2319,Audrey Hepburn,1248,404
2320,Imagery of nude celebrities,1248,516
2321,Treadmill,1248,1258
2322,Pineapple cake,1248,174
2323,Dalmatian (dog),1248,388
2324,Obi-Wan Kenobi,1248,134
2325,Diomedes,1248,278
2326,The Sims,1248,622
2327,Online piracy,1248,68
2328,Leo Tolstoy,1248,1293
2329,Trombone,1248,1377
2330,Doubt,1248,414
2331,Yoga,1248,1331
2332,Brooklyn,1247,399
2333,Windows 10,1247,440
2334,Eleanor Rigby,1247,80
2335,Human echolocation,1247,636
2336,The Criterion Collection,1247,155
2337,Bass recorder,1247,286
2338,C++,1247,1433
2339,Data Science and Predictive Analytics,1247,437
2340,Snake (video game genre),1247,1448
2341,Allergen immunotherapy,1247,185
2342,Bowling,1247,341
2343,Riemann zeta function,1247,429
2344,Letter box,1247,76
2345,Nontraditional student,1247,88
2346,Ford Crown Victoria,1247,110
2347,Burger King,1247,1384
2348,Lesbian literature,1246,70
2349,Georgia (U.S. state),1246,132
2350,The Dinner Party,1246,119
2351,The Princess Bride (film),1246,106
2352,Fred Rogers,1246,1031
2353,Hawaiian pizza,1246,871
2354,Yarn,1246,1360
2355,Workweek and weekend,1246,425
2356,Stephen King,1246,1450
2357,Yawn,1246,434
2358,1,1246,434
2359,Where the Wild Things Are,1246,98
2360,Large language model,1246,427
2361,San Francisco Bay Area,1246,276
2362,"The Good, the Bad and the Ugly",1246,434
2363,Spore,1246,56
2364,Rubber band,1246,1473
2365,Euphemism,1246,285
2366,The Simpsons,1246,1555
2367,Gorillaz,1246,104
2368,Window blind,1246,395
2369,Kangaroo,1246,1649
2370,RollerCoaster Tycoon,1246,734
2371,Margot Robbie,1246,305
2372,Pizza cutter,1246,417
2373,Banana cream pie,1246,43
2374,The Peacemakers,1245,79
2375,Kea,1245,599
2376,James Clerk Maxwell,1245,1153
2377,Jenga,1245,1403
2378,Bonobo,1245,844
2379,How to Win Friends and Influence People,1245,286
2380,Thorny devil,1245,623
2381,0.999...,1245,1143
2382,Carl Friedrich Gauss,1245,253
2383,Toothpick,1245,353
2384,National Weather Service,1245,916
2385,Stanley Kubrick,1245,480
2386,Disc brake,1245,1304
2387,AC/DC,1245,1155
2388,Earplug,1245,231
2389,Winston Churchill,1245,1320
2390,Hip hop music,1244,1298
2391,Journey to the West,1244,172
2392,Catan,1244,1172
2393,Peanuts,1244,1061
2394,Prostate,1244,1382
2395,IPod,1244,811
2396,Leprechaun,1244,281
2397,Online banking,1244,68
2398,Pinkie (painting),1244,75
2399,Fashion design,1244,287
2400,Electric car,1244,17
2401,Mask,1244,132
2402,Cow tools,1244,1067
2403,Object (grammar),1244,295
2404,Marvel Universe,1244,201
2405,Scrutiny,1244,336
2406,Muppets from Space,1244,38
2407,Weed,1244,176
2408,Kilogram per cubic metre,1244,403
2409,Malala Yousafzai,1244,509
2410,Hot air balloon,1244,1311
2411,Sea urchin,1244,205
2412,Skiing,1244,415
2413,Kurt Cobain,1244,501
2414,Dead End Kids,1244,11
2415,William Blake,1244,174
2416,Aviator sunglasses,1244,1316
2417,Volkswagen Beetle,1244,1258
2418,David Lynch,1243,887
2419,Moby-Dick,1243,1455
2420,Marshmallow,1243,776
2421,"Washington, D.C.",1243,331
2422,Cursive,1243,78
2423,At the Dressing-Table,1243,907
2424,Ideal,1243,256
2425,Stuff,1243,543
2426,Profanity,1243,242
2427,Paint Tool SAI,1243,738
2428,Watchmen,1243,867
2429,Ball (association football),1243,113
2430,Horseshoe crab,1243,265
2431,"Toronto, Canada",1243,1540
2432,The Doctor (Doctor Who),1243,587
2433,Netflix,1243,1388
2434,Sex toy,1243,174
2435,Black Sea,1243,190
2436,Hitachi Magic Wand,1243,196
2437,Venus of Willendorf,1243,282
2438,Vegetarianism,1243,1500
2439,The Electric Company,1243,53
2440,DREAM Act,1243,118
2441,Trance music,1242,221
2442,Chalk,1242,712
2443,Book review,1242,34
2444,Bat,1242,367
2445,2000s in fashion,1242,233
2446,Lychee,1242,605
2447,Renovation,1242,43
2448,IPad,1242,1182
2449,South Korea,1242,1844
2450,King Charles Spaniel,1242,173
2451,Hymn,1242,83
2452,Oboe,1242,966
2453,Augustus,1242,521
2454,Linear B,1242,748
2455,Buffalo buffalo Buffalo buffalo buffalo buffalo Buffalo buffalo,1242,1485
2456,Samsung,1242,1240
2457,Muhammad Ali,1242,1412
2458,Language game (philosophy),1242,291
2459,Laziness,1242,680
2460,Pocky,1242,114
2461,Han Solo,1242,140
2462,String (structure),1242,285
2463,Radiohead,1242,1373
2464,Loch Ness Monster,1242,186
2465,AAAA battery,1242,389
2466,Dutch rabbit,1242,575
2467,Crime and Punishment,1242,1351
2468,American cheese,1242,21
2469,Poland,1241,1594
2470,Recorder (musical instrument),1241,284
2471,Pliers,1241,98
2472,Complaint tablet to Ea-nāṣir,1241,244
2473,Kurt Vonnegut,1241,209
2474,Fifth Amendment to the United States Constitution,1241,149
2475,Lunch meat,1241,353
2476,Nuremberg trials,1241,1010
2477,Battery electric vehicle,1241,91
2478,Greek fire,1241,261
2479,X,1241,276
2480,Cream soda,1241,125
2481,Aircraft pilot,1241,282
2482,Buffalo wing,1241,90
2483,Dancing Pallbearers,1241,198
2484,Tenth Amendment to the United States Constitution,1241,135
2485,Poodle,1241,357
2486,Operations research,1241,685
2487,Figurine,1241,46
2488,British Museum,1241,376
2489,York Peppermint Pattie,1241,95
2490,Midriff,1241,328
2491,The Great Gatsby,1241,1230
2492,Magnus Hirschfeld,1240,158
2493,Quality-adjusted life year,1240,497
2494,Usenet,1240,511
2495,Coca-Cola,1240,851
2496,Heat death of the universe,1240,300
2497,Paul Revere,1240,106
2498,Pippin Took,1240,402
2499,Super Mario 64,1240,1693
2500,Bow tie,1240,1404
2501,Ginger beer,1240,403
2502,Rehearsal,1240,87
2503,Streisand effect,1240,294
2504,Combinatorics,1240,244
2505,Sprinkles,1240,666
2506,Exam,1240,120
2507,James T. Kirk,1240,289
2508,Goulash,1240,910
2509,Drink can,1240,342
2510,Cabernet Sauvignon,1240,573
2511,Natural gas,1240,82
2512,Michael Faraday,1240,1330
2513,Agnosticism,1240,74
2514,Turbocharger,1240,1213
2515,Spherical cow,1240,591
2516,Hieronymus Bosch,1240,643
2517,Massively multiplayer online role-playing game,1239,277
2518,Traditional pop,1239,196
2519,Tail,1239,182
2520,Doge (meme),1239,407
2521,David Attenborough,1239,259
2522,Wes Anderson,1239,1211
2523,Goldfish (cracker),1239,675
2524,Floppy disk,1239,687
2525,Insect repellent,1239,1362
2526,Jesse Owens,1239,56
2527,Minimum wage,1239,39
2528,Mario Kart 64,1239,1533
2529,Air quality index,1239,266
2530,Casserole,1239,143
2531,Explosion,1239,570
2532,Snail,1239,1226
2533,Xbox (console),1239,1422
2534,Perfume,1239,127
2535,Guernica (Picasso),1239,1254
2536,List of generation I Pokémon,1239,1136
2537,Chickpea,1239,335
2538,Ryan Gosling,1239,276
2539,Breast physics,1239,1097
2540,Willie Nelson,1239,115
2541,Unconsciousness,1239,560
2542,Anubis,1239,394
2543,Electronic dance music,1239,1454
2544,Hoberman sphere,1239,176
2545,Forrest Gump,1239,1221
2546,Borat,1239,1424
2547,Havana (rabbit),1239,405
2548,Sigma,1239,242
2549,Kyiv,1238,542
2550,Capsaicin,1238,406
2551,Uwu,1238,934
2552,Modular connector,1238,1148
2553,Jade,1238,322
2554,Shredded wheat,1238,365
2555,Francis of Assisi,1238,95
2556,Spock,1238,456
2557,Donkey (Shrek),1238,447
2558,Portugal,1238,681
2559,Abbey,1238,249
2560,Queer radicalism,1238,63
2561,Neuro-linguistic programming,1238,146
2562,Tic-tac-toe,1238,486
2563,Odor,1238,477
2564,Accordion,1238,1280
2565,King of the Hill,1238,934
2566,Birch beer,1238,68
2567,Telescopic sight,1238,1361
2568,Probiotic,1238,286
2569,Five Guys,1238,682
2570,Against Malaria Foundation,1238,660
2571,India,1237,1621
2572,Harmonica,1237,1314
2573,Lead,1237,193
2574,Poker,1237,533
2575,The Muppet Christmas Carol,1237,43
2576,Tennis,1237,1382
2577,Veteran,1237,370
2578,Quentin Tarantino,1237,731
2579,Polyester,1237,189
2580,Paper clip,1237,286
2581,Sprite (drink),1237,161
2582,Pavlova (dessert),1237,283
2583,Mongolia,1237,1300
2584,Broodiness,1237,97
2585,French Bulldog,1237,1468
2586,Count von Count,1237,370
2587,Mascarpone,1237,109
2588,Female sodomy,1237,162
2589,Spelling bee,1237,43
2590,CatDog,1236,93
2591,Lunar Gateway,1236,589
2592,Metal detector,1236,1446
2593,Albert Camus,1236,577
2594,Istanbul,1236,303
2595,Teenage Mutant Ninja Turtles,1236,1235
2596,Monopoly (game),1236,1247
2597,Party favor,1236,79
2598,Space Ghost Coast to Coast,1236,166
2599,Emma Stone,1236,1355
2600,Ziggy Stardust (character),1236,367
2601,Surf music,1236,165
2602,Cathedral of Learning,1236,120
2603,Pantheism,1236,572
2604,Hold-ups,1236,154
2605,Hippie,1236,622
2606,Shawarma,1236,286
2607,Generating function,1236,565
2608,Daft Punk,1236,1455
2609,High Accuracy Radial Velocity Planet Searcher,1236,89
2610,Empty set,1236,308
2611,Baked beans,1236,394
2612,A cappella,1236,871
2613,Golem,1235,284
2614,Motorboat,1235,232
2615,"Pokémon Gold, Silver, and Crystal",1235,504
2616,Bubble sort,1235,277
2617,Generation Z,1235,1412
2618,The New York Times crossword puzzle,1235,670
2619,SpongeBob SquarePants (season 1),1235,1471
2620,Navel,1235,308
2621,Soccer (football),1235,1499
2622,Michelin Man,1235,141
2623,Paella,1235,293
2624,Chess.com,1235,395
2625,CRISPR gene editing,1235,110
2626,Salsa (food),1235,190
2627,The Golden Girls,1235,56
2628,Bourgeoisie,1235,246
2629,Elvis Presley,1235,1247
2630,Jalapeño,1235,595
2631,Snoop Dogg,1235,1382
2632,Amerigo Vespucci,1235,149
2633,Homer Simpson,1235,1513
2634,Plus and minus signs,1235,51
2635,Saturday Night Live,1235,2123
2636,Balloon,1235,749
2637,Snow globe,1235,162
2638,Selfie,1235,43
2639,Pajamas,1235,1455
2640,Fifth Doctor,1235,217
2641,Green Day,1235,712
2642,Mojito,1235,1406
2643,Marx Brothers,1235,972
2644,Syntax Definition Formalism,1235,832
2645,Monte Cristo sandwich,1235,376
2646,Tree stump,1235,36
2647,IPhone,1235,1358
2648,Pop out cake,1235,114
2649,Syllabus,1234,120
2650,Simulation hypothesis,1234,306
2651,Lincoln Memorial,1234,1221
2652,Erlenmeyer flask,1234,692
2653,The New York Times,1234,1425
2654,Gay bar,1234,266
2655,James Baldwin,1234,201
2656,"It's a Mad, Mad, Mad, Mad World",1234,65
2657,Sudoku,1234,1484
2658,Complex conjugate,1234,168
2659,Bowser,1234,210
2660,The Mighty Boosh,1234,167
2661,Jumbo,1234,117
2662,Currency-counting machine,1234,285
2663,Lucius Quinctius Cincinnatus,1234,40
2664,Honey badger,1234,437
2665,Frida Kahlo,1234,1274
2666,Jousting,1234,305
2667,Drill bit,1234,120
2668,Burning Man,1234,94
2669,Jake the Dog,1234,288
2670,Ant,1234,1240
2671,Trading card,1234,38
2672,Bathrobe,1234,628
2673,Sobriety,1234,582
2674,American lobster,1234,130
2675,Quantum logic gate,1234,274
2676,Generative adversarial network,1233,469
2677,Firefly,1233,641
2678,Lake Erie,1233,367
2679,Honolulu,1233,369
2680,Mario Party,1233,702
2681,Toad (Nintendo),1233,128
2682,Nirvana (band),1233,1468
2683,Caspar David Friedrich,1233,109
2684,Mos Eisley,1233,75
2685,Speakeasy,1233,249
2686,Centrism,1233,62
2687,Depths of Wikipedia,1233,195
2688,Signs and symptoms,1233,86
2689,Grading in education,1233,49
2690,Office Assistant,1233,386
2691,Eggs Benedict,1233,440
2692,NAND gate,1233,525
2693,Stanford University,1233,116
2694,Donkey Kong,1233,427
2695,Meander,1233,89
2696,Drawing room,1233,98
2697,Three-body problem,1233,203
2698,Dr Pepper,1233,1541
2699,The Legend of Zelda: Ocarina of Time,1233,414
2700,Pokémon Go,1233,1529
2701,Schnitzel,1233,1625
2702,The Doors,1233,1191
2703,Popcorn maker,1233,40
2704,AC power plugs and sockets,1232,41
2705,Don Quixote,1232,1414
2706,Brian Wilson,1232,226
2707,Nintendo 3DS,1232,476
2708,Superman,1232,1374
2709,Portal (video game),1232,822
2710,Margaret Keane,1232,141
2711,Matcha,1232,177
2712,Goat milk,1232,84
2713,James Joyce,1232,1203
2714,Houston,1232,1109
2715,Gin and tonic,1232,403
2716,Pride and Prejudice,1232,1317
2717,The Haunted Mansion,1232,36
2718,Prince,1232,192
2719,OpenAI,1232,481
2720,International Date Line,1232,361
2721,Vacuum,1232,290
2722,Pokémon Ruby and Sapphire,1232,477
2723,Paragliding,1232,1389
2724,Imperial units,1232,93
2725,Transcendentalism,1231,277
2726,Chroma key,1231,1188
2727,Dole Whip,1231,305
2728,Purchasing,1231,58
2729,Moore's law,1231,692
2730,Curb,1231,77
2731,Panelling,1231,43
2732,Coraline (film),1231,136
2733,Urination,1231,682
2734,Amtrak,1231,187
2735,Agamemnon,1231,260
2736,Entrepreneurship,1231,1281
2737,Counterterrorism,1231,23
2738,Whisky,1231,738
2739,Frenzy,1231,40
2740,Intel 4004,1231,466
2741,Object-oriented programming,1231,467
2742,T-bone steak,1231,361
2743,Bidet,1231,1421
2744,Bear,1231,388
2745,Naturism,1231,743
2746,Municipal council,1230,79
2747,Corn kernel,1230,165
2748,Dutch Colonial Revival architecture,1230,154
2749,"Cairo, Egypt",1230,1447
2750,Jean-Luc Picard,1230,485
2751,Ukulele,1230,1348
2752,Ferris wheel,1230,1289
2753,File folder,1230,37
2754,Queen (chess),1230,225
2755,Cannabis (drug),1230,1408
2756,Backscratcher,1230,317
2757,Kappa (folklore),1230,68
2758,Piñata,1230,741
2759,Cultured meat,1230,405
2760,Christianity,1230,950
2761,Assembly language,1230,281
2762,Pure Land Buddhism,1230,316
2763,Rule 34,1230,607
2764,ETH Zurich,1230,31
2765,The Truman Show,1230,91
2766,Lambda,1230,402
2767,Star Trek: The Next Generation,1230,382
2768,Milk tea,1230,425
2769,Gay village,1230,683
2770,Anne Hutchinson,1230,88
2771,Dexter's Laboratory,1230,266
2772,Thailand,1229,68
2773,Reflexive pronoun,1229,285
2774,Jewellery,1229,1103
2775,Duolingo,1229,1830
2776,Pokémon,1229,1629
2777,Massachusetts,1229,596
2778,Saturn Devouring His Son,1229,730
2779,Napoleon,1229,979
2780,Choker,1229,364
2781,Liquor,1229,252
2782,McDonald's,1229,1392
2783,Dolly Parton,1229,120
2784,Qualia,1229,831
2785,Crab Rangoon,1229,261
2786,Strap,1229,98
2787,Ruling pen,1229,433
2788,Cards Against Humanity,1229,1317
2789,Leafcutter ant,1229,387
2790,Slinky,1229,55
2791,Carl Jung,1229,689
2792,Possibility theory,1228,96
2793,Glossary of card game terms,1228,63
2794,Colorado,1228,318
2795,Grand Theft Auto: San Andreas,1228,623
2796,Noah's Ark,1228,318
2797,Marco Polo,1228,283
2798,Rum,1228,992
2799,Mister Rogers' Neighborhood,1228,363
2800,The Nightmare Before Christmas,1228,136
2801,Player piano,1228,79
2802,Baseball bat,1228,53
2803,Tungsten,1228,873
2804,Hot sauce,1228,509
2805,Nina Simone,1228,391
2806,Franz Schubert,1228,73
2807,Brown v. Board of Education,1228,302
2808,Jerusalem,1228,315
2809,Homosexuality,1228,1624
2810,Catfish,1228,629
2811,Tableware,1228,86
2812,Solipsism,1228,159
2813,Headlamp,1228,35
2814,Pirates of the Caribbean (film series),1228,35
2815,Decorative arts,1227,35
2816,Bushcraft,1227,359
2817,HealthCare.gov,1227,136
2818,Jerry Nelson,1227,35
2819,St. Peter's Basilica,1227,1386
2820,Beach volleyball,1227,441
2821,Cross-platform play,1227,827
2822,Cum shot,1227,182
2823,Emma Watson,1227,1387
2824,Marzipan,1227,267
2825,Cyrillic alphabets,1227,525
2826,Martin Scorsese,1227,1155
2827,Nancy Grace Roman Space Telescope,1227,257
2828,Tenth Doctor,1227,223
2829,United States Capitol,1227,318
2830,Peter Tosh,1227,98
2831,Sex on the beach,1227,557
2832,Travelling salesman problem,1227,323
2833,Marseille,1227,1200
2834,BDSM,1227,1293
2835,Generation X,1227,1255
2836,Tumbleweed,1227,333
2837,Punch (combat),1227,244
2838,Dunkin' Donuts,1227,311
2839,Hershey's Kisses,1227,396
2840,Mario Kart,1227,118
2841,Table,1227,771
2842,0,1227,1094
2843,Bench press,1227,1078
2844,Werewolf,1227,1356
2845,Mark Hamill,1227,341
2846,Frédéric Chopin,1226,46
2847,John von Neumann,1226,1267
2848,Neutron moderator,1226,690
2849,Politics,1226,583
2850,Pinot noir,1226,597
2851,To Kill a Mockingbird,1226,1310
2852,Tupac Shakur,1226,225
2853,Gravity Falls,1226,827
2854,Sceptre,1226,265
2855,Kayak,1226,312
2856,Day of the Dead,1226,209
2857,Liger,1226,45
2858,Gunpowder,1226,1305
2859,Las Vegas,1226,214
2860,Frost,1226,44
2861,Risk compensation,1226,372
2862,Blue cheese,1226,566
2863,Modal realism,1226,70
2864,Taxi Driver,1226,277
2865,Juggling ball,1226,249
2866,Tampon,1226,184
2867,"Singapore, Singapore",1226,1177
2868,Polymorphism (computer science),1226,526
2869,Star Wars: Episode I – The Phantom Menace,1226,206
2870,Franklin D. Roosevelt,1226,1278
2871,Cuisine of Quebec,1226,533
2872,Speedrunning,1226,98
2873,The Bronx,1226,296
2874,Tile,1226,271
2875,Hormone replacement therapy,1225,199
2876,Polynesian Cultural Center,1225,219
2877,Projections of population growth,1225,79
2878,Cooper's Hill Cheese-Rolling and Wake,1225,292
2879,Jean-Paul Sartre,1225,1401
2880,Mecha,1225,290
2881,Magnus Carlsen,1225,1416
2882,Open relationship,1225,334
2883,Mexico,1225,1521
2884,Grade (slope),1225,49
2885,Confrontation,1225,105
2886,Thirteenth Doctor,1225,220
2887,Footjob,1225,354
2888,Tiananmen Square protests (disambiguation),1225,432
2889,Glow stick,1225,696
2890,Bisexuality,1225,1491
2891,Muppet Treasure Island,1225,40
2892,Christ the Redeemer (statue),1225,1303
2893,Emily Dickinson,1225,473
2894,Bánh mì,1225,338
2895,Super Mario Galaxy,1225,226
2896,Cthulhu for President,1225,585
2897,Madrid,1225,1363
2898,Darwin Awards,1225,590
2899,Anger management,1225,242
2900,Sailor Moon,1224,1263
2901,Amygdala,1224,43
2902,Cue sports,1224,274
2903,Hotel amenity,1224,31
2904,Ferdinand Magellan,1224,800
2905,Pogo (comic strip),1224,34
2906,Pizza Hut,1224,53
2907,Echidna (mythology),1224,798
2908,Self-serving bias,1224,275
2909,Rock City (attraction),1224,59
2910,Alligator snapping turtle,1224,427
2911,Barack Obama 2008 presidential campaign,1224,302
2912,Sun dog,1224,32
2913,The C Programming Language,1224,972
2914,Janis Joplin,1224,287
2915,Exchange-traded fund,1224,225
2916,Alternative education,1224,98
2917,Tantric sex,1224,1126
2918,Friendship bracelet,1224,88
2919,Shaquille O'Neal,1224,621
2920,The Super Mario Bros. Super Show!,1224,100
2921,Universe of The Legend of Zelda,1224,997
2922,Uncle Sam,1224,48
2923,University of Cambridge,1224,1324
2924,Ten,1223,373
2925,Legal status of transgender people,1223,189
2926,Sailor Neptune,1223,99
2927,Volleyball,1223,1392
2928,ZIP Code,1223,303
2929,Groom (profession),1223,75
2930,Przybylski's Star,1223,266
2931,Rick Astley,1223,436
2932,Wordle,1223,1315
2933,The Rolling Stones,1223,1559
2934,Selection sort,1223,340
2935,Unobtainium,1223,268
2936,Jane Austen,1223,758
2937,Discovery Channel,1223,47
2938,Celery,1223,172
2939,Father's Day,1223,89
2940,The Blind Boys of Alabama,1223,39
2941,Natalie Portman,1223,1344
2942,Australian Cattle Dog,1223,404
2943,Mousepad,1223,276
2944,Sophist,1223,219
2945,Theodore Roosevelt,1222,1162
2946,Pizza farm,1222,526
2947,Comb,1222,79
2948,Blue Whale of Catoosa,1222,201
2949,Cup holder,1222,342
2950,Purple Rain (song),1222,223
2951,Yellow Submarine (film),1222,276
2952,Finland,1222,166
2953,Cock,1222,266
2954,Sean Bean,1222,189
2955,Heliotrope (mineral),1222,415
2956,The Legend of Zelda: Breath of the Wild,1222,1619
2957,NATO,1222,1534
2958,Cox–Zucker machine,1222,249
2959,Emoji,1222,1372
2960,Good Times,1222,59
2961,African-American Vernacular English,1222,622
2962,Hexagon,1222,94
2963,Heap (data structure),1222,306
2964,Lip balm,1222,155
2965,Dime (United States coin),1221,54
2966,Animals (Pink Floyd album),1221,251
2967,Manifest destiny,1221,557
2968,The Monkees,1221,1171
2969,The Beatles: Get Back,1221,237
2970,Tinker Bell,1221,254
2971,Charades,1221,1477
2972,Chess boxing,1221,626
2973,Uno (card game),1221,389
2974,Verbena,1221,335
2975,Contractualism,1221,744
2976,Mayonnaise,1221,1503
2977,Basilica Cistern,1221,229
2978,Victor Hugo,1221,59
2979,Wall Drug,1221,56
2980,Arabic alphabet,1221,601
2981,Flowers for Algernon,1221,216
2982,Banksy,1221,1260
2983,Pokémon Diamond and Pearl,1221,633
2984,Animaniacs,1221,1439
2985,Wonder Woman,1221,288
2986,Oppenheimer,1221,511
2987,List of Swiss cheeses,1221,479
2988,Pterodactylus,1221,1216
2989,Crocodile,1221,605
2990,Nicolas Cage,1221,418
2991,"Anchorage, Alaska",1221,1000
2992,Glucose,1221,75
2993,Nail clipper,1221,123
2994,Elle Fanning,1221,161
2995,Homo habilis,1220,287
2996,Daylight saving time,1220,644
2997,Consensual non-monogamy,1220,477
2998,Harvard University,1220,1395
2999,Necromancy,1220,366
3000,Abortion,1220,565
3001,Mechanical Turk,1220,211
3002,Angel,1220,506
3003,Dramaturge,1220,97
3004,BoJack Horseman,1220,268
3005,Existential risk from artificial general intelligence,1220,346
3006,Charles Bukowski,1220,67
3007,Baltic states,1220,204
3008,Head shot,1220,33
3009,Utah,1220,192
3010,Tiny Toon Adventures,1220,998
3011,Von Neumann architecture,1220,335
3012,Prostate massage,1220,136
3013,Barbecue in Texas,1220,33
3014,Pepé Le Pew,1220,287
3015,Star Wars: Episode II – Attack of the Clones,1220,200
3016,Crumpet,1219,985
3017,Quantum decoherence,1219,309
3018,Sweet Jane,1219,70
3019,Pokémon Emerald,1219,627
3020,Cincinnati,1219,292
3021,Variations in traffic light operation,1219,774
3022,Spaghettification,1219,189
3023,Piledriver (sex position),1219,354
3024,Squeeze theorem,1219,348
3025,Underwear fetishism,1219,343
3026,Emergency,1219,79
3027,Linkin Park,1219,1334
3028,Butterfly,1219,240
3029,Discovery Expedition,1219,35
3030,Libertarianism,1219,256
3031,Cruise control,1219,81
3032,Sailor Venus,1219,86
3033,Fourth Doctor,1219,253
3034,Macaque,1219,309
3035,Hula hoop,1219,532
3036,The SpongeBob SquarePants Movie,1219,166
3037,Bertrand Russell,1219,364
3038,Geometry Dash,1219,593
3039,Lumberjack,1219,338
3040,Mid-Atlantic (United States),1219,154
3041,Krazy Kat,1219,178
3042,Apple Inc.,1219,1483
3043,Area 51,1219,1237
3044,Achilles and Patroclus,1218,423
3045,Kitten Kong,1218,118
3046,Liliʻuokalani,1218,86
3047,Hypnosis,1218,927
3048,Desmond Tutu,1218,88
3049,Brad Pitt,1218,1328
3050,Leading actor,1218,97
3051,Barbecue chicken,1218,31
3052,Bigfoot,1218,1264
3053,Princess Zelda,1218,750
3054,Staff of Moses,1218,398
3055,Oberammergau Passion Play,1218,96
3056,Rainbow Serpent,1218,169
3057,Jethro Tull (band),1218,151
3058,Telomere,1218,369
3059,Sky burial,1218,475
3060,Michael Jordan,1218,1226
3061,Goomba,1218,207
3062,Insertion sort,1218,300
3063,Notice,1218,92
3064,Doo-wop,1218,181
3065,Pudding,1218,430
3066,CN Tower,1218,296
3067,Paneer makhani,1218,246
3068,Moscow,1218,388
3069,Darth Maul,1218,225
3070,Hunting,1218,75
3071,Ballet,1218,413
3072,Quebec,1218,627
3073,Madagascar,1218,838
3074,Index fund,1217,417
3075,Draw by agreement,1217,106
3076,Money for Nothing (song),1217,117
3077,Nominative determinism,1217,478
3078,Godzilla,1217,390
3079,Recreational drug use,1217,25
3080,Cosplay,1217,927
3081,Inception,1217,1427
3082,F,1217,566
3083,Do Androids Dream of Electric Sheep?,1217,270
3084,J. Robert Oppenheimer,1217,1167
3085,Sailor Mars,1217,88
3086,Rihanna,1217,1341
3087,Queen Elizabeth I,1217,1207
3088,Clown,1217,1139
3089,Group home,1217,51
3090,Libertine,1217,222
3091,Pixel-art scaling algorithms,1217,599
3092,A Hard Day's Night (film),1217,248
3093,Kirby (character),1217,411
3094,Mater (Cars),1217,462
3095,Worm,1216,1454
3096,Garden warbler,1216,411
3097,Bill Nye,1216,289
3098,California College of the Arts,1216,174
3099,"Hollywood, Los Angeles",1216,1373
3100,Tremolo,1216,246
3101,Bridegroom,1216,144
3102,Decathlon,1216,32
3103,Knockout,1216,30
3104,Nova Scotia,1216,41
3105,Flagon,1216,140
3106,Cracker Barrel,1216,110
3107,Standard diving dress,1216,253
3108,Doom (1993 video game),1216,260
3109,French New Wave,1216,709
3110,Epicureanism,1216,715
3111,Spinning Wheel (song),1216,37
3112,Saint Nicholas (European folklore),1216,141
3113,Effeminacy,1216,698
3114,Orange,1216,498
3115,War and Peace,1216,1238
3116,The Far Side,1216,114
3117,Sodium-vapor lamp,1216,393
3118,David Tennant,1216,240
3119,Plausible deniability,1215,383
3120,Backing vocalist,1215,62
3121,Checkered woodpecker,1215,129
3122,Jurassic Park,1215,1327
3123,Lord,1215,126
3124,Structure and Interpretation of Computer Programs,1215,369
3125,Chess clock,1215,389
3126,The Great Muppet Caper,1215,36
3127,Shitposting,1215,857
3128,String cheese,1215,332
3129,Pen pal,1215,429
3130,Battle rap,1215,181
3131,Bed-ins for Peace,1215,234
3132,The Last Waltz,1215,125
3133,Donald Glover,1215,1324
3134,Unicycle,1215,1424
3135,Celebrity,1215,93
3136,Wampus cat,1215,137
3137,Bus stop,1215,185
3138,Care Bears,1215,86
3139,Trolleybus,1215,251
3140,Bauhaus,1215,478
3141,PlayStation 2,1215,581
3142,Poaceae,1215,238
3143,Linus Torvalds,1215,426
3144,Supporter,1215,64
3145,Chibiusa,1215,80
3146,Earthworm,1215,368
3147,Truck stop,1215,1280
3148,Deer,1214,410
3149,Chalcedony,1214,52
3150,Funkytown,1214,87
3151,South Park,1214,1679
3152,Chimney,1214,1407
3153,Macrophilia,1214,177
3154,International Times,1214,122
3155,Flip-flops,1214,1314
3156,Fermat's Last Theorem,1214,257
3157,Psychedelic trance,1214,52
3158,Pornography laws by region,1214,35
3159,Cantor's diagonal argument,1214,525
3160,Al Hirschfeld,1214,126
3161,Metallica,1214,2044
3162,Myrrh,1214,231
3163,Napoleon Bonaparte,1214,1351
3164,Morpho (genus),1214,783
3165,Tennis ball,1214,444
3166,Spartacus (film),1214,494
3167,Guggenheim Museum Bilbao,1214,1177
3168,Stark Raving Dad,1214,116
3169,Ben (film),1214,44
3170,Woody Harrelson,1214,142
3171,Dune (franchise),1213,396
3172,Abracadabra,1213,239
3173,Fidget toy,1213,1295
3174,Copenhagen interpretation,1213,314
3175,Sriracha sauce (Huy Fong Foods),1213,1401
3176,Underworld,1213,56
3177,Hairstyle,1213,37
3178,Denver,1213,507
3179,Public transportation in the United States,1213,360
3180,Black Sabbath,1213,119
3181,JavaScript,1213,1621
3182,Matthew McConaughey,1213,161
3183,Gobi Desert,1213,141
3184,Prompt engineering,1213,110
3185,Nutcracker,1213,113
3186,Lawyer,1213,23
3187,Eye liner,1213,364
3188,Glider (sailplane),1213,396
3189,Cannabis culture,1213,97
3190,Listerine,1213,311
3191,Dyson Sphere Program,1213,134
3192,Great Canadian Maple Syrup Heist,1213,816
3193,Mad TV,1213,134
3194,Ship of the line,1213,527
3195,Dodge Charger,1213,1169
3196,February 29,1213,293
3197,Chip 'n' Dale,1213,294
3198,Ghillie suit,1213,169
3199,Jennifer Lawrence,1213,1266
3200,Gordon Ramsay,1213,1415
3201,Zoidberg,1213,117
3202,Redeemer (Christianity),1213,249
3203,John Adams,1213,1148
3204,Anus,1213,1057
3205,Sport climbing,1213,30
3206,Battle of Waterloo,1213,176
3207,Lenny Bruce,1212,120
3208,Dimple,1212,515
3209,Screaming,1212,687
3210,Java,1212,1471
3211,Silver Age of Comic Books,1212,137
3212,Shack,1212,250
3213,Iggy Pop,1212,200
3214,Pornography in Japan,1212,333
3215,Windows 7,1212,521
3216,Munich S-Bahn,1212,301
3217,Prompt gamma neutron activation analysis,1212,32
3218,51 Pegasi b,1212,315
3219,Omen,1212,236
3220,Xbox,1212,121
3221,Filling station,1212,1150
3222,Dada,1212,1047
3223,Tooth fairy,1212,51
3224,Steve Buscemi,1212,410
3225,Head of government,1212,34
3226,Tube top,1212,705
3227,Bean bag,1212,95
3228,"Baden, Switzerland",1212,232
3229,Kākāpō,1212,1038
3230,Bible,1212,1357
3231,Catalonia,1212,466
3232,Back to the Future Part II,1212,489
3233,Harrington Beach State Park,1212,538
3234,Democritus,1212,406
3235,Chuck Norris,1212,347
3236,Beyond the Fringe,1211,170
3237,Chun-Li,1211,306
3238,Chemotherapy,1211,1355
3239,AMD,1211,244
3240,Thomas Hobbes,1211,512
3241,The Guess Who,1211,135
3242,Sergei Eisenstein,1211,247
3243,Java (programming language),1211,1397
3244,GNU Project,1211,734
3245,Creative destruction,1211,31
3246,Henry Cavill,1211,338
3247,Showgirl,1211,38
3248,South Africa,1211,389
3249,Poster,1211,257
3250,Perspiration,1211,417
3251,Sigmund Freud,1211,1432
3252,The Walt Disney Company,1211,535
3253,Test automation,1211,104
3254,Rallying,1211,319
3255,Dave Goelz,1211,33
3256,Gibson Explorer,1211,36
3257,Adidas,1211,1264
3258,O'Neill cylinder,1211,1021
3259,Borscht,1211,532
3260,Michael Jackson,1211,1416
3261,R.E.M.,1211,277
3262,Lesbian erotica,1211,264
3263,Welsh language,1211,157
3264,Pokémon (TV series),1210,118
3265,Coal,1210,243
3266,Qing dynasty,1210,370
3267,James Dean,1210,367
3268,Disney,1210,1348
3269,1990s in fashion,1210,244
3270,Microbiology of decomposition,1210,274
3271,Frodo Baggins,1210,315
3272,Twelfth Doctor,1210,239
3273,Indulgence,1210,348
3274,Easy-Bake Oven,1210,198
3275,Insulated glazing,1210,119
3276,List of commonly misused English words,1210,581
3277,Zendaya,1210,78
3278,Aarhus,1210,123
3279,Gin,1210,308
3280,Thomas Aquinas,1210,1177
3281,Wonderbra,1210,93
3282,Anthony Hopkins,1210,1139
3283,Dirt,1210,635
3284,Gouache,1210,83
3285,White tie,1210,1014
3286,Tongue twister,1210,189
3287,Southern United States,1210,1027
3288,Vodka,1210,296
3289,Rhythm game,1210,1007
3290,The Shawshank Redemption,1210,1307
3291,Princess Leia's bikini,1210,707
3292,Teacups,1210,171
3293,Hydrothermal carbonization,1210,399
3294,Sega,1210,252
3295,Millionaire,1210,115
3296,Butt,1209,169
3297,Victoria and Albert Museum,1209,907
3298,The Office (American TV series),1209,1364
3299,Steve Jobs,1209,1391
3300,Michelin Guide,1209,321
3301,Planet Earth (2006 TV series),1209,438
3302,Mind uploading,1209,1248
3303,Boombox,1209,31
3304,Standing long jump,1209,160
3305,Figure skating jumps,1209,340
3306,Chip fork,1209,506
3307,Barbershop music,1209,462
3308,Kind of Blue,1209,119
3309,Analysis paralysis,1209,579
3310,Usain Bolt,1209,1332
3311,Zürich,1209,117
3312,Ice hockey,1209,1272
3313,Banana equivalent dose,1209,264
3314,Dump truck,1209,1243
3315,Theatrical smoke and fog,1209,87
3316,Fountain (Duchamp),1209,78
3317,Basketball,1209,1275
3318,ENIAC,1209,587
3319,Badgers (animation),1209,246
3320,Pool (cue sports),1209,301
3321,Engagement ring,1209,1296
3322,Flâneur,1209,244
3323,Arby's,1209,140
3324,Apollo–Soyuz,1209,366
3325,Moth,1208,1248
3326,Jessica Alba,1208,82
3327,"Godzilla, King of the Monsters!",1208,232
3328,Soda geyser,1208,437
3329,Chef Boyardee,1208,41
3330,Laplace transform,1208,1046
3331,Tetration,1208,347
3332,List of chairs,1208,107
3333,Tel Aviv,1208,194
3334,Catch-22,1208,1167
3335,Math rock,1208,1110
3336,Speed limit,1208,1383
3337,Friedrich Nietzsche,1208,1643
3338,The Elder Scrolls V: Skyrim,1208,1546
3339,Vogue (dance),1208,158
3340,Fabric softener,1208,172
3341,Elizabeth II,1208,1580
3342,Stomp (theatrical show),1208,33
3343,Ponytail,1208,132
3344,St. Lawrence Seaway,1208,515
3345,Screaming (music),1208,313
3346,Projector,1208,79
3347,Fax,1208,373
3348,Titin,1208,224
3349,Stratford-upon-Avon,1208,121
3350,Model figure,1208,473
3351,Pilaf,1208,356
3352,The Cure,1208,369
3353,Quaternion,1208,255
3354,Pedal piano,1208,80
3355,Bracelet,1208,117
3356,Fetish art,1207,75
3357,Hugh Jackman,1207,1262
3358,Rat,1207,35
3359,Thorax,1207,99
3360,Magic: The Gathering,1207,1157
3361,Frodo Lives!,1207,154
3362,Tattoo,1207,1121
3363,Merlot,1207,509
3364,Shakespeare Programming Language,1207,91
3365,Unix filesystem,1207,240
3366,Kool-Aid Man,1207,145
3367,John Oliver,1207,365
3368,Gibson Girl,1207,55
3369,Ozzy Osbourne,1207,453
3370,Breast augmentation,1207,1148
3371,Aretha Franklin,1207,1201
3372,Eel,1207,441
3373,How to Train Your Dragon (film),1207,997
3374,The Birds (film),1207,52
3375,The Band,1207,121
3376,Speedcubing,1207,338
3377,Philippines,1207,51
3378,Tony the Tiger,1207,176
3379,John the Baptist,1207,1009
3380,Typhoon-class submarine,1206,354
3381,Louis XIV,1206,186
3382,Lipstick,1206,1219
3383,Sanskrit,1206,97
3384,Scottish English,1206,117
3385,Selective breeding,1206,394
3386,The City on the Edge of Forever,1206,43
3387,Breastfeeding in public,1206,247
3388,Rumpelstiltskin,1206,72
3389,Star Trek: The Animated Series,1206,79
3390,Jim Morrison,1206,836
3391,Genesis creation narrative,1206,116
3392,Quiet Revolution,1206,415
3393,Toyota,1206,1391
3394,Slovakia,1206,479
3395,James Cook,1206,319
3396,Mise en abyme,1206,94
3397,Phallic architecture,1206,528
3398,Wheel of Fortune (American game show),1206,128
3399,Nocturnal emission,1206,178
3400,More Cowbell,1206,205
3401,Mime artist,1206,297
3402,Jaws (film),1206,1363
3403,Lego Star Wars,1206,762
3404,Balalaika,1205,415
3405,Goblin,1205,775
3406,Critical race theory,1205,81
3407,Luna moth,1205,700
3408,Teletubbies,1205,246
3409,Rolls-Royce Phantom,1205,1403
3410,Teenage Mutant Ninja Turtles (1990 film),1205,306
3411,Tissue paper,1205,60
3412,Rosh Hashanah,1205,302
3413,Parcheesi,1205,73
3414,Fight Club,1205,1267
3415,The Muppet Movie,1205,36
3416,Caucasus,1205,192
3417,Garden gnome,1205,58
3418,Polder,1205,482
3419,Wish You Were Here (Pink Floyd album),1205,423
3420,Secretarybird,1205,278
3421,Beauty and the Beast (1991 film),1205,382
3422,Adele,1205,1328
3423,Portal (series),1205,358
3424,Porsche 911,1205,1399
3425,Alien invasion,1205,347
3426,Cedar waxwing,1205,80
3427,"""Yo mama"" joke",1205,1131
3428,Eighth Doctor,1205,220
3429,2010s in fashion,1205,245
3430,Mecca,1205,239
3431,Khinkali,1205,282
3432,Invisible Pink Unicorn,1205,343
3433,Ryu (Street Fighter),1205,139
3434,TV Tropes,1205,738
3435,Inflation (cosmology),1205,287
3436,Étouffée,1204,281
3437,Hedge fund,1204,299
3438,Alien abduction,1204,240
3439,Chili pepper,1204,40
3440,Black Mirror,1204,1444
3441,Devil,1204,304
3442,Fingering (music),1204,71
3443,GameStop,1204,264
3444,Marvin the Paranoid Android,1204,130
3445,Imagine: John Lennon,1204,34
3446,Khan Academy,1204,675
3447,Spider,1204,760
3448,Aircraft carrier,1204,337
3449,Cyberpunk derivatives,1204,59
3450,Proletariat,1204,321
3451,Rastafari,1204,88
3452,Shell game,1204,82
3453,Liberty Bell,1204,930
3454,"Moscow, Russia",1204,1365
3455,Beijing China,1204,1207
3456,Gas mask,1204,296
3457,Betamax,1204,157
3458,Negentropy,1204,630
3459,Word-sense disambiguation,1204,481
3460,Sports car,1204,264
3461,Espionage,1204,191
3462,Classification of finite simple groups,1204,288
3463,Thistle,1204,393
3464,Iron Man,1204,1043
3465,Avatar: The Last Airbender (franchise),1204,274
3466,Richard III (play),1204,129
3467,Jeff Goldblum,1204,133
3468,Anti-capitalism,1204,490
3469,15 puzzle,1204,352
3470,DeviantArt,1204,1068
3471,Interpol,1204,79
3472,Caps Lock,1204,665
3473,Carmen,1204,1004
3474,Jeopardy!,1204,1426
3475,Chromatophore,1204,229
3476,Philadelphia,1204,527
3477,Dumbo the Flying Elephant,1203,160
3478,Garfield and Friends,1203,276
3479,Twitch (service),1203,1428
3480,Sandal,1203,657
3481,Sliding puzzle,1203,293
3482,Nicolas Cage filmography,1203,394
3483,RoboCop,1203,124
3484,The Ultimate Alphabet,1203,17
3485,Singapore,1203,1075
3486,Ottoman Empire,1203,1298
3487,She-wolf (Roman mythology),1203,47
3488,Curdling,1203,51
3489,Sumo,1203,1367
3490,Dominatrix,1203,1025
3491,Gender neutrality in languages with gendered third-person pronouns,1203,405
3492,Billboard,1203,128
3493,A Whiter Shade of Pale,1203,231
3494,Dick,1203,139
3495,Spider lily,1203,308
3496,Mini,1203,1168
3497,"Cape Town, South Africa",1203,1337
3498,Transition from Ming to Qing,1203,297
3499,"Ed, Edd n Eddy",1203,273
3500,Sega Genesis,1203,220
3501,Tron,1203,137
3502,Lockheed SR-71 Blackbird,1203,1463
3503,The Legend of Zelda: Tears of the Kingdom,1203,1015
3504,Ariana Grande,1203,128
3505,Punk,1203,57
3506,Eudaimonia,1203,535
3507,Ganymede (mythology),1203,78
3508,Family Feud,1202,103
3509,Swashbuckler,1202,32
3510,Corn Palace,1202,270
3511,Third Amendment to the United States Constitution,1202,156
3512,Ferrari Enzo,1202,177
3513,Pancit,1202,294
3514,Your Name,1202,316
3515,Thomas Paine,1202,573
3516,Barbie,1202,313
3517,Everything Everywhere All at Once,1202,258
3518,Dick Clark,1202,136
3519,King Kong vs. Godzilla,1202,317
3520,Trinity,1202,149
3521,List of countries by coconut production,1202,269
3522,GeForce,1202,1184
3523,Myosaurus,1202,976
3524,Oberlin College,1202,72
3525,Calypso music,1202,33
3526,Courtier,1202,85
3527,Suckling pig,1202,81
3528,Restraining order,1202,78
3529,Academic grading in the United States,1202,52
3530,Bambi Meets Godzilla,1202,99
3531,Lockheed C-130 Hercules,1202,15
3532,The Magic Finger,1202,183
3533,Portal 2,1202,858
3534,DualShock,1202,192
3535,Helter skelter (ride),1201,157
3536,Blue Man Group,1201,50
3537,Apollo Belvedere,1201,399
3538,Joker (2019 film),1201,227
3539,Quantum Leap,1201,168
3540,Acid house,1201,320
3541,Double penetration,1201,719
3542,Straw,1201,85
3543,Motorsport,1201,748
3544,Tim Walz,1201,17
3545,Frankincense,1201,135
3546,Falsetto,1201,199
3547,Bareback (sexual act),1201,465
3548,The Moody Blues,1201,200
3549,Teenage Mutant Ninja Turtles (1987 TV series),1201,285
3550,OpenStreetMap,1201,12
3551,Lesbian bar,1201,72
3552,Limoncello,1201,254
3553,Meryl Streep,1201,1249
3554,Erotic furniture,1201,189
3555,STM32,1201,308
3556,Coin cleaning,1201,89
3557,Hubris,1201,445
3558,Happy Birthday to You,1201,583
3559,Tomatillo,1201,34
3560,Mighty Morphin Power Rangers,1201,934
3561,Twister (game),1201,1252
3562,Edward Norton,1201,212
3563,Aang,1201,236
3564,Squishmallows,1201,272
3565,Hermione Granger,1201,1250
3566,Tax evasion,1201,194
3567,Lay's,1200,185
3568,Comic Book Confidential,1200,31
3569,Pineapple lumps,1200,118
3570,Saguaro,1200,894
3571,"Beverly Hills, California",1200,32
3572,Ferrari,1200,1412
3573,Back to the Future Part III,1200,400
3574,Artichoke,1200,196
3575,Styrofoam,1200,1276
3576,Airbus A380,1200,414
3577,Program,1200,25
3578,Angers,1200,291
3579,Mescaline,1200,513
3580,Leonardo DiCaprio,1200,1334
3581,Michael Scott (The Office),1200,266
3582,Chocolate Rain,1200,229
3583,Grogu,1200,1371
3584,Defensive fighting position,1200,407
3585,Ultimate (sport),1200,256
3586,Hawaiian Punch,1200,141
3587,Bummer and Lazarus,1200,221
3588,Anglerfish,1200,522
3589,Coloring book,1200,1449
3590,Scrotum,1200,1295
3591,Grace,1200,65
3592,Talmud,1200,269
3593,Black Elk,1200,94
3594,What Is It Like to Be a Bat?,1199,484
3595,Fez (hat),1199,154
3596,Kill Bill: Volume 1,1199,11
3597,Grand Theft Auto V,1199,290
3598,Like button,1199,1308
3599,Cup,1199,42
3600,Boeing Everett Factory,1199,17
3601,Runic inscriptions in Hagia Sophia,1199,250
3602,Chile,1199,1355
3603,Activated carbon,1199,16
3604,Eminem,1199,1224
3605,Lady Gaga,1199,1200
3606,Emmett Brown,1199,133
3607,Cat Stevens,1199,73
3608,Georgia (country),1199,429
3609,This,1199,385
3610,MDMA,1199,616
3611,Bondage (BDSM),1199,190
3612,After Dark (software),1199,52
3613,Lambda calculus,1199,773
3614,Subway (restaurant),1199,1260
3615,Sergio Aragonés,1199,81
3616,European social model,1199,443
3617,Logos,1199,115
3618,In-N-Out Burger,1199,310
3619,Chevrolet Corvette,1199,1218
3620,LeBron James,1199,1320
3621,Bazooka (chewing gum),1199,133
3622,Filter (social media),1199,183
3623,Barnabas,1199,79
3624,Bon Jovi,1199,708
3625,Mince pie,1199,82
3626,Fudgie the Whale,1199,118
3627,E.T. the Extra-Terrestrial,1199,1137
3628,Tornado,1199,1446
3629,Horse head mask,1199,275
3630,Resignation,1199,76
3631,Social media,1198,574
3632,Menstrual pad,1198,194
3633,The Clash,1198,273
3634,Titanic,1198,1648
3635,The Culture,1198,222
3636,Fall of the Western Roman Empire,1198,1181
3637,Corrections,1198,89
3638,Big wheel (tricycle),1198,406
3639,River otter,1198,910
3640,John Goodman,1198,145
3641,Fruit wine,1198,127
3642,Zodiac,1198,201
3643,Sea Peoples,1198,373
3644,Grasshopper,1198,166
3645,Handlebar moustache,1198,1360
3646,American Civil War,1198,1230
3647,Googie architecture,1198,142
3648,Mattel,1198,160
3649,Clear craze,1198,36
3650,Dhalsim,1198,138
3651,Itemized deduction,1198,70
3652,Moonrise Kingdom,1198,166
3653,Playboy,1198,196
3654,Pope,1198,717
3655,"Juneau, Alaska",1198,311
3656,Palestine (region),1198,408
3657,Castling,1198,269
3658,Battleship,1198,1481
3659,Steam Deck,1198,118
3660,Hess's law,1198,141
3661,Gilbert Gottfried,1198,202
3662,Sports agent,1198,29
3663,ASMR,1198,218
3664,Rollerblade,1198,1360
3665,Winamp,1198,182
3666,Craft beer,1198,617
3667,Russian language,1197,194
3668,Baseball,1197,1275
3669,Wienermobile,1197,18
3670,Shakira,1197,21
3671,Mozilla,1197,446
3672,Bali,1197,1232
3673,Super Mario Galaxy 2,1197,186
3674,Rubik's Snake,1197,50
3675,Our Lady of Sorrows,1197,44
3676,Ring binder,1197,54
3677,Grand Theft Auto IV,1197,609
3678,The Neverending Story,1197,477
3679,French maid,1197,202
3680,Disambiguation (disambiguation),1197,788
3681,John McCarthy (computer scientist),1197,371
3682,Celine Dion,1197,273
3683,Other (philosophy),1197,359
3684,The Goon Show,1197,65
3685,Inversion (meteorology),1197,125
3686,Formula One,1197,1321
3687,An Experiment on a Bird in the Air Pump,1197,262
3688,Bisexual flag,1196,1587
3689,Manic Pixie Dream Girl,1196,269
3690,DALL-E,1196,290
3691,Sumatran striped rabbit,1196,597
3692,Outline of literature,1196,37
3693,Arnold Schwarzenegger,1196,1496
3694,Strategic management,1196,54
3695,Monitor speaker,1196,55
3696,Motorola Razr,1196,354
3697,SQL,1196,289
3698,Jewish Community of Vienna,1196,317
3699,Debate chamber,1196,72
3700,Hunter S. Thompson,1196,855
3701,Van Halen,1196,271
3702,World Trade Center (1973–2001),1196,1216
3703,Norwich,1196,178
3704,Sailor Saturn,1196,93
3705,Disc golf,1196,312
3706,Norwich Castle,1196,81
3707,Historical reenactment,1196,44
3708,Rope bondage,1196,68
3709,"Dildo, Newfoundland and Labrador",1196,98
3710,Evel Knievel,1196,181
3711,Polycephaly,1196,251
3712,Henrik Ibsen,1196,110
3713,Ella Fitzgerald,1196,461
3714,"Mumbai, India",1196,1360
3715,Medusa,1196,257
3716,Joe Biden,1195,1447
3717,Amphetamine,1195,168
3718,Mangosteen,1195,352
3719,Denzel Washington,1195,1164
3720,Units of textile measurement,1195,272
3721,Australian dollar,1195,263
3722,Dark Ages (historiography),1195,286
3723,E-girls,1195,386
3724,Mariah Carey,1195,236
3725,Barbecue in the United States,1195,34
3726,Cummingtonite,1195,207
3727,Castle in the Sky,1195,668
3728,Filk music,1195,50
3729,George W. Bush shoeing incident,1195,505
3730,The Great Day of His Wrath,1195,329
3731,Dragon Ball,1195,1288
3732,The Real Ghostbusters,1195,71
3733,Bongcloud Attack,1194,718
3734,Where's the beef?,1194,223
3735,Lard,1194,83
3736,Civilization VI,1194,427
3737,Flying Spaghetti Monster,1194,377
3738,Record Store Day,1194,125
3739,Brave New World,1194,402
3740,Axehandle hound,1194,68
3741,Space Jam,1194,115
3742,Katara (Avatar: The Last Airbender),1194,260
3743,Birds Aren't Real,1194,396
3744,Steve (Minecraft),1194,999
3745,Mark Rober,1194,124
3746,Heathrow Airport,1194,426
3747,Imp,1194,384
3748,Cammy,1194,130
3749,Hosiery,1194,537
3750,Sokka,1194,244
3751,Gibson Flying V,1194,40
3752,Guardians of the Galaxy (film),1194,1210
3753,Fuck tha Police,1194,203
3754,Claude Shannon,1194,764
3755,Ballistic knife,1194,433
3756,Paris syndrome,1194,392
3757,Bernie Sanders Guide to Political Revolution,1194,1179
3758,Broken windows theory,1194,233
3759,Can-can,1193,72
3760,Maypole,1193,144
3761,Tom Waits,1193,54
3762,.NET Framework,1193,220
3763,Daria,1193,572
3764,The Legend of Zelda: The Wind Waker,1193,365
3765,Bodybuilding,1193,59
3766,Heath Ledger,1193,176
3767,"Schenectady, New York",1193,52
3768,Serena Williams,1193,1258
3769,Guinevere,1193,126
3770,ALF (character),1193,248
3771,Low-alcohol beer,1193,233
3772,Uriel,1193,266
3773,Peace on Earth (film),1193,108
3774,Kosovo,1193,254
3775,Honda Civic,1193,1557
3776,Mariner's cap,1193,216
3777,MTV Unplugged,1193,155
3778,Hobgoblin,1193,282
3779,Schindler's List,1193,888
3780,Tiberius,1193,197
3781,The Sims 4,1193,147
3782,Bristol,1193,321
3783,Succubus,1193,353
3784,Lincoln Highway,1193,216
3785,King Creole,1193,45
3786,Intercontinental ballistic missile,1193,354
3787,Toonami,1193,36
3788,Mary Poppins (character),1193,1235
3789,Moissanite,1193,316
3790,Seinfeld,1193,1412
3791,Motorized scooter,1193,425
3792,Traffic guard,1193,73
3793,Guns N' Roses,1192,304
3794,George Washington (Greenough),1192,829
3795,Crocs,1192,1266
3796,Lenna,1192,341
3797,Collars in BDSM,1192,186
3798,Mbira,1192,309
3799,Klotski,1192,300
3800,Mary Poppins (film),1192,1118
3801,Phineas and Ferb,1192,386
3802,Cupid,1192,34
3803,Taipei,1192,626
3804,John Belushi,1192,144
3805,Transhumanism,1192,883
3806,Spanking,1192,460
3807,Mother Teresa,1192,337
3808,Amazon Kindle,1192,1273
3809,Hemadpanti architecture,1192,210
3810,Feminism in Mexico,1192,471
3811,United States Treasury security,1192,248
3812,Harry S. Truman,1192,994
3813,Digitalis,1192,425
3814,Keep On Truckin' (comics),1192,189
3815,Chipotle Mexican Grill,1192,1236
3816,Rockall,1192,403
3817,Holy Roman Empire,1192,484
3818,4 (disambiguation),1192,329
3819,Super Bowl,1192,96
3820,Leicester,1192,370
3821,Doggystyle,1192,324
3822,Queen Rock Montreal,1192,42
3823,Beatboxing,1192,1253
3824,Arecaceae,1192,231
3825,Hey Ya!,1192,44
3826,Krakatoa,1192,556
3827,Testosterone (medication),1192,48
3828,Jane Goodall,1192,1240
3829,Malaysia,1192,271
3830,Lviv,1192,421
3831,Leviathan (Hobbes book),1191,321
3832,Pee-wee's Playhouse,1191,122
3833,Syria,1191,160
3834,Martini (cocktail),1191,257
3835,The Game of Life,1191,1230
3836,Bling-bling,1191,101
3837,Avril Lavigne,1191,328
3838,Hygge,1191,451
3839,Item (game terminology),1191,85
3840,Pop Rocks,1191,70
3841,Friends,1191,1347
3842,Pornography in the United States,1191,117
3843,"Portland, Oregon",1191,1159
3844,22 Short Films About Springfield,1191,641
3845,MTV,1191,1259
3846,Standing passenger,1191,599
3847,ISO metric screw thread,1191,1110
3848,Troll (slang),1191,1596
3849,Game of Thrones (season 1),1191,116
3850,Death metal,1191,1091
3851,"Magnum, P.I.",1191,106
3852,Eleventh Doctor,1191,187
3853,Darvaza gas crater,1191,345
3854,William Shatner,1191,232
3855,Crochet,1191,1015
3856,Roman triumph,1191,112
3857,Psychedelic drug,1190,81
3858,Stereopsis,1190,39
3859,Jumping the shark,1190,359
3860,Prostitution,1190,1317
3861,Snooker,1190,522
3862,The Adventures of Rocky and Bullwinkle and Friends,1190,123
3863,Puritans,1190,109
3864,Box jellyfish,1190,512
3865,Battles of Lexington and Concord,1190,93
3866,Sriracha,1190,395
3867,Tractatus Logico-Philosophicus,1190,595
3868,Cheesesteak,1190,1177
3869,Pocahontas (1995 film),1190,448
3870,Capric acid,1190,250
3871,End of the Trail (Fraser),1190,118
3872,"Sedona, Arizona",1190,129
3873,Sid Meier,1190,291
3874,The Nut Gatherers,1190,500
3875,Napoleon Dynamite,1190,188
3876,Ranch dressing,1190,267
3877,Aircraft flight control system,1190,35
3878,Blurb,1190,132
3879,Ming dynasty,1190,205
3880,Board game café,1190,103
3881,SpaceX,1189,914
3882,Higher School of Economics,1189,317
3883,Currier and Ives,1189,169
3884,Fencing,1189,129
3885,Six Flags,1189,293
3886,Harry potter series,1189,1319
3887,Madonna,1189,1432
3888,"Jerusalem, Israel",1189,1372
3889,Generative art,1189,446
3890,Poltergeist,1189,412
3891,Swinging (sexual practice),1189,154
3892,Taylor Swift,1189,1345
3893,Rainbow cookie,1189,342
3894,Cosmo Kramer,1189,392
3895,Simply Beverages,1189,184
3896,Vsauce,1189,342
3897,Talk show,1189,532
3898,Super Mario Maker 2,1189,575
3899,Beer pong,1189,359
3900,Jabba the Hutt,1189,561
3901,Lichess,1189,276
3902,Everything Is Terrible!,1189,146
3903,Something Else,1189,310
3904,IPhone 14 Pro,1189,358
3905,The Final Countdown (song),1189,272
3906,Monster group,1189,278
3907,Bouba/kiki effect,1189,411
3908,Special K,1189,551
3909,Charles Wesley,1189,80
3910,Boxing kangaroo,1189,214
3911,Cheongsam,1189,228
3912,Coachella,1189,29
3913,Starbucks,1189,1351
3914,Severus Snape,1189,309
3915,Sturgeon,1189,222
3916,Groundhog Day (film),1189,182
3917,Cheese sandwich,1189,85
3918,List of compositions by Johann Sebastian Bach,1189,87
3919,Wuxia,1189,262
3920,Parable of the Polygons,1189,773
3921,Rowing (sport),1189,1295
3922,Trillion,1189,114
3923,Billy Joel,1188,283
3924,Super Mario RPG,1188,733
3925,Foo Fighters,1188,446
3926,Florida,1188,688
3927,Mazda MX-5,1188,553
3928,Neil Young,1188,336
3929,P versus NP problem,1188,400
3930,PalmPilot,1188,275
3931,Homosexuality in Japan,1188,639
3932,Forced orgasm,1188,204
3933,Ridley Scott,1188,171
3934,Juggling notation,1188,1030
3935,Harry Potter,1188,1534
3936,2C-B,1188,159
3937,Gömböc,1188,133
3938,Bottle flipping,1188,72
3939,White House,1188,1321
3940,Stranger Things,1188,167
3941,Aaahh!!! Real Monsters,1188,30
3942,Turn on red,1188,181
3943,TwoSet Violin,1188,319
3944,Seven minutes in heaven,1188,387
3945,Fret,1188,80
3946,"Bainbridge Island, Washington",1188,431
3947,Green Hill Zone,1188,282
3948,John Quincy Adams,1188,1051
3949,Masonry heater,1188,136
3950,Thunderbirds machines,1188,237
3951,Montreux,1187,256
3952,Mantis shrimp,1187,635
3953,Optimal control,1187,64
3954,Careless Whisper,1187,552
3955,Chihuahua (dog),1187,289
3956,Color-blind casting,1187,93
3957,Fictional planets of the Solar System,1187,263
3958,Kraft Dinner,1187,358
3959,Geoffrey Chaucer,1187,401
3960,Conformal field theory,1187,335
3961,Artificial plants,1187,138
3962,Hindi cinema,1187,1426
3963,Queens,1187,331
3964,Brandenburg Gate,1187,17
3965,Preserved Fish,1187,275
3966,LazyTown,1187,114
3967,Professional wrestling,1187,560
3968,Barbenheimer,1187,288
3969,Receipt,1187,424
3970,Louisiana,1187,527
3971,Salma Hayek,1187,967
3972,Robert De Niro,1187,1260
3973,Cyberman,1187,124
3974,Stretch Armstrong,1187,584
3975,Unknot,1187,229
3976,Inbetweening,1187,145
3977,Freediving,1187,840
3978,Pandoran biosphere,1187,244
3979,Kill Bill: Volume 2,1187,286
3980,XLR connector,1187,905
3981,Vega (Street Fighter),1186,132
3982,Tubthumping,1186,237
3983,Krabby Patty,1186,78
3984,"Gödel, Escher, Bach",1186,1068
3985,7 (disambiguation),1186,187
3986,Drag Queen Story Hour,1186,222
3987,Ketamine,1186,273
3988,Plate,1186,210
3989,Abraham Lincoln: Vampire Hunter,1186,96
3990,Self-driving car,1186,139
3991,Real ale,1186,533
3992,GNU nano,1186,434
3993,Watership Down,1186,465
3994,Regret,1186,1369
3995,Online dating,1186,304
3996,Sailor Moon (character),1186,92
3997,H.R. Pufnstuf,1186,57
3998,Godzilla (franchise),1186,388
3999,Ontario,1186,223
4000,Forbidden Corner,1186,131
4001,Arpad Elo,1186,259
4002,Knife game,1186,70
4003,The Adventures of Mark Twain (1985 film),1186,10
4004,Russian LGBT Network,1186,298
4005,Banana fritter,1186,63
4006,Pokémon HeartGold and SoulSilver,1186,593
4007,The Soup Nazi,1186,103
4008,Lazer Tag,1186,152
4009,Why Can't We Be Friends?,1186,204
4010,Stevie Ray Vaughan,1186,122
4011,Adjoint functors,1186,308
4012,Albertosaurus,1186,380
4013,American football,1186,774
4014,Hasbro,1185,748
4015,Confidence trick,1185,196
4016,Sodomy,1185,142
4017,Karl Marx,1185,1316
4018,Autism,1185,27
4019,James Madison,1185,1007
4020,The Catcher in the Rye,1185,1342
4021,Defamation,1185,64
4022,SWOT analysis,1185,1158
4023,Greenlandic language,1185,525
4024,Opposition to Vladimir Putin in Russia,1185,221
4025,8 (disambiguation),1185,272
4026,AI alignment,1185,88
4027,Air freshener,1185,1069
4028,Grunge,1185,112
4029,Morocco,1185,1320
4030,Dishwashing,1185,221
4031,Academy Awards,1185,1375
4032,"Sacramento, California",1185,924
4033,George Foreman Grill,1185,251
4034,Birmingham,1185,120
4035,Paul McCartney and Wings,1185,172
4036,Yacht,1185,39
4037,Latvia,1184,301
4038,Foundation (Asimov novel),1184,36
4039,Pingu,1184,691
4040,Artillery,1184,346
4041,Krusty Gets Kancelled,1184,41
4042,Haunted swing,1184,98
4043,Speed bump,1184,1327
4044,Ivy League,1184,275
4045,Beavis and Butt-Head,1184,680
4046,Pokémon Platinum,1184,616
4047,Hodag,1184,181
4048,The Prestige (film),1184,1184
4049,Semen,1184,677
4050,Sonic hedgehog protein,1184,443
4051,Rebreather,1184,269
4052,Captain Kangaroo,1184,95
4053,Dookie,1184,16
4054,Sun tanning,1184,516
4055,Wham!,1184,364
4056,Ecclesiastes,1184,18
4057,Cowboy Bebop,1184,444
4058,Whole Foods Market,1184,1225
4059,Zeitgeist,1184,790
4060,Tbilisi,1184,185
4061,Dalek,1184,216
4062,Fidget spinner,1184,246
4063,Democratic Party (United States),1183,61
4064,Haruki Murakami,1183,550
4065,Overhead press,1183,378
4066,Zombie,1183,1121
4067,King's Gambit,1183,329
4068,The Fool (tarot card),1183,32
4069,American Girl,1183,91
4070,Mergers and acquisitions,1183,278
4071,Red spitting cobra,1183,24
4072,San Diego,1183,1104
4073,Jewish-American patronage of Chinese restaurants,1183,331
4074,Polyamory,1183,717
4075,They Might Be Giants,1183,463
4076,Artificial intelligence and copyright,1183,41
4077,Liana,1183,461
4078,PDP-10,1183,310
4079,Volleyball jargon,1183,143
4080,Lindy Hop,1183,163
4081,Bandwagon effect,1183,195
4082,Kink.com,1183,168
4083,Pastel de nata,1183,318
4084,Eigendecomposition of a matrix,1183,334
4085,Marx generator,1183,683
4086,Red Dead Redemption 2,1183,1196
4087,Retainer (orthodontics),1183,566
4088,Capcom,1183,283
4089,Currywurst,1183,334
4090,Power rack,1183,334
4091,Julia Roberts,1183,1240
4092,Psychosis,1183,370
4093,Aquilegia,1183,808
4094,Mountain Dew,1183,318
4095,Texas Tech University,1183,229
4096,Hermaphrodite,1182,186
4097,Counter-Strike,1182,339
4098,Jesus Christ Superstar,1182,98
4099,Diet Coke,1182,421
4100,"Istanbul, Turkey",1182,1286
4101,Body painting,1182,170
4102,Metroid (video game),1182,298
4103,Marbury v. Madison,1182,146
4104,Little Orphan Annie,1182,124
4105,Dempster Highway,1182,723
4106,Stoner rock,1182,40
4107,Patterson–Gimlin film,1182,52
4108,Genital tattooing,1182,219
4109,Folsom Prison Blues,1182,257
4110,Homeschooling,1182,1363
4111,World of Warcraft,1182,1375
4112,Air Jordan,1182,1431
4113,James Baxter the Horse,1182,272
4114,World Black Pudding Throwing Championships,1182,133
4115,Amazon (company),1182,1342
4116,Slimer,1182,530
4117,"80,000 Hours",1182,357
4118,Tickle Cock Bridge,1182,325
4119,Opuntia monacantha,1182,182
4120,Seventh Doctor,1181,221
4121,Hello Kitty,1181,1300
4122,Long-distance relationship,1181,722
4123,Star Trek: Deep Space Nine,1181,289
4124,Telegram (software),1181,258
4125,Interrobang,1181,322
4126,Femboy,1181,106
4127,Mr. Mime,1181,1542
4128,The Harder They Come,1181,99
4129,Decadent movement,1181,84
4130,Bloom filter,1181,248
4131,The First Law,1181,264
4132,Charles de Gaulle,1181,60
4133,Schoolhouse Rock!,1181,388
4134,Alexandria Ocasio-Cortez,1181,1431
4135,Haiti,1181,737
4136,Hydrox,1181,382
4137,Oldest profession (phrase),1181,502
4138,Hank Hill,1181,305
4139,Grimoire,1181,315
4140,Scott Pilgrim vs. the World,1181,360
4141,Second Doctor,1181,209
4142,Affenpinscher,1181,162
4143,College football,1181,260
4144,Folsom Street Fair,1181,42
4145,Asperger syndrome,1181,569
4146,Fedora,1181,1385
4147,Menstrual cycle,1181,174
4148,Drag racing,1181,662
4149,University of Chicago,1181,424
4150,Conspiracy,1181,380
4151,Alcoholics Anonymous,1181,1420
4152,Dance Dance Revolution Extreme,1181,133
4153,A Streetcar Named Desire,1181,385
4154,"University of California, Davis",1181,231
4155,The Mandalorian (character),1181,123
4156,Larry David,1181,214
4157,Brooks Brothers,1181,233
4158,Jorge Luis Borges,1180,243
4159,Wrestling,1180,1302
4160,Battle of Gettysburg,1180,174
4161,Kruskal's tree theorem,1180,129
4162,Anasyrma,1180,284
4163,"Papers, Please",1180,246
4164,Bounty hunter,1180,321
4165,Menelaus,1180,162
4166,Neodymium,1180,155
4167,Clint Eastwood,1180,306
4168,Square dance,1180,1307
4169,Tanzania,1180,1114
4170,Dab (dance),1180,410
4171,Thanos (Marvel Cinematic Universe),1180,229
4172,Steak tartare,1180,440
4173,Nine Inch Nails,1180,203
4174,Olivia Rodrigo,1180,455
4175,Paris Commune,1180,640
4176,Myosotis,1180,310
4177,Bionicle,1180,223
4178,Land value tax,1180,565
4179,Mug Root Beer,1180,663
4180,Bosnia and Herzegovina,1180,95
4181,Sortition,1179,373
4182,Max Weber,1179,470
4183,Rage comic,1179,176
4184,Galen,1179,716
4185,Lockheed A-12,1179,412
4186,Wellington,1179,166
4187,Pokémon Sword and Shield,1179,555
4188,Rupert Bear,1179,91
4189,Ethics (Spinoza book),1179,836
4190,Microsoft Bing,1179,1350
4191,The Legend of Zelda: Majora's Mask,1179,649
4192,Daisy (advertisement),1179,162
4193,Our World (1967 TV program),1179,47
4194,Streaking,1179,85
4195,Joan Crawford,1179,90
4196,Cavity magnetron,1179,167
4197,Planet of the Apes,1179,277
4198,Freakazoid!,1179,190
4199,Timothée Chalamet,1179,836
4200,Cesar Chavez,1179,109
4201,Palak paneer,1179,108
4202,Aurochs,1179,387
4203,Bureaucracy,1179,712
4204,13,1178,210
4205,Arthur Rimbaud,1178,212
4206,Pokémon Omega Ruby and Alpha Sapphire,1178,532
4207,Gay bathhouse,1178,124
4208,Elizabeth Blackwell,1178,61
4209,Battenberg cake,1178,308
4210,Del Taco,1178,162
4211,Racket (sports equipment),1178,153
4212,Dinosaurs (TV series),1178,250
4213,BlackBerry,1178,90
4214,Vasodilation,1178,245
4215,Fisting,1178,377
4216,Memory paging,1178,281
4217,Odesa,1178,458
4218,ArXiv,1178,647
4219,Pitaya,1178,120
4220,Cars (song),1178,65
4221,Pygmy peoples,1178,557
4222,Bouvet Island,1178,402
4223,Goodhart's law,1178,421
4224,The Naked Gun,1178,71
4225,Garbage Pail Kids,1178,103
4226,Woody Allen,1178,268
4227,Rutabaga,1178,202
4228,Trapper Keeper,1177,63
4229,Jesse Pinkman,1177,532
4230,Leeuwarden,1177,378
4231,Amherst College,1177,236
4232,Ska,1177,622
4233,Oppenheimer (film),1177,171
4234,Toyota Prius,1177,1286
4235,Long-term nuclear waste warning messages,1177,458
4236,Scottish independence,1177,252
4237,LinkedIn,1177,65
4238,Hans Asperger,1177,490
4239,Ejaculatory duct,1177,335
4240,The Legend of Zelda: Twilight Princess,1177,426
4241,Protestantism,1177,609
4242,Davy Crockett,1177,247
4243,William Wallace,1177,235
4244,Calvin Coolidge,1177,835
4245,Topical medication,1177,1263
4246,Third Doctor,1177,198
4247,Dub music,1176,382
4248,Water Temple (Ocarina of Time),1176,186
4249,2 Stupid Dogs,1176,71
4250,List of lists of Swedes,1176,362
4251,Ecchi,1176,249
4252,Clicker,1176,109
4253,Total Recall (1990 film),1176,226
4254,Lionel Messi,1176,2029
4255,Liturgy,1176,250
4256,Craps,1176,84
4257,Sonic the Hedgehog (1991 video game),1176,437
4258,Handedness,1176,65
4259,Airline meal,1176,213
4260,Smoking cessation,1176,75
4261,Green Bay Packers,1176,47
4262,Gentrification,1176,221
4263,Vim (text editor),1176,541
4264,Barenaked Ladies,1176,281
4265,Tropical cyclone,1176,1078
4266,Sex swing,1176,356
4267,Hyperpop,1176,190
4268,Arnold tongue,1176,194
4269,Colchester,1176,219
4270,Dragon Ball Z,1176,289
4271,Gilbert Shelton,1176,82
4272,Gaming chair,1176,37
4273,Kapla,1175,50
4274,Erotic lactation,1175,562
4275,Évariste Galois,1175,222
4276,Snow White and the Seven Dwarfs (1937 film),1175,242
4277,Inaccessible Island rail,1175,541
4278,Julia Morgan,1175,71
4279,Boaty McBoatface,1175,1099
4280,The Good Place,1175,541
4281,Natural gas pipeline system in the United States,1175,309
4282,Neoliberalism,1175,504
4283,Porphyry (geology),1175,360
4284,Taraxacum,1175,406
4285,Pokémon Black and White,1175,627
4286,Coldplay,1175,257
4287,Marnie (film),1175,43
4288,Among Us,1175,645
4289,Ad hominem,1175,502
4290,Professional wrestling double-team maneuvers,1175,267
4291,Boeing,1175,277
4292,Pearl Jam,1175,492
4293,Deep Purple,1175,210
4294,Star Wars: Knights of the Old Republic (video game),1175,184
4295,Mad (magazine),1175,885
4296,Nipple piercing,1175,502
4297,Attention deficit hyperactivity disorder,1175,1450
4298,Linux Mint,1175,56
4299,Bryce Dallas Howard,1175,234
4300,Tentacle erotica,1175,94
4301,Giantess,1174,255
4302,Acroyoga,1174,148
4303,Muay Thai,1174,289
4304,Lawsuit,1174,190
4305,Pornographic film actor,1174,208
4306,The Legend of Zelda CD-i games,1174,408
4307,YouTube poop,1174,193
4308,Beyoncé,1174,1259
4309,1998 Winter Olympics,1174,282
4310,We Are the World,1174,157
4311,Transition town,1174,219
4312,Pokémon X and Y,1174,591
4313,Will Rogers,1174,289
4314,Cannabis edible,1174,177
4315,Iqbal Masih,1174,95
4316,Civilization V,1174,1350
4317,"Oakland, California",1174,395
4318,Lolita,1174,882
4319,Snow blower,1174,45
4320,Teller (magician),1173,256
4321,Flag of Maryland,1173,315
4322,Moscow mule,1173,200
4323,Cream (band),1173,144
4324,William S. Burroughs,1173,274
4325,Cheese Shop sketch,1173,344
4326,Non-monogamy,1173,395
4327,Bear Grylls,1173,330
4328,Virginia,1173,135
4329,Ghetto,1173,44
4330,"Logan Square, Chicago",1173,60
4331,Zoom (software),1173,405
4332,Pussy Riot,1173,243
4333,Nicole Kidman,1173,1120
4334,Guinness,1173,386
4335,Gucci,1173,198
4336,Zener cards,1173,109
4337,Edward Snowden,1173,193
4338,Ricin,1172,420
4339,Mapo tofu,1172,39
4340,Game of Thrones (season 2),1172,104
4341,"Tyler, the Creator",1172,195
4342,Android,1172,237
4343,Supertramp,1172,214
4344,Double-double,1172,150
4345,Swiss franc,1172,75
4346,The Notorious B.I.G.,1172,626
4347,Moana (2016 film),1172,510
4348,I Dream of Jeannie,1172,131
4349,Glam rock,1172,200
4350,Lupin the Third,1172,565
4351,Bloomers,1172,151
4352,Sabermetrics,1172,232
4353,Federal government of the United States,1172,293
4354,Torchwood,1172,194
4355,I Love Lucy,1172,72
4356,Book of Leviticus,1172,17
4357,MacBook Air (Apple silicon),1172,992
4358,Animaniacs (2020 TV series),1172,403
4359,Power Rangers S.P.D.,1172,199
4360,Allah,1172,235
4361,Nothing Phone 1,1172,258
4362,Kinsey scale,1172,352
4363,Finnegans Wake,1171,623
4364,Grey alien,1171,459
4365,Gluten-free diet,1171,620
4366,Moka pot,1171,1403
4367,3 (disambiguation),1171,183
4368,Kan extension,1171,252
4369,The Conquest of Bread,1171,592
4370,Strelitzia,1171,218
4371,Emmy Noether,1171,537
4372,Busy beaver,1171,272
4373,Cauchy–Schwarz inequality,1171,247
4374,Tenacious D,1171,303
4375,Ninth Doctor,1171,185
4376,Game of Thrones (season 4),1171,108
4377,Ms. Pac-Man,1171,287
4378,Religious values,1171,32
4379,Six Degrees of Kevin Bacon,1171,169
4380,Punch and Judy,1171,53
4381,Bus spotting,1171,510
4382,Family Guy,1171,1427
4383,Frosty the Snowman (TV special),1171,30
4384,CSS,1171,21
4385,Power Rangers Samurai,1171,219
4386,Spotify Wrapped,1170,188
4387,Softball,1170,267
4388,Ayahuasca,1170,1264
4389,Arctic Monkeys,1170,464
4390,"Richmond, Virginia",1170,459
4391,Meiji Restoration,1170,237
4392,Arsenal F.C.,1170,53
4393,Bimbo,1170,112
4394,Sonic the Hedgehog (film),1170,281
4395,Genghis Khan,1170,1366
4396,Albania,1170,999
4397,Cats and the Internet,1170,14
4398,Robotic sperm,1170,393
4399,"Nike, Inc.",1170,1348
4400,Oklahoma,1170,64
4401,Rick and Morty,1170,1247
4402,Uncle Grandpa,1170,156
4403,James Monroe,1170,958
4404,Pit bull,1170,267
4405,Ford Mustang,1170,1271
4406,The Venture Bros.,1170,189
4407,Selective serotonin reuptake inhibitor,1170,561
4408,Eliud Kipchoge,1170,162
4409,Particulates,1170,120
4410,Dogs (Pink Floyd song),1170,180
4411,Colonel Sanders,1169,524
4412,Dante Alighieri,1169,90
4413,Wrecking Ball (Miley Cyrus song),1169,13
4414,Presbyterianism,1169,134
4415,Manhunt (law enforcement),1169,84
4416,Hypersexuality,1169,444
4417,Mac Miller,1169,6
4418,Furby,1169,218
4419,Reverse bungee,1169,128
4420,The Fresh Prince of Bel-Air,1169,1226
4421,Banshee,1169,230
4422,14,1169,257
4423,Darknet,1169,277
4424,Ayam Cemani,1169,209
4425,Mega Man (character),1169,684
4426,Perseverance (rover),1169,16
4427,French Republican calendar,1169,443
4428,Tuvalu,1169,209
4429,ThinkPad,1169,18
4430,Aokigahara,1169,87
4431,Apple Watch,1169,239
4432,Letterboxd,1169,134
4433,Arthur Miller,1169,185
4434,Bowser Jr.,1169,288
4435,Radioactive decay,1169,1141
4436,The Hitchhiker's Guide to the Galaxy (radio series),1169,24
4437,Dental braces,1169,1239
4438,"Boise, Idaho",1169,880
4439,Manhattan Project,1169,797
4440,Golf,1169,1347
4441,On the Air (TV series),1169,37
4442,Neon Genesis Evangelion,1168,1291
4443,Fart lighting,1168,284
4444,Andrei Tarkovsky,1168,466
4445,Lamborghini,1168,1370
4446,Air New Zealand,1168,141
4447,Pokémon Mystery Dungeon,1168,258
4448,Eastern Orthodox Church,1168,543
4449,Jewish Babylonian Aramaic,1168,69
4450,Lamborghini Aventador,1168,1472
4451,Boxing,1168,1372
4452,Kowloon Walled City,1168,467
4453,TiVo,1168,105
4454,Checkers speech,1168,105
4455,Drexel University,1168,132
4456,Supersonic Low Altitude Missile,1168,384
4457,Stella Artois,1168,271
4458,Game of Thrones (season 5),1168,121
4459,Weezer,1168,1063
4460,Schröder–Bernstein theorem,1168,453
4461,Hamsa,1168,538
4462,Dimorphos,1168,61
4463,Windows Vista,1168,301
4464,Astrology,1168,292
4465,Kmart,1168,106
4466,Historical revisionism,1168,40
4467,Tunguska event,1168,576
4468,Job hunting,1168,32
4469,Leeroy Jenkins,1167,352
4470,Apple Music,1167,232
4471,Yolo,1167,262
4472,Strike,1167,162
4473,Sildenafil,1167,1345
4474,Erdős–Rényi model,1167,180
4475,Kombucha,1167,235
4476,Myers–Briggs Type Indicator,1167,1450
4477,Pipa,1167,61
4478,University of Toronto,1167,275
4479,"Dwayne ""the Rock"" Johnson",1167,1325
4480,War of 1812,1167,99
4481,MOSFET,1167,251
4482,Let It Be (1970 film),1167,226
4483,Bún thịt nướng,1167,762
4484,Baháʼí Faith,1167,382
4485,Halting problem,1167,269
4486,Pager,1167,234
4487,Kraftwerk,1167,180
4488,Greenhouse gas,1167,45
4489,Fop,1167,196
4490,Marmite,1167,424
4491,Fallacy,1167,256
4492,Mitragyna speciosa,1167,176
4493,Passive-aggressive behavior,1167,291
4494,Tony Hawk's Pro Skater 2,1167,646
4495,Booby trap,1167,127
4496,Hip replacement,1167,26
4497,Technoblade,1167,204
4498,Nu metal,1167,60
4499,Picture Pages,1167,55
4500,Basque rural sports,1167,309
4501,Mickey Mouse,1167,1452
4502,The Dark Crystal,1167,224
4503,Argentina national football team,1166,62
4504,Eraserhead,1166,184
4505,Toyota Corolla,1166,1551
4506,Niger,1166,369
4507,Gambling,1166,1106
4508,Aurelia aurita,1166,189
4509,Washington (state),1166,301
4510,Man in Business Suit Levitating emoji,1166,328
4511,Iron Chef,1166,180
4512,Dwarf Fortress,1166,272
4513,Etsy,1166,1189
4514,Levi's,1166,1345
4515,Nebraska,1166,241
4516,Judaism and sexuality,1166,53
4517,Vermouth,1166,143
4518,Henri Poincaré,1166,305
4519,Dungeon,1166,1510
4520,Field hockey,1166,17
4521,Creationism,1166,32
4522,Oasis (band),1166,441
4523,Association football,1166,523
4524,Chiswick House,1166,156
4525,Toronto streetcar system,1166,534
4526,Steven Universe,1166,819
4527,Digital Underground,1166,130
4528,Bowl cut,1166,234
4529,Godzilla (comics),1165,177
4530,Communism and LGBT rights,1165,296
4531,Cocaine,1165,1193
4532,Colt 45 (malt liquor),1165,46
4533,Naruto,1165,1197
4534,Texas,1165,1427
4535,Breakup of Yugoslavia,1165,222
4536,Pepsin,1165,101
4537,Mogadishu University,1165,264
4538,Outlaw,1165,41
4539,Roguelike,1165,396
4540,Queer theory,1165,635
4541,Father Guido Sarducci,1165,111
4542,Gossamer (Looney Tunes),1165,127
4543,Miles Davis at Carnegie Hall,1165,120
4544,Anglo-Portuguese Alliance,1165,323
4545,Trailer Park Boys,1165,373
4546,"Tesla, Inc.",1165,441
4547,Nehi,1165,41
4548,Gremlins,1165,121
4549,Carmen Sandiego (character),1165,1248
4550,Moondog,1165,253
4551,Marriage A-la-Mode (Hogarth),1165,72
4552,Molotov cocktail,1164,33
4553,AC Cobra,1164,218
4554,Jill Biden,1164,1219
4555,Pickle Rick,1164,443
4556,R (programming language),1164,878
4557,National Masturbation Day,1164,249
4558,Volvo S70,1164,137
4559,Nami (One Piece),1164,158
4560,Chanel No. 5,1164,316
4561,Augustine of Hippo,1164,67
4562,Tesla Model S,1164,1283
4563,Fleshlight,1164,696
4564,Anarcha-feminism,1164,136
4565,Tim Tam,1164,353
4566,Comic Sans,1164,367
4567,Institut für Sexualwissenschaft,1164,177
4568,Strap-on dildo,1164,941
4569,Hair (musical),1164,244
4570,Gangnam Style,1164,286
4571,Deconstruction,1164,398
4572,Botswana,1164,1263
4573,Jungle Cruise,1164,38
4574,Bluey (2018 TV series),1164,281
4575,One Piece (2023 TV series),1164,154
4576,Dropped ceiling,1163,339
4577,Luncheon of the Boating Party,1163,1138
4578,Will Rogers Archway,1163,271
4579,The Miseducation of Lauryn Hill,1163,274
4580,Leipzig,1163,53
4581,Les Misérables (musical),1163,257
4582,Anarcho-capitalism,1163,796
4583,Schwa,1163,1141
4584,Potassium thioacetate,1163,244
4585,Julian of Norwich,1163,83
4586,Dimethyl sulfoxide,1163,47
4587,Copyright law of the United States,1163,610
4588,Matrioshka brain,1163,472
4589,Apocalypse,1163,55
4590,Gundam,1163,250
4591,South Carolina,1163,244
4592,Robert E. Howard,1163,147
4593,McLaren,1163,232
4594,Walmart,1163,748
4595,Hugo Boss,1163,114
4596,Siege of Yorktown,1163,866
4597,Heineken,1163,280
4598,High-heeled shoe,1163,547
4599,Davey and Goliath,1163,191
4600,The Angriest Dog in the World,1163,108
4601,Brothers Hildebrandt,1162,146
4602,Incubus,1162,297
4603,Legends of the Hidden Temple,1162,107
4604,Nissan,1162,177
4605,Resident Evil 4,1162,611
4606,Ron Weasley,1162,1172
4607,Oz (TV series),1162,53
4608,Transgender,1162,1725
4609,Agropelter,1162,60
4610,Uncyclopedia,1162,374
4611,Cretaceous–Paleogene extinction event,1162,828
4612,Knafeh,1162,264
4613,Philtrum,1162,249
4614,Glossary of anime and manga,1162,249
4615,Pea soup fog,1162,267
4616,Bosch (company),1162,249
4617,"Mr. Burns, a Post-Electric Play",1162,165
4618,Socialism,1162,238
4619,Dead Man's Chest,1162,185
4620,Whey protein,1162,865
4621,Printing out the Internet,1162,34
4622,Gumby,1161,439
4623,Loss (comic),1161,256
4624,The Shins,1161,59
4625,"N,N-Dimethyltryptamine",1161,220
4626,The Muppets Take Manhattan,1161,33
4627,Walt Disney World Swan,1161,266
4628,Grape-Nuts,1161,568
4629,Star Wars Kid,1161,192
4630,Transgender youth,1161,437
4631,Superman III,1161,229
4632,Lesbian feminism,1161,252
4633,Junkyard Dog,1161,127
4634,Electra complex,1161,159
4635,Common Lisp,1161,164
4636,Ice hockey goaltending equipment,1161,363
4637,Main Page,1161,531
4638,D. B. Cooper,1161,354
4639,United States Senate,1161,154
4640,The Andy Griffith Show,1161,116
4641,Wrathful deities,1161,31
4642,Dave Grohl,1161,294
4643,Thom Yorke,1161,209
4644,Encyclopedia Dramatica,1161,147
4645,Tamamo-no-Mae,1161,672
4646,Gorton's of Gloucester,1161,117
4647,Pelé,1161,466
4648,Woodrow Wilson,1161,874
4649,Les Vampires,1161,49
4650,Osu!,1161,317
4651,H. Jon Benjamin,1161,138
4652,Lou Reed,1161,459
4653,Odie,1161,353
4654,Kutaisi,1161,207
4655,Starship HLS,1161,650
4656,MF Doom,1161,305
4657,Plumb bob,1160,284
4658,Snapple,1160,292
4659,Cardinal Richelieu,1160,198
4660,Dig Dug,1160,112
4661,Okefenokee Swamp,1160,35
4662,Monad (category theory),1160,320
4663,Vog,1160,237
4664,Job interview,1160,112
4665,Textured vegetable protein,1160,42
4666,Cluedo,1160,115
4667,Bamse (dog),1160,21
4668,Ten Thousand Islands,1160,112
4669,Creamed corn,1160,136
4670,Lolita fashion,1160,245
4671,Edgar Winter,1160,122
4672,Lottery,1160,281
4673,The Twilight Zone Tower of Terror,1160,36
4674,Crossed-field amplifier,1160,605
4675,Moldova,1160,315
4676,PayDay (confection),1160,467
4677,Mr. Pickles,1160,124
4678,Nissan Skyline GT-R,1160,978
4679,Hacker News,1160,178
4680,Corn nut,1160,133
4681,Cap'n Crunch,1160,128
4682,Loppersum,1160,481
4683,Lorenzo de' Medici,1160,984
4684,FIFA World Cup,1159,522
4685,"Peter, Paul and Mary",1159,64
4686,Slate Star Codex,1159,1246
4687,Magical creatures in Harry Potter,1159,233
4688,Factorio,1159,634
4689,Blokus,1159,561
4690,Home Movies (TV series),1159,122
4691,It's Always Sunny in Philadelphia (season 2),1159,278
4692,Fly,1159,85
4693,Frederick the Great,1159,165
4694,The Mountain Goats,1159,64
4695,The Cloisters,1159,84
4696,Godzilla (1998 film),1159,228
4697,Kirby (series),1159,285
4698,Alexei Navalny,1159,342
4699,Nancy (comic strip),1159,116
4700,Jumping spider,1159,273
4701,John Waters,1159,194
4702,Fiat 500 (2007),1159,431
4703,Godzilla vs. Charles Barkley,1159,156
4704,Fallout: New Vegas,1159,167
4705,King-Size Homer,1159,113
4706,Billie Eilish,1159,1076
4707,NASCAR,1159,1200
4708,Pinball Wizard,1159,185
4709,Ashoka,1159,247
4710,Mii,1159,319
4711,Marvel Comics,1159,1268
4712,A Song of Ice and Fire,1158,891
4713,UFO conspiracy theories,1158,1055
4714,World Youth Day,1158,140
4715,Flag Day,1158,33
4716,Lou Gehrig,1158,281
4717,The Fast and the Furious: Tokyo Drift,1158,423
4718,Gallimimus,1158,253
4719,Spandex,1158,886
4720,Topsy (Bob's Burgers),1158,146
4721,Cricket,1158,1317
4722,Purgatory,1158,78
4723,Digimon,1158,340
4724,Bobby Fischer,1158,77
4725,House (TV series),1158,773
4726,The End of Evangelion,1158,403
4727,Creeper (Minecraft),1158,510
4728,Withania somnifera,1158,156
4729,DARPA,1158,229
4730,H. R. Giger,1158,549
4731,Stone Mountain,1158,170
4732,Steve Whitmire,1158,41
4733,Final Fantasy,1158,297
4734,Stargate Project,1158,188
4735,Juggling club,1158,230
4736,W and Z bosons,1158,580
4737,Christopher Columbus,1157,1481
4738,Zoo Tycoon,1157,359
4739,Serbia,1157,1257
4740,Star Trek: Prodigy,1157,95
4741,Orion (Star Trek),1157,146
4742,The Undertaker,1157,305
4743,Godzilla (2014 film),1157,235
4744,Cheating in video games,1157,344
4745,Poop,1157,193
4746,Wizards (film),1157,121
4747,Kola Superdeep Borehole,1157,300
4748,Pfizer,1157,1291
4749,Female urinal,1157,824
4750,Michael Phelps,1157,1223
4751,BBC One,1157,1312
4752,Magic Alex,1157,81
4753,Pyrrhic victory,1157,433
4754,Pirate metal,1157,89
4755,Gnomeo & Juliet,1157,74
4756,Schleswig-Holstein,1157,16
4757,Shooter game,1157,111
4758,Thundarr the Barbarian,1157,125
4759,Vegeta,1157,230
4760,Brooklyn Nine-Nine,1157,260
4761,Kate Upton,1157,1047
4762,The Electric Company (2009 TV series),1157,57
4763,One Piece,1157,1256
4764,Sacrifice,1157,336
4765,Lockheed Martin F-35 Lightning II,1156,393
4766,Sixth Doctor,1156,197
4767,Carbon monoxide,1156,684
4768,Unintended consequences,1156,346
4769,Relationship anarchy,1156,273
4770,Georgism,1156,397
4771,James A. Garfield,1156,923
4772,Jerusalem artichoke,1156,236
4773,Child's Play (1988 film),1156,150
4774,Fraternity,1156,444
4775,God is dead,1156,115
4776,Billionaire,1156,172
4777,South Sandwich Islands,1156,630
4778,Donaudampfschiffahrtselektrizitätenhauptbetriebswerkbauunterbeamtengesellschaft,1156,366
4779,Ageing,1156,270
4780,The Mighty Ducks,1156,266
4781,Orgasm Addict,1156,230
4782,Napoleon at Austerlitz,1156,322
4783,English tort law,1156,346
4784,Creep (Radiohead song),1156,263
4785,Pinochle,1156,155
4786,Allen Ginsberg,1156,169
4787,Ice Bucket Challenge,1156,330
4788,Elfquest,1156,87
4789,The Breakfast Club,1156,1194
4790,Maisie Williams,1156,550
4791,Honda S2000,1155,486
4792,Muppets Most Wanted,1155,32
4793,Napoleonic Wars,1155,120
4794,Elliott wave principle,1155,261
4795,Stratospheric aerosol injection,1155,840
4796,Charlize Theron,1155,1076
4797,Pete Davidson,1155,167
4798,Arnold Palmer (drink),1155,32
4799,Madonna Inn,1155,170
4800,Dextromethorphan,1155,181
4801,Touchstone Pictures,1155,41
4802,Johnny Depp,1155,1271
4803,Leg hair,1155,285
4804,Grade inflation,1155,65
4805,Confusion,1155,183
4806,Passing (racial identity),1155,64
4807,Leshy,1155,177
4808,Kat Dennings,1155,463
4809,Frozen (2013 film),1155,1421
4810,Metallica (album),1155,271
4811,Hiccup,1155,76
4812,Marge vs. the Monorail,1155,541
4813,Timothy Leary,1155,224
4814,Pounamu,1155,125
4815,Blonde stereotype,1155,263
4816,Star jelly,1155,249
4817,Pokémon Sun and Moon,1155,576
4818,Extreme Ghostbusters,1154,74
4819,Absinthe,1154,356
4820,Insurance fraud,1154,34
4821,Carrie-Anne Moss,1154,242
4822,Glossary of climbing terms,1154,22
4823,Wall Street,1154,261
4824,Irish car bomb (cocktail),1154,253
4825,Lamb Chop's Play-Along,1154,32
4826,Count Dooku,1154,63
4827,Star Trek: The Experience,1154,139
4828,Lada Riva,1154,176
4829,Mondo Cane,1154,200
4830,Minoxidil,1154,412
4831,Walt Disney World Dolphin,1154,260
4832,Uzbekistan,1154,356
4833,Planning fallacy,1154,395
4834,Hozier (musician),1154,525
4835,Richard Basehart,1154,73
4836,Pantera,1153,100
4837,2-XL,1153,92
4838,Rolex Submariner,1153,527
4839,Chest hair,1153,104
4840,Expatriate,1153,775
4841,Dong,1153,229
4842,Vaginal lubrication,1153,17
4843,Liquefaction,1153,86
4844,AIM (software),1153,440
4845,Arrested Development,1153,1273
4846,Cultural impact of Taylor Swift,1153,1003
4847,Mothra vs. Godzilla,1153,250
4848,Wendy's,1153,443
4849,IHOP,1153,82
4850,Mercedes-Benz S-Class,1153,1282
4851,Mutual assured destruction,1153,293
4852,Dua Lipa,1153,226
4853,Actor–network theory,1153,359
4854,University of Texas at Austin,1153,694
4855,Lois & Clark: The New Adventures of Superman,1153,113
4856,5 (disambiguation),1153,286
4857,Earth's Children,1153,181
4858,Cornucopia,1153,357
4859,Full House,1153,467
4860,Isabelle (Animal Crossing),1153,1685
4861,Pinterest,1153,1208
4862,G.I. Joe,1153,1245
4863,Garfield's Halloween Adventure,1153,210
4864,Fujiwhara effect,1152,298
4865,Doug (TV series),1152,726
4866,The Hunt for Red October,1152,206
4867,Berlin Blockade,1152,15
4868,Estradiol,1152,202
4869,Kyrgyzstan,1152,280
4870,Learned Hand,1152,254
4871,Speed Racer,1152,825
4872,Age of Empires II,1152,1287
4873,Help! (film),1152,257
4874,Arsenic,1152,618
4875,Edward Teller,1152,246
4876,Neal Stephenson,1152,386
4877,Aluminum Christmas tree,1152,531
4878,U2,1152,1208
4879,Sugar substitute,1152,455
4880,Rapeseed,1152,1553
4881,Andrew Jackson,1152,1085
4882,Enya,1152,264
4883,Amigurumi,1152,779
4884,Aleksandr Solzhenitsyn,1152,435
4885,GiveWell,1152,591
4886,Lilo & Stitch: The Series,1152,286
4887,Viva Las Vegas,1151,41
4888,P. T. Barnum,1151,274
4889,The Strokes,1151,172
4890,Semen analysis,1151,349
4891,Retail apocalypse,1151,27
4892,Audi A4,1151,1314
4893,LessWrong,1151,690
4894,Hybrid Air Vehicles Airlander 10,1151,270
4895,Run Lola Run,1151,122
4896,Godzilla (MonsterVerse),1151,318
4897,Great Moon Hoax,1151,685
4898,Geosmin,1151,198
4899,Marvin Hamlisch,1151,45
4900,Richard II of England,1151,117
4901,Big Red (soft drink),1151,269
4902,Dacha,1151,171
4903,Power Rangers Zeo,1151,222
4904,Power Rangers Lightspeed Rescue,1151,237
4905,Batumi,1151,256
4906,Flag of Quebec,1151,560
4907,Monster girl,1151,243
4908,Hillbilly,1150,221
4909,Hades (video game),1150,387
4910,Unexpected John Cena,1150,273
4911,TVS Scooty,1150,137
4912,Howard Ashman,1150,53
4913,Rioja (wine),1150,338
4914,Freaks and Geeks,1150,372
4915,Chastity,1150,388
4916,Attack helicopter,1150,316
4917,"He Ain't Heavy, He's My Brother",1150,172
4918,BBC Two,1150,993
4919,Tarte Tatin,1150,237
4920,Philip K. Dick,1150,37
4921,China,1150,1375
4922,RWTH Aachen University,1150,53
4923,Neuralink,1150,462
4924,Queen Latifah,1150,126
4925,List of generation V Pokémon,1150,506
4926,Kirby's Return to Dream Land,1150,233
4927,Jerry Garcia,1149,315
4928,Brown rock chat,1149,158
4929,Pomegranate soup,1149,125
4930,Godzilla Raids Again,1149,185
4931,Preadolescence,1149,326
4932,Apu Nahasapeemapetilon,1149,1166
4933,Flatulence,1149,2242
4934,Krang,1149,229
4935,Minivan,1149,32
4936,Blue Moon (beer),1149,271
4937,Weinerville,1149,58
4938,John Crome,1149,75
4939,Economy of Argentina,1149,306
4940,Psych,1149,181
4941,Mr. Noodle,1149,154
4942,Rust (programming language),1149,665
4943,3-Methylmethcathinone,1149,147
4944,Spy Kids (film),1149,956
4945,The Groke,1149,245
4946,Piano pedals,1149,38
4947,Ken Masters,1149,146
4948,White-red-white flag,1149,195
4949,FC Barcelona,1149,52
4950,Language workbench,1149,414
4951,General officer,1149,356
4952,Maginot Line,1149,259
4953,Shit,1149,269
4954,"Live a Little, Love a Little",1149,37
4955,Yoneda lemma,1149,386
4956,The Offspring,1149,440
4957,Goku,1149,1327
4958,Veganism,1149,1379
4959,Conspiracy theory,1148,639
4960,Buffalo Soldier (song),1148,92
4961,Sex industry,1148,168
4962,Churchkhela,1148,214
4963,Anger,1148,494
4964,Sonic Boom (TV series),1148,234
4965,Cisgender,1148,300
4966,Black Lives Matter,1148,1664
4967,Grigori Rasputin,1148,522
4968,Trip hop,1148,368
4969,Zhuge Liang,1148,196
4970,Nike Air Max,1148,248
4971,Falling (accident),1148,1335
4972,Chelsea Drugstore,1148,119
4973,Curd snack,1148,190
4974,Mātauranga Māori,1148,334
4975,Annoyance,1148,97
4976,French Foreign Legion,1147,54
4977,Blue Hawaii,1147,43
4978,Beast Wars: Transformers,1147,147
4979,Gambling age,1147,34
4980,Pansexual flag,1147,359
4981,StarCraft (video game),1147,363
4982,Disco Elysium,1147,586
4983,Nightmare,1147,565
4984,Gnosticism,1147,419
4985,Asexual,1147,198
4986,Violence and video games,1147,80
4987,Tiffany Haddish,1147,144
4988,Jeff Dunham,1147,48
4989,Leon Trotsky,1147,567
4990,Nose-picking,1147,424
4991,Nico Robin,1147,199
4992,Asian fetish,1147,117
4993,Transgender pornography,1147,190
4994,Nikolai Gogol,1147,44
4995,The Hunger Games series,1147,1231
4996,Big Boy Restaurants,1146,129
4997,Lisp machine,1146,378
4998,Joulupukki,1146,115
4999,Vajazzle,1146,168
5000,Breathalyzer,1146,79
5001,Magneto (Marvel Comics),1146,242
5002,Ticket to Ride (board game),1146,1321
5003,Godzilla vs. Mothra,1146,217
5004,K-pop,1146,1312
5005,Godzilla (1954 film),1146,204
5006,Gabe Newell,1146,580
5007,Jakarta International Java Jazz Festival,1146,548
5008,Kingdom Hearts,1146,87
5009,Feudalism,1146,861
5010,Richard III of England,1146,134
5011,Kate Bush discography,1146,287
5012,Bangladesh,1146,1234
5013,Adobo,1146,79
5014,Jayne Mansfield–Sophia Loren photo,1146,450
5015,The Sims 2,1146,200
5016,The Best of Both Worlds (Star Trek: The Next Generation),1146,40
5017,Twycross Zoo,1146,144
5018,Ribaldry,1145,351
5019,Willard (1971 film),1145,42
5020,Dutch elm disease,1145,53
5021,Prussia,1145,371
5022,The Rock-afire Explosion,1145,47
5023,Enterprise (ride),1145,124
5024,Marconi Company,1145,43
5025,Duck Dodgers in the 24½th Century,1145,228
5026,Wonder Bread,1145,159
5027,Maximus the Greek,1145,163
5028,Procrastination,1145,1412
5029,The Ren & Stimpy Show,1145,382
5030,Supreme Court of the United States,1145,1138
5031,Rutherford B. Hayes,1145,829
5032,Windows 8,1145,414
5033,A Star Is Burns,1145,162
5034,Candy Land,1145,1287
5035,Bony-eared assfish,1145,246
5036,Lie,1145,485
5037,Cate Blanchett,1145,1085
5038,Tool (band),1145,40
5039,Twink (gay slang),1145,482
5040,M1911 pistol,1145,715
5041,Black metal,1145,146
5042,Mare (folklore),1145,212
5043,Kevin Clash,1144,36
5044,Aperol,1144,392
5045,Breach of contract,1144,95
5046,Backstreet's Back,1144,254
5047,Illuminati,1144,1371
5048,Job (biblical figure),1144,36
5049,Adam Smith,1144,1030
5050,Dark room (sexuality),1144,433
5051,English as She Is Spoke,1144,56
5052,Autofellatio,1144,439
5053,Caddyshack,1144,131
5054,Eagles (band),1144,1213
5055,Godzilla vs. SpaceGodzilla,1144,207
5056,Keurig,1144,245
5057,Meguro Parasitological Museum,1144,689
5058,12,1144,244
5059,Dot-com bubble,1144,38
5060,Eddie Vedder,1144,240
5061,Diego Maradona,1144,485
5062,1860 United States presidential election,1144,148
5063,Power Rangers Jungle Fury,1144,187
5064,The Smiler,1144,110
5065,Gloomhaven,1144,170
5066,List of original characters in The Lord of the Rings film series,1144,95
5067,Linux kernel mailing list,1144,24
5068,Nuisance in English law,1144,314
5069,Watto,1144,125
5070,Milk caps (game),1143,1016
5071,The Muppets (2011 film),1143,36
5072,Star Wars Holiday Special,1143,386
5073,Scott Aaronson,1143,482
5074,John Cena,1143,851
5075,TLC (group),1143,137
5076,Pope Francis,1143,1504
5077,Palm Springs (2020 film),1143,18
5078,Domovoy,1143,144
5079,Ninja Turtles: The Next Mutation,1143,120
5080,Western Washington University,1143,233
5081,Baked bean sandwich,1143,463
5082,Testicular self-examination,1143,160
5083,Moscow Metro,1143,292
5084,Spritz (cocktail),1143,326
5085,Gender-affirming surgery,1143,358
5086,Isaiah,1142,108
5087,Gujarati language,1142,220
5088,Joseph Stannard,1142,30
5089,Schloss Drachenburg,1142,676
5090,LaGuardia Airport,1142,199
5091,Strong Bad,1142,423
5092,Sonic Unleashed,1142,192
5093,Cars 2,1142,277
5094,J.Crew,1142,254
5095,Half-mast,1142,44
5096,Robert Smith (musician),1142,215
5097,Itzhak Perlman,1142,221
5098,Bogosort,1142,201
5099,Pegging (sexual practice),1142,862
5100,Power Rangers Operation Overdrive,1142,203
5101,16,1142,257
5102,Whale tail,1142,398
5103,Dee Jay,1142,142
5104,Pocari Sweat,1142,136
5105,Codename: Sailor V,1142,602
5106,Jones (surname),1142,494
5107,Thomas & Friends,1142,640
5108,Zerg,1142,257
5109,Berserk,1141,13
5110,Lowland streaked tenrec,1141,134
5111,Flag of Georgia (country),1141,207
5112,Sloth (deadly sin),1141,405
5113,Graphite bomb,1141,421
5114,Power Nine,1141,456
5115,Crash Bandicoot,1141,532
5116,Irish Republican Army,1141,386
5117,Clarence (American TV series),1141,135
5118,Short story,1141,34
5119,Devo,1141,925
5120,Demographics of Albania,1141,470
5121,Democratic Republic of the Congo,1141,43
5122,Stereotype,1141,31
5123,Seattle–Tacoma International Airport,1141,509
5124,Bebop and Rocksteady,1141,201
5125,National Basketball Association,1141,1171
5126,World Economic Forum,1141,541
5127,Breast reduction,1141,18
5128,Historical rankings of presidents of the United States,1141,37
5129,Snow Crash,1141,61
5130,Anarchist communism,1141,427
5131,University of the Arts Bern,1141,60
5132,Lockheed U-2,1141,239
5133,Birth tourism,1141,16
5134,Vocaloid 5,1141,153
5135,Viroflay,1141,93
5136,My Strange Addiction,1141,261
5137,Sanji (One Piece),1140,174
5138,The Incredible Hulk (1978 TV series),1140,63
5139,Viva la Vida,1140,223
5140,The Baby-Sitters Club,1140,86
5141,Monopoly,1140,277
5142,Money laundering,1140,1302
5143,Website monetization,1140,135
5144,Samarkand,1140,163
5145,Nauru,1140,327
5146,Albanian Sign Language,1140,209
5147,John McEnroe,1140,133
5148,Metal Gear (mecha),1140,378
5149,Bayonet,1140,211
5150,Black Panther (film),1140,1327
5151,Stephen Wolfram,1140,1385
5152,9 (disambiguation),1140,259
5153,Cubicle,1140,271
5154,Slippery slope,1140,115
5155,Cowlick,1140,199
5156,Click-through rate,1140,114
5157,LK-99,1140,214
5158,Subaru Crosstrek,1140,685
5159,Klutz Press,1140,200
5160,We Like to Party! (Vengaboys song),1140,246
5161,Paper Mario: Color Splash,1140,122
5162,WhatsApp,1140,217
5163,Homestar Runner,1140,320
5164,BBC (sexual slang),1140,133
5165,Postmodern feminism,1139,153
5166,Solfège,1139,44
5167,John Mason Neale,1139,77
5168,Power Rangers Time Force,1139,196
5169,Penile injury,1139,6
5170,Simone Biles,1139,1356
5171,Godzilla vs. Megalon,1139,239
5172,B.C. (comic strip),1139,137
5173,Old School RuneScape,1139,514
5174,Ahegao,1139,435
5175,Lise Meitner,1139,221
5176,Glibc,1139,24
5177,Dildo Key,1139,206
5178,Magic Johnson,1139,203
5179,Boobquake,1139,167
5180,Owl City,1139,433
5181,Suicide door,1139,10
5182,Chuncheon,1139,136
5183,Carmen Sandiego,1138,1073
5184,The Rose of Versailles,1138,220
5185,Failure,1138,300
5186,Club Penguin,1138,569
5187,Mass Effect,1138,291
5188,Insects in ethics,1138,251
5189,Tickle Me,1138,39
5190,Embarrassment,1138,138
5191,Political correctness,1138,1342
5192,Power Rangers in Space,1138,222
5193,Stilton cheese,1138,129
5194,Controversy,1138,244
5195,American Beauty (1999 film),1138,394
5196,Great Molasses Flood,1138,450
5197,Awkwafina,1138,151
5198,Kölsch (beer),1138,854
5199,Thrash metal,1138,33
5200,Annoying Orange,1138,218
5201,Friend zone,1138,295
5202,List of characters in the Breaking Bad franchise,1138,221
5203,Impeachment,1138,176
5204,Paul Atreides,1138,296
5205,Actors' Equity Association,1138,158
5206,The Greatest American Hero,1138,132
5207,García (surname),1138,572
5208,Michael Moore,1138,122
5209,Toyota 86,1138,460
5210,The Hudsucker Proxy,1138,148
5211,Poultry farming,1137,31
5212,Paper Mario: The Thousand-Year Door,1137,150
5213,August 8,1137,208
5214,Beanie Babies,1137,213
5215,Blue's Clues,1137,422
5216,Herbert Hoover,1137,921
5217,Jonathan Richman,1137,59
5218,Ski Trails,1137,336
5219,Screaming Yellow Zonkers,1137,128
5220,Fall Guys,1137,195
5221,Codpiece,1137,181
5222,Tragedy of the commons,1137,344
5223,Benjamin Harrison,1137,769
5224,Land of the Lost (1974 TV series),1137,126
5225,Azhdarchidae,1137,447
5226,Augustin-Louis Cauchy,1137,185
5227,Freemasonry,1137,70
5228,Marfa lights,1137,123
5229,Christendom,1136,109
5230,King County Water Taxi,1136,354
5231,Tarot card reading,1136,1348
5232,Aryabhata,1136,152
5233,Argentine peso,1136,258
5234,Saved by the Bell,1136,131
5235,General Dynamics F-16 Fighting Falcon,1136,289
5236,Gregory of Nyssa,1136,101
5237,Parathesis,1136,54
5238,1 Corinthians 15,1136,706
5239,11,1136,191
5240,Heathcliff (comics),1136,253
5241,House (1977 film),1136,205
5242,Synchronicity (The Police album),1136,478
5243,Mallsoft,1136,147
5244,Patriotism,1136,671
5245,What's Happening!!,1136,154
5246,Queerplatonic relationship,1136,520
5247,Gallagher (comedian),1136,174
5248,Gayniggers from Outer Space,1136,241
5249,McGill University,1136,323
5250,Team Fortress 2,1136,853
5251,Æthelred the Unready,1136,247
5252,EarthBound,1136,220
5253,Hitler teapot,1136,220
5254,Yuri Knorozov,1136,235
5255,2020 United States presidential election,1136,145
5256,React (software),1136,1340
5257,Roblox,1135,1144
5258,Hart wrestling family,1135,200
5259,Manchester City F.C.,1135,250
5260,Detective Pikachu (video game),1135,681
5261,Ex-Mormon,1135,589
5262,Star Wars: Galactic Starcruiser,1135,133
5263,Sinéad O'Connor,1135,343
5264,American exceptionalism,1135,548
5265,Rocket-propelled grenade,1135,455
5266,Dancing plague of 1518,1135,396
5267,Bobby's World,1135,211
5268,Barrage (artillery),1135,210
5269,Gluttony,1135,472
5270,Telephone card,1135,152
5271,Deez Nuts (satirist),1135,446
5272,Street Sharks,1135,124
5273,Hikaru Nakamura,1135,245
5274,Roger Federer,1135,1186
5275,Family Plot,1135,44
5276,William Howard Taft,1135,834
5277,Scorpion,1134,206
5278,Trash talk,1134,102
5279,Georges Lemaître,1134,450
5280,Scrubs (TV series),1134,318
5281,Power Rangers Ninja Storm,1134,202
5282,Fecal sludge management,1134,823
5283,Godzilla vs. Gigan,1134,164
5284,Marvel Cinematic Universe,1134,854
5285,Legendary Giant Beast Wolfman vs. Godzilla,1134,179
5286,Estradiol (medication),1134,371
5287,Hollow Knight: Silksong,1134,188
5288,Fifteenth Doctor,1134,32
5289,Rayman,1134,214
5290,The Rock (film),1134,230
5291,Halo: Combat Evolved,1134,1345
5292,Pyramid scheme,1134,291
5293,Wakaya Island,1134,253
5294,Apartment Building at 116 Spruce Street,1134,392
5295,Hulk Hogan,1134,200
5296,Redd Foxx,1134,205
5297,Dwarfism,1134,349
5298,Kimba the White Lion,1134,145
5299,The Zanti Misfits,1134,49
5300,Youtube-dl,1134,483
5301,X.Org Server,1134,221
5302,Groin attack,1134,577
5303,Binder (material),1133,58
5304,Death,1133,1454
5305,Muse (disambiguation),1133,268
5306,Students for Fair Admissions v. Harvard,1133,1038
5307,Bukhara,1133,228
5308,GameStop short squeeze,1133,551
5309,"Somerville, Massachusetts",1133,462
5310,Dave Chappelle,1133,313
5311,Final Fantasy XIV,1133,239
5312,Teething,1133,91
5313,Godzilla vs. Kong,1133,226
5314,Steve Harvey,1133,1124
5315,Cultural Revolution,1133,269
5316,E. Honda,1133,131
5317,RL10,1133,252
5318,Burj Khalifa,1133,1411
5319,Navel piercing,1133,258
5320,Madhouse (ride),1133,119
5321,Satisfactory,1133,251
5322,6 (disambiguation),1133,241
5323,The Art of the Metaobject Protocol,1133,232
5324,Che Guevara,1133,365
5325,Cadillac Allanté,1133,434
5326,J. Wellington Wimpy,1133,141
5327,AK-47,1133,1372
5328,Promotional merchandise,1133,355
5329,Guy Fieri,1132,286
5330,Enoch,1132,244
5331,Exploding whale,1132,391
5332,Bananaphone,1132,299
5333,Dr. Bronner's Magic Soaps,1132,551
5334,Renault Twingo,1132,1332
5335,Social anxiety,1132,139
5336,In Search of... (TV series),1132,221
5337,A Confederacy of Dunces,1132,154
5338,Second Amendment to the United States Constitution,1132,498
5339,Mormon cosmology,1132,113
5340,Cruising for sex,1132,104
5341,"Dubai, United Arab Emirates",1131,1375
5342,Robert Crumb,1131,247
5343,Pro Tools,1131,45
5344,Will Smith,1131,1330
5345,Patapon,1131,150
5346,Billy Herrington,1131,216
5347,THX 1138,1131,182
5348,Marie Byrd Land,1131,171
5349,John Carter (film),1131,31
5350,Woodlouse,1131,234
5351,Nippled sea fan,1131,271
5352,Wellington railway station,1131,574
5353,Speed metal,1131,262
5354,Power Rangers Turbo,1131,222
5355,Hooters,1131,213
5356,Uganda,1131,117
5357,Roko's basilisk,1131,637
5358,University of Houston,1131,56
5359,Zanclean flood,1131,405
5360,"Santa Claus, Indiana",1131,155
5361,Godzilla vs. King Ghidorah,1130,219
5362,List of AMD Ryzen processors,1130,432
5363,Yi Sang,1130,181
5364,Colonialism,1130,1267
5365,Peep Show (British TV series),1130,383
5366,Carleton University,1130,263
5367,Scala (programming language),1130,309
5368,Robert Guiscard,1130,158
5369,Red Dwarf,1130,193
5370,Axilla,1130,431
5371,'Pataphysics,1130,154
5372,Chester A. Arthur,1130,733
5373,Super Mario Bros. Wonder,1130,151
5374,Captain N: The Game Master,1130,159
5375,Terence Tao,1130,803
5376,Brokeback Mountain,1130,190
5377,Kóryos,1130,326
5378,Spuds MacKenzie,1130,85
5379,Plateau (song),1130,138
5380,Monster Hunter,1130,202
5381,The Cinnamon Bear,1130,147
5382,Smurfs: The Lost Village,1130,69
5383,Sgt. Pepper's Lonely Hearts Club Band (film),1130,127
5384,Denial-of-service attack,1130,77
5385,"Butts County, Georgia",1130,430
5386,T-34,1130,221
5387,Lyndon B. Johnson,1130,991
5388,Givenchy,1130,164
5389,Anal beads,1130,168
5390,Yo Gabba Gabba!,1130,139
5391,Online gambling,1130,60
5392,Jokerman (song),1130,66
5393,David Chalmers,1130,53
5394,Novosibirsk,1130,234
5395,Mikhail Gorbachev,1129,277
5396,Objectivism,1129,167
5397,The Goodies (TV series),1129,209
5398,Ball (disambiguation),1129,222
5399,Hot pepper challenge,1129,31
5400,Goblincore,1129,232
5401,Psoglav,1129,134
5402,Ben Platt,1129,104
5403,Nikoli (publisher),1129,322
5404,Arch Linux,1129,533
5405,Tarantula,1129,275
5406,Andrei Rublev,1129,86
5407,Harry Potter and the Methods of Rationality,1129,889
5408,None pizza with left beef,1129,572
5409,Grand Designs,1129,207
5410,Silicon Valley (TV series),1129,757
5411,Final Fantasy V,1129,595
5412,National Treasure (South Korea),1129,106
5413,Sexual rites of passage,1129,296
5414,Elohim,1129,188
5415,Madonna (album),1129,146
5416,BMW 3 Series,1129,1282
5417,Lewis Hamilton,1129,229
5418,Fire ant,1128,278
5419,Devil's wheel,1128,107
5420,Akrasia,1128,604
5421,IPA,1128,67
5422,Bride of Chucky,1128,130
5423,Numidia,1128,270
5424,The Weeknd,1128,215
5425,Game of Thrones,1128,249
5426,Angela Merkel,1128,202
5427,"Go West, young man",1128,231
5428,Caro–Kann Defence,1128,232
5429,Jammu,1128,69
5430,Transgender people in sports,1128,494
5431,Changi Airport,1128,744
5432,Shame,1128,1381
5433,Godzilla: King of the Monsters (2019 film),1128,182
5434,Pompeii (song),1128,744
5435,List of things named after Carl Friedrich Gauss,1127,104
5436,Noam Chomsky,1127,1216
5437,John Donne,1127,338
5438,Marion Zimmer Bradley,1127,61
5439,Plum Village Tradition,1127,177
5440,Amy Lee,1127,247
5441,Boredom,1127,752
5442,Tom Cruise,1127,1091
5443,Ray-Ban Wayfarer,1127,1219
5444,Jacinda Ardern,1127,128
5445,Jon Snow (character),1127,240
5446,The South Bank Show,1127,92
5447,Phantom of the Paradise,1127,134
5448,StarCraft,1127,437
5449,Daredevil (TV series),1127,712
5450,Bretforton,1127,222
5451,The California Raisins,1127,26
5452,Chainsaw Man,1127,304
5453,Dead Kennedys,1127,48
5454,Nahuatl,1127,438
5455,Lü Bu,1126,327
5456,Follow That Dream,1126,43
5457,Randy Savage,1126,911
5458,Pandas (software),1126,420
5459,Wipeout (ride),1126,106
5460,Moby,1126,342
5461,Primus (band),1126,236
5462,Sabrina the Teenage Witch (1996 TV series),1126,284
5463,B.C. Rich Warlock,1126,126
5464,Dilated fundus examination,1126,25
5465,Rocket League,1126,238
5466,Chumbawamba,1126,218
5467,Degenerate art,1126,366
5468,Maimonides,1126,509
5469,Chiune Sugihara,1126,97
5470,Call of Duty: Modern Warfare 2,1126,262
5471,Beach House,1126,203
5472,Grimace Shake,1126,1104
5473,Australian rules football,1126,698
5474,Brian Jones,1126,197
5475,Power Rangers Megaforce,1126,238
5476,Godzilla vs. Mechagodzilla II,1126,184
5477,Shark Tank,1126,1138
5478,Sanrio,1126,225
5479,Snapchat,1125,228
5480,Tommy Wiseau,1125,191
5481,The Narrator (Fight Club),1125,222
5482,Sigmund and the Sea Monsters,1125,114
5483,Mongoloid,1125,74
5484,Final Fantasy Tactics,1125,219
5485,Hofstadter's law,1125,244
5486,Takeshima (Kagoshima),1125,962
5487,Avar language,1125,240
5488,Kratos XQ-58 Valkyrie,1125,412
5489,Autocunnilingus,1125,17
5490,Mass Effect 2,1125,417
5491,Vasa (ship),1125,13
5492,Halo 3,1125,259
5493,Squid Game,1125,1240
5494,Civilization V: Brave New World,1125,219
5495,Enemy,1125,163
5496,Navi (The Legend of Zelda),1125,389
5497,Bob Semple tank,1125,530
5498,Jewish English Bible translations,1125,193
5499,Loughborough,1124,265
5500,List of One Piece characters,1124,194
5501,David Geffen,1124,54
5502,Animation Throwdown: The Quest for Cards,1124,109
5503,Bengaluru FC,1124,10
5504,Wilt Chamberlain,1124,457
5505,Reality Winner,1124,281
5506,Ping pong show,1124,127
5507,Pregnancy fetishism,1124,13
5508,Teen Titans Go!,1124,644
5509,The Yellow Kid,1124,117
5510,Flow cytometry,1124,241
5511,Rapeseed oil,1124,1411
5512,Christina Milian,1124,158
5513,Restraint chair,1124,94
5514,Curse,1124,46
5515,SkiFree,1124,402
5516,Crusades,1124,16
5517,Zhongwei Shen,1124,379
5518,"Camden, Maine",1124,67
5519,Woke,1124,770
5520,Corporatism,1124,70
5521,Akuma (Street Fighter),1123,134
5522,Battles of Saratoga,1123,95
5523,Flavor Flav,1123,141
5524,Sonic Underground,1123,204
5525,Among Us VR,1123,441
5526,Dress code,1123,1041
5527,Stanford prison experiment,1123,967
5528,James Hetfield,1123,195
5529,Deathconsciousness,1123,244
5530,Karl Weierstrass,1123,213
5531,Alan Freed,1123,198
5532,Godzilla vs. Mechagodzilla,1123,191
5533,It Happened at the World's Fair,1123,44
5534,Buttock augmentation,1123,753
5535,Development of Red Dead Redemption,1123,543
5536,Dmitri Shostakovich,1123,46
5537,RimWorld,1123,404
5538,Haskell,1123,543
5539,The Stormlight Archive,1123,261
5540,Martin Van Buren,1123,894
5541,MTV Generation,1123,34
5542,Sleep deprivation in higher education,1123,146
5543,Captain Falcon,1123,378
5544,Masturbate-a-thon,1123,523
5545,Hockey puck mouse,1123,324
5546,Lance Robertson,1123,143
5547,Marco Polo (game),1123,272
5548,OK K.O.! Let's Be Heroes,1122,242
5549,1989 (Taylor Swift album),1122,598
5550,Thoughts and prayers,1122,344
5551,Crispy kangkóng,1122,31
5552,Petula Clark,1122,55
5553,Scuderia Ferrari,1122,292
5554,Mia Khalifa,1122,392
5555,Joseph Stiglitz,1122,197
5556,Boasting,1122,36
5557,Dior,1122,233
5558,Crossy Road,1122,961
5559,Power Rangers Wild Force,1122,183
5560,Brooklyn Dodgers,1122,261
5561,M. Bison,1122,149
5562,Wasp,1122,392
5563,Mego Corporation,1122,53
5564,Animutation,1122,186
5565,United States House of Representatives,1122,159
5566,Kung Fury,1122,268
5567,WandaVision,1122,65
5568,List of Marvel Cinematic Universe films,1121,79
5569,Caroll Spinney,1121,36
5570,MrBeast,1121,839
5571,Usagi Yojimbo,1121,277
5572,"Jacksonville, Florida",1121,259
5573,Casino,1121,440
5574,RuneScape,1121,403
5575,Hank Schrader,1121,223
5576,Sneer,1121,361
5577,Torn Curtain,1121,44
5578,Carmen Sandiego Returns,1121,153
5579,Garfield: His 9 Lives,1121,203
5580,Turn-On,1121,150
5581,Tashkent,1121,188
5582,DeGoogle,1121,330
5583,Sanjay and Craig,1121,44
5584,NCAA Division I men's basketball tournament,1121,75
5585,Wisdom tooth,1121,1481
5586,Thelymitra crinita,1121,152
5587,Duke University,1121,568
5588,Faked death,1120,120
5589,American Samoa national football team,1120,133
5590,Shindig!,1120,39
5591,Lorina Bulwer,1120,70
5592,M1 Abrams,1120,159
5593,Insane Clown Posse,1120,263
5594,Alvin and the Chipmunks (film),1120,326
5595,Segmentation fault,1120,322
5596,Lego Avatar,1120,210
5597,So So Def Recordings,1120,128
5598,Renault Symbol,1119,189
5599,Snufkin,1119,186
5600,Power Rangers Lost Galaxy,1119,185
5601,Power Rangers Dino Thunder,1119,213
5602,Nashville Predators,1119,67
5603,Stanislav Petrov,1119,745
5604,Stomp (strike),1119,69
5605,Gargamel,1119,284
5606,Fat Albert and the Cosby Kids,1119,130
5607,Turk,1119,149
5608,"Tick, Tick... Boom! (film)",1119,99
5609,Reinheitsgebot,1119,213
5610,Red Velvet discography,1119,151
5611,Caprom,1119,192
5612,Roustabout (film),1119,41
5613,Rendering (animal products),1118,41
5614,Beakman's World,1118,54
5615,Jack Smith (lawyer),1118,264
5616,Wernher von Braun,1118,206
5617,Gostak,1118,288
5618,Middlemarch,1118,399
5619,Sheela na gig,1118,315
5620,Baby boomers,1118,1338
5621,Gremlin,1118,74
5622,The Complete Truth About De-Evolution,1118,69
5623,Chanel,1118,1337
5624,Montreal Canadiens,1118,157
5625,Weathering with You,1118,137
5626,Bartolomé de las Casas,1118,84
5627,Grover Cleveland,1118,746
5628,Central Intelligence Agency,1117,1402
5629,JoJo's Bizarre Adventure: Golden Wind,1117,212
5630,Chicago Bulls,1117,1140
5631,Pistol dueling,1117,1160
5632,A Rugrats Chanukah,1117,186
5633,Carrie (musical),1117,58
5634,Worms 2: Armageddon,1117,293
5635,Ezekiel 23,1117,229
5636,Transgender flag,1117,1153
5637,Dazed and Confused (film),1117,71
5638,Wizards of Waverly Place,1117,86
5639,Anxiety,1117,438
5640,Per- and polyfluoroalkyl substances,1117,253
5641,Cosmic Encounter,1117,305
5642,Female urination device,1117,868
5643,Coachella (festival),1117,1359
5644,Berlin Wall,1117,429
5645,European Confederation (1943),1117,288
5646,Moloch,1117,437
5647,Quebec sovereignty movement,1117,475
5648,Foxy (Merrie Melodies),1117,861
5649,Brenda Song,1116,695
5650,Food play,1116,199
5651,Game of Thrones (season 3),1116,185
5652,Younger Dryas,1116,137
5653,Sterilization (medicine),1116,31
5654,Carmen Sandiego Math Detective,1116,298
5655,Signagi,1116,171
5656,IEEE 754,1116,232
5657,Socialist calculation debate,1116,454
5658,Argentina at the FIFA World Cup,1116,173
5659,Guile (Street Fighter),1116,137
5660,Cargo cult,1116,227
5661,Emacs,1116,398
5662,Boy band,1116,1015
5663,List of wealthiest religious organizations,1116,39
5664,Soulja Boy,1116,240
5665,Steve Aoki,1116,184
5666,Franklin Pierce,1116,714
5667,University of Mississippi,1116,50
5668,Cutty Sark (whisky),1116,78
5669,Bir Tawil,1116,248
5670,Subterfuge,1115,178
5671,Vleuten,1115,99
5672,Sam Kinison,1115,137
5673,Foot fetishism,1115,675
5674,Agricola (board game),1115,581
5675,Quran,1115,1310
5676,The Communist Manifesto,1115,1432
5677,Pre-ejaculate,1115,238
5678,"Magdalene College, Cambridge",1115,252
5679,Chaetopappa effusa,1115,55
5680,Landlord,1115,253
5681,ITMO University,1115,175
5682,Val d'Aran,1115,127
5683,PinePhone,1115,426
5684,Claude Lévi-Strauss,1115,256
5685,İzmir,1115,260
5686,Carmen Sandiego: To Steal or Not to Steal,1115,165
5687,Power Rangers RPM,1115,223
5688,Minutemen (band),1115,60
5689,Centipede,1115,1211
5690,Waterfalls (TLC song),1114,632
5691,Battle Angel Alita,1114,163
5692,Panama red,1114,80
5693,1964 United States presidential election,1114,169
5694,An American Family,1114,54
5695,Girl Happy,1114,45
5696,Tax,1114,1348
5697,Lockheed Martin F-22 Raptor,1114,372
5698,Oliver Cromwell,1114,765
5699,Where in Space Is Carmen Sandiego?,1114,183
5700,Garfield: The Movie,1114,304
5701,The Crown (TV series),1114,1149
5702,Bearded lady,1114,241
5703,2b2t,1113,189
5704,Godzilla: Planet of the Monsters,1113,247
5705,Pinwheel (TV series),1113,165
5706,Monkey (TV series),1113,114
5707,Celeriac,1113,62
5708,Jon Arbuckle,1113,476
5709,Israel,1113,442
5710,"Rutherford County, Tennessee",1113,129
5711,Twitter,1113,1397
5712,Godzilla vs. Kong (soundtrack),1113,184
5713,"The Beatles' 1966 tour of Germany, Japan and the Philippines",1113,183
5714,Manchester United F.C.,1113,1317
5715,Spy Fox,1113,286
5716,Alain Delon,1113,344
5717,Made in Abyss,1113,130
5718,Archduke Franz Ferdinand of Austria,1113,126
5719,Kanthaka,1113,222
5720,Dilbert principle,1113,76
5721,Fnord,1113,319
5722,Alan Ruck,1113,159
5723,The Hardy Boys,1113,33
5724,Decibel,1113,26
5725,Feyenoord,1113,246
5726,Lisbon Airport,1113,174
5727,Greenpeace,1113,1203
5728,Rocko's Modern Life,1113,786
5729,Kiwi Farms,1112,646
5730,Cybercrime,1112,227
5731,Godzilla vs. Megaguirus,1112,179
5732,Metaculus,1112,253
5733,Shohei Ohtani,1112,670
5734,Monster (ride),1112,100
5735,Android TV,1112,71
5736,Diaper,1112,346
5737,"Little Saint James, U.S. Virgin Islands",1112,277
5738,Obsessive–compulsive disorder,1112,400
5739,Bake-danuki,1112,1027
5740,Final Fantasy XII,1112,402
5741,Luddite,1112,920
5742,Izzy (mascot),1112,111
5743,Get a Load of This,1112,241
5744,HyperNormalisation,1112,183
5745,Weevil,1112,67
5746,Where in Time Is Carmen Sandiego?,1112,942
5747,Danish Gambit,1112,238
5748,That Time I Got Reincarnated as a Slime,1112,27
5749,Lean (drug),1112,327
5750,Tony Tony Chopper,1111,171
5751,List of shoe-throwing incidents,1111,266
5752,PHP,1111,413
5753,Hunting High and Low,1111,244
5754,Hurricane (ride),1111,108
5755,Test Card F,1111,167
5756,Levy Rozman,1111,186
5757,Aelred of Rievaulx,1111,103
5758,Joseph Smith,1111,195
5759,Angel's Egg,1111,198
5760,USS Langley (CV-1),1111,208
5761,Outlook.com,1111,31
5762,Blondie (comic strip),1111,115
5763,Sans (Undertale),1111,255
5764,Yanni,1111,176
5765,Foreskin,1111,253
5766,Thomas & Friends: All Engines Go,1111,147
5767,Tony Clifton,1111,115
5768,PowerWash Simulator,1111,223
5769,Norwich City F.C.,1111,213
5770,Katangsky District,1111,232
5771,Yuri,1111,307
5772,Frederick's of Hollywood,1111,108
5773,Jeep Wrangler (JK),1111,1154
5774,Shark attack,1111,293
5775,Kevin McCloud,1111,189
5776,Ethereum,1110,1297
5777,Godzilla: Unleashed,1110,206
5778,Child's Play 2,1110,129
5779,From the New World (novel),1110,231
5780,Ada Palmer,1110,129
5781,Dacia Logan,1110,222
5782,StarCraft II: Legacy of the Void,1110,275
5783,Lemmy (social network),1110,22
5784,French and Indian War,1110,266
5785,Picket Fences,1110,375
5786,New Orleans Saints,1110,523
5787,Arliss (TV series),1110,112
5788,Boston Red Sox,1110,345
5789,Tarrare,1110,245
5790,Time travel claims and urban legends,1110,16
5791,Turning Red,1110,259
5792,Esther John,1110,86
5793,The Wind at Dawn,1110,250
5794,This Must Be the Place (Naive Melody),1110,162
5795,The Book of Mormon (musical),1110,221
5796,Fuet,1110,171
5797,Wirehead (science fiction),1110,237
5798,Smalltalk,1110,297
5799,Phobia,1109,93
5800,Dune prequel series,1109,126
5801,Cluj-Napoca,1109,147
5802,"South Bend, Indiana",1109,350
5803,Scared Straight!,1109,162
5804,Evanna Lynch,1109,582
5805,Bayonetta (video game),1109,225
5806,Naked Cowboy,1109,115
5807,Tom Nook,1109,1429
5808,Buffy Sainte-Marie,1109,138
5809,Monster Munch,1109,537
5810,Nix v. Hedden,1109,166
5811,Wembley Stadium (1923),1109,205
5812,Midna,1109,1316
5813,E-I-E-I-(Annoyed Grunt),1109,451
5814,Yukio Mishima,1109,149
5815,That '70s Show,1109,271
5816,Handforth Town Council,1109,373
5817,Screaming Lord Sutch,1109,29
5818,Dave Bautista,1108,227
5819,Defecation,1108,1320
5820,PPAP (Pen-Pineapple-Apple-Pen),1108,266
5821,The Adventures of Buckaroo Banzai Across the 8th Dimension,1108,204
5822,Fallout 76,1108,327
5823,World War II,1108,1004
5824,The Brain of Morbius,1108,128
5825,Vans,1108,36
5826,Dunkirk (2017 film),1108,942
5827,Carmen Sandiego (video game series),1108,988
5828,Fun in Acapulco,1108,43
5829,Leonard Peltier,1108,36
5830,SolidWorks,1108,269
5831,Traffic ticket,1108,227
5832,Debbie Does Dallas,1108,141
5833,Hannah Montana,1108,45
5834,The Eras Tour,1107,392
5835,Clitoral hood piercing,1107,168
5836,Spandex fetishism,1107,261
5837,StarCraft II: Wings of Liberty,1107,533
5838,Neutral Milk Hotel,1107,187
5839,Libra (astrology),1107,230
5840,The Wrestling Album,1107,189
5841,National Football League,1107,476
5842,Fantastic Four: Rise of the Silver Surfer,1107,197
5843,Aqua (band),1107,137
5844,Toronto Maple Leafs,1107,1208
5845,Chlorofluorocarbon,1107,820
5846,She-Hulk,1107,1170
5847,Jack (baboon),1107,335
5848,Baldur's Gate III,1107,216
5849,Thunderbirds (TV series),1107,135
5850,Zlatan Ibrahimović,1106,258
5851,Sokoban,1106,242
5852,Rolex,1106,1011
5853,Paige Spiranac,1106,651
5854,Lobotomy Corporation,1106,234
5855,Disney Store,1106,280
5856,Anki (software),1106,208
5857,Will Smith–Chris Rock slapping incident,1106,460
5858,George III,1106,171
5859,Almost Naked Animals,1106,48
5860,Tits 'n Ass,1106,196
5861,Gargoyles (TV series),1106,273
5862,Florence Li Tim-Oi,1106,87
5863,Flaming Star,1106,39
5864,"Reborn as a Vending Machine, I Now Wander the Dungeon",1106,155
5865,Priapism,1106,158
5866,Love Me Tender (film),1106,42
5867,Metal Gear Rising: Revengeance,1106,192
5868,Urine,1106,1383
5869,Wageningen,1106,254
5870,Don Hahn,1106,50
5871,Peppa Pig,1106,1173
5872,King Gizzard & the Lizard Wizard,1106,754
5873,Henry George,1106,74
5874,The Room,1105,198
5875,Bessarabia,1105,176
5876,William McKinley,1105,703
5877,Command & Conquer: Red Alert 2,1105,260
5878,Nipple clamp,1105,97
5879,The Other One,1105,256
5880,Casey's,1105,169
5881,Dagestan,1105,42
5882,Boys Town (organization),1105,168
5883,Iron chair,1105,228
5884,The Lord of the Rings: The Rings of Power,1105,229
5885,Kid Galahad,1105,38
5886,Mitsubishi Lancer,1105,174
5887,Halo 2,1105,293
5888,Pneumonoultramicroscopicsilicovolcanoconiosis,1105,221
5889,Lifetime (TV network),1105,205
5890,Vomiting,1105,1335
5891,YouTube Rewind,1105,63
5892,Deep Rock Galactic,1105,378
5893,Space Station 13,1105,228
5894,Glory hole,1105,547
5895,Pink Chanel suit of Jacqueline Bouvier Kennedy,1105,90
5896,Loving You (1957 film),1105,39
5897,Turku,1105,168
5898,Pakistan,1105,520
5899,Mr. Six (mascot),1104,154
5900,Modern Baseball,1104,214
5901,Ça plane pour moi,1104,47
5902,The Witcher 3: Wild Hunt,1104,732
5903,Pacific Rim Uprising,1104,132
5904,Biblical and Talmudic units of measurement,1104,76
5905,Seed of Chucky,1104,132
5906,The Inheritance Cycle,1104,155
5907,Godzilla vs. Destoroyah,1104,172
5908,Jamiroquai,1104,196
5909,Gojira (band),1104,200
5910,Nicki Minaj discography,1104,124
5911,Breadwinners (TV series),1104,43
5912,KaBlam!,1103,174
5913,Somerton Man,1103,108
5914,TagPro,1103,322
5915,The National (band),1103,164
5916,BuzzFeed,1103,251
5917,Gamma-Hydroxybutyric acid,1103,127
5918,Keeneland,1103,184
5919,Disney Fairies,1103,205
5920,Emmanuel Macron,1103,266
5921,Schizophrenia,1103,502
5922,Cromartie High School,1103,191
5923,Godzilla Minus One,1103,171
5924,Islam,1103,710
5925,Hotel Transylvania,1103,23
5926,Los Angeles Dodgers,1103,703
5927,Wanderhome,1103,222
5928,D (programming language),1102,115
5929,Global StarCraft II League,1102,303
5930,Troon railway station,1102,833
5931,Lord Voldemort,1102,623
5932,Craig of the Creek,1102,245
5933,Skrillex,1102,1256
5934,Mangina,1102,148
5935,Washington Wizards,1102,119
5936,David Lewis (philosopher),1102,74
5937,Frankie and Johnny (1966 film),1102,38
5938,StarCraft in esports,1102,287
5939,Warren G. Harding,1102,745
5940,Carmen Sandiego (TV series),1102,921
5941,Turkish War of Independence,1102,144
5942,Real Madrid CF,1102,1159
5943,The Second Saint Petersburg Gymnasium,1102,232
5944,Doki Doki Literature Club!,1102,59
5945,Christine de Pizan,1102,90
5946,Týr,1102,252
5947,Usopp,1102,164
5948,Zachary Taylor,1101,711
5949,Godzilla vs. Hedorah,1101,188
5950,Timeshare,1101,106
5951,Chucky (TV series),1101,145
5952,Substituted amphetamine,1101,1140
5953,Tsunami,1101,435
5954,Brockworth,1101,121
5955,Ale-8-One,1101,106
5956,Pabst Blue Ribbon,1101,140
5957,Alvin and the Chipmunks,1101,1304
5958,ESPN,1101,1036
5959,Apple doll,1101,610
5960,Tiger Woods,1101,1146
5961,Drug Wars (video game),1101,197
5962,My Belarusy,1101,233
5963,Fuck You (CeeLo Green song),1101,342
5964,Mario Batali,1101,115
5965,Cornelius Vanderbilt,1101,1058
5966,Bill Clinton,1101,1278
5967,Shoplifting,1101,917
5968,Dorian Electra,1101,62
5969,Conker the Squirrel,1101,1011
5970,Fortnite: Save the World,1101,208
5971,Tekken 7,1100,229
5972,Slipknot (band),1100,286
5973,Seattle Mariners,1100,419
5974,Henry Clay,1100,186
5975,Skandha,1100,210
5976,Unibrow,1100,1214
5977,Thalassophobia,1100,208
5978,Wish (film),1100,61
5979,God in Islam,1100,337
5980,Tywin Lannister,1100,260
5981,Anilingus,1100,658
5982,Bottle Rocket,1100,141
5983,Daniel Kahneman,1100,230
5984,Christkind,1100,125
5985,Nuclear weapon,1099,1379
5986,Jackie Stewart,1099,234
5987,Shulk,1099,141
5988,William Perry (American football),1099,115
5989,Squat toilet,1099,173
5990,Growth hormone deficiency,1099,78
5991,Scary Movie (film series),1099,230
5992,"Cneoridium dumosum (Nuttall) Hooker F. Collected March 26, 1960, at an Elevation of about 1450 Meters on Cerro Quemazón, 15 Miles South of Bahía de Los Angeles, Baja California, México, Apparently for a Southeastward Range Extension of Some 140 Miles",1099,1472
5993,Paraponera clavata,1099,250
5994,"Eromanga, Queensland",1099,215
5995,Waacking,1099,139
5996,Sport climbing at the Summer Olympics,1099,23
5997,The Ultimate Showdown of Ultimate Destiny,1099,428
5998,Bankruptcy of FTX,1099,562
5999,Elektron (company),1099,91
6000,Los Angeles Lakers,1099,1309
6001,"Moscow State University, Tashkent",1099,335
6002,Death Cab for Cutie,1098,431
6003,Okroshka,1098,409
6004,Drill music,1098,415
6005,Doctor Strange in the Multiverse of Madness,1098,251
6006,Tradwife,1098,1126
6007,Girls! Girls! Girls!,1098,36
6008,Cabbage Patch Kids,1098,85
6009,Panzerfaust,1098,312
6010,Hearthstone,1098,253
6011,Visual impairment,1098,459
6012,LeetCode,1098,117
6013,Tingle (character),1098,150
6014,Carmen Sandiego's Great Chase Through Time,1098,807
6015,Sam Shepard,1098,32
6016,Mitch Hedberg,1098,189
6017,Dragon Tales,1098,208
6018,Roc-A-Fella Records,1098,192
6019,Danger Mouse (1981 TV series),1098,112
6020,The Untouchables (1959 TV series),1098,50
6021,Lunacy,1098,224
6022,Nucular,1098,234
6023,Prison uniform,1098,910
6024,Dystopia,1097,61
6025,Hermès,1097,1212
6026,Mustafa,1097,137
6027,Space Quest III,1097,414
6028,Hubert Humphrey,1097,149
6029,Zimmermann Telegram,1097,158
6030,VeggieTales,1097,142
6031,Malleus Maleficarum,1097,209
6032,The Day After,1097,12
6033,Black Lives Matter Global Network Foundation,1097,1244
6034,Oz (magazine),1097,392
6035,Frank Ocean,1097,198
6036,Hereditary sensory and autonomic neuropathy,1096,226
6037,Hägar the Horrible,1096,133
6038,Ghostbusters (2016 film),1096,69
6039,Tadashi Suzuki,1096,145
6040,DashCon,1096,38
6041,Mr. Krabs,1096,83
6042,Fat Man,1096,1626
6043,Pajama Sam,1096,152
6044,Sam Altman,1096,426
6045,Spinout (film),1096,34
6046,Death (Marvel Comics),1096,216
6047,AARP,1096,595
6048,Genelec,1096,160
6049,Profumo affair,1096,21
6050,Yua Mikami,1096,224
6051,Minions (film),1096,87
6052,Christian McCaffrey,1096,149
6053,Big Pharma conspiracy theories,1096,245
6054,Amnesia,1096,282
6055,Absolutely Fabulous,1096,515
6056,Satan,1096,1452
6057,Fortnite,1096,409
6058,Conscription,1096,81
6059,Hermetic Qabalah,1096,50
6060,The Wiggles,1096,659
6061,Fantastic Four (2015 film),1095,144
6062,Europa Universalis IV,1095,321
6063,Rafael Nadal,1095,261
6064,The Prisoner,1095,149
6065,Chappell Roan,1095,15
6066,Perjury,1095,414
6067,Plessy v. Ferguson,1095,152
6068,The White Lotus,1095,991
6069,Fury from the Deep,1095,33
6070,Secret Hitler,1095,195
6071,Advertising,1095,1219
6072,Jack Bauer,1095,147
6073,Mick Foley,1095,158
6074,Lethal Company,1095,93
6075,Ninjago: Masters of Spinjitzu (pilot episodes),1095,228
6076,John Tyler,1095,722
6077,Mogadishu,1094,168
6078,Thomas Jefferson High School for Science and Technology,1094,548
6079,Ween,1094,221
6080,Winning Time: The Rise of the Lakers Dynasty,1094,202
6081,Kurgan Oblast,1094,259
6082,Roronoa Zoro,1094,139
6083,Rectal foreign body,1094,15
6084,JoJo's Bizarre Adventure: All Star Battle,1094,192
6085,Linda Diaz,1094,59
6086,Tommy Robinson (activist),1094,10
6087,Young Einstein,1094,115
6088,Garfield: Caught in the Act,1094,274
6089,Sydney Sweeney,1094,573
6090,Child's Play 3,1094,137
6091,The Ghost Busters,1094,30
6092,List of Sanrio characters,1093,118
6093,Where on Earth Is Carmen Sandiego?,1093,1009
6094,Malaysia Airlines Flight 370 disappearance theories,1093,315
6095,Birra Moretti,1093,258
6096,Transfeminism,1093,934
6097,Diablo II,1093,385
6098,James Buchanan,1093,667
6099,Columbus Day,1093,149
6100,Azealia Banks discography,1093,184
6101,Liverpool F.C.,1093,459
6102,Tekken,1093,138
6103,Uniqlo,1093,194
6104,Guillotine,1093,189
6105,New Zealand national rugby union team,1093,547
6106,Robert Orr,1093,41
6107,Bubble Trouble (1996 video game),1093,249
6108,Charles III,1093,753
6109,Giant Barn Swing,1093,108
6110,Dennō Senshi Porygon,1093,284
6111,Change of Habit,1093,34
6112,Dennis Rodman,1093,205
6113,Kero Kero Bonito,1093,281
6114,Docker (software),1092,340
6115,Dunkin,1092,139
6116,Bava Batra,1092,100
6117,Hen Wlad Fy Nhadau,1092,70
6118,Cool as Ice,1092,137
6119,Some Enchanted Evening (The Simpsons),1092,95
6120,Pate's Grammar School,1092,35
6121,Illegal immigration,1092,655
6122,Auston Matthews,1092,143
6123,PewDiePie,1092,1384
6124,Scapegoating,1092,1285
6125,Here Come the Double Deckers,1091,93
6126,L'eggs,1091,214
6127,Leon Draisaitl,1091,174
6128,Ticket resale,1091,105
6129,Stormgate,1091,150
6130,Cesspit,1091,195
6131,Golden State Warriors,1091,1154
6132,Adrian Veidt,1091,238
6133,Extremely online,1091,622
6134,Abraham Joshua Heschel,1091,94
6135,"Godzilla, Mothra and King Ghidorah: Giant Monsters All-Out Attack",1091,270
6136,Lagom,1091,267
6137,GG Allin,1091,234
6138,Kamala (wrestler),1091,125
6139,Anal masturbation,1091,205
6140,OS-tan,1090,289
6141,The Dollop,1090,15
6142,War of the Three Sanchos,1090,180
6143,Spotted dick,1090,1287
6144,Monokuma,1090,222
6145,Elizabeth Warren,1090,258
6146,Grey's Anatomy,1090,1385
6147,University of Montana,1090,30
6148,Pathfinder Roleplaying Game,1090,284
6149,Christchurch,1090,528
6150,Joe,1090,261
6151,Andrew Dice Clay,1090,136
6152,Snug,1090,85
6153,Lemon Demon,1090,133
6154,Justin Trudeau,1090,626
6155,Hullabaloo (TV series),1089,191
6156,Mohammed Noor,1089,93
6157,Dad bod,1089,391
6158,Cum Town,1089,188
6159,Jimmy Wales,1089,55
6160,The Heart of Saturday Night,1089,40
6161,Lasha Talakhadze,1089,234
6162,Eliezer Yudkowsky,1089,734
6163,Dishwasher salmon,1089,227
6164,Vlad the Impaler,1089,223
6165,TrackMania,1089,262
6166,Lethargy,1089,192
6167,San Diego Padres,1089,69
6168,Sin and Punishment,1088,174
6169,Salad Fingers,1088,260
6170,Transistor (video game),1088,175
6171,Losing streak,1088,173
6172,Cardi B,1088,1260
6173,Drake (musician),1088,247
6174,Captain Scarlet and the Mysterons,1088,119
6175,Two Nice Girls,1088,51
6176,The Allman Brothers Band,1088,185
6177,Putin khuylo!,1088,392
6178,Cats (2019 film),1088,488
6179,Short Circuit (1986 film),1088,144
6180,Roblox Corporation,1088,1020
6181,Secundum quid,1088,82
6182,CIA black sites,1088,254
6183,Five Nights at Freddy's (video game),1088,273
6184,Topaz (1969 film),1088,45
6185,Ureki,1088,243
6186,Doraemon,1087,1262
6187,Quidditch (real-life sport),1087,620
6188,Power Rangers Mystic Force,1087,180
6189,Mogen David,1087,146
6190,Genital Jousting,1087,223
6191,Chester Himes,1087,52
6192,Daicon III and IV Opening Animations,1087,258
6193,Silly Bandz,1087,182
6194,FN P90,1087,663
6195,Carmen Miranda,1087,1009
6196,Dissociative identity disorder,1087,236
6197,Healthcare in the United States,1087,125
6198,Landjäger,1087,250
6199,Megumin,1087,217
6200,Cruel Summer (Taylor Swift song),1087,304
6201,Kevin Durant,1087,251
6202,Absolute monarchy,1087,556
6203,Boston Celtics,1087,1194
6204,Radio propaganda,1086,143
6205,Aphasia,1086,271
6206,Cricket World Cup,1086,224
6207,HMCS Haida,1086,382
6208,Walk the Moon,1086,238
6209,Jira (software),1086,177
6210,Gabriel Batistuta,1086,190
6211,Sham 69,1086,272
6212,Audrey Tang,1086,217
6213,Sewage,1086,194
6214,Godzilla vs. Biollante,1086,189
6215,Illithid,1086,181
6216,Makgeolli,1085,220
6217,Morgenthau Plan,1085,193
6218,Danny Phantom,1085,50
6219,Wellington Phoenix FC,1085,113
6220,Alors on danse,1085,179
6221,Lost (2004 TV series),1085,576
6222,Drew Brees,1085,325
6223,ICarly,1085,267
6224,Titan submersible implosion,1085,614
6225,Pirates of the Caribbean: Battle for the Sunken Treasure,1085,131
6226,Renfe,1085,143
6227,Menstruation,1085,241
6228,Kazaam,1085,216
6229,Bitcoin,1085,1400
6230,Natalia Lafourcade,1085,85
6231,Mistborn,1085,195
6232,House of Cosbys,1085,35
6233,Kazuma Kiryu,1085,537
6234,Wild in the Country,1085,31
6235,Balenciaga,1085,170
6236,Buck Mulligan,1085,235
6237,The 1975,1085,170
6238,Needy Streamer Overload,1085,110
6239,Cloud Strife,1085,1145
6240,Mogwai,1085,126
6241,Breaking Away,1085,122
6242,The Angry Beavers,1084,39
6243,Ronaldinho,1084,406
6244,Queer anarchism,1084,600
6245,Liero,1084,219
6246,Sufjan Stevens,1084,266
6247,Lucy Worsley,1084,22
6248,APM Music,1084,251
6249,Carmen Sandiego's ThinkQuick Challenge,1084,150
6250,Fendi,1084,150
6251,Bastille (band),1084,384
6252,Tesla Cybertruck,1084,1263
6253,Kamala Harris,1084,1361
6254,Humster,1084,207
6255,Kangxi Emperor,1084,100
6256,Clancy Brown,1084,79
6257,Infinite Jest,1084,424
6258,Bang Bros,1084,152
6259,The Marvelous Mrs. Maisel,1083,143
6260,She-Ra and the Princesses of Power,1083,218
6261,"Stay Away, Joe",1083,37
6262,Brandon Sanderson,1083,367
6263,Dante Basco,1083,48
6264,Poop emoji,1083,1344
6265,Charité,1083,745
6266,Breast implant,1083,131
6267,Tinder (app),1083,1230
6268,Roland the Farter,1083,18
6269,Cult of Chucky,1083,130
6270,David Bentley Hart,1083,169
6271,Auto battler,1083,34
6272,Football hooliganism,1083,266
6273,Fuck You (Lily Allen song),1083,107
6274,List of Homestar Runner characters,1083,340
6275,Hammer and sickle,1083,41
6276,James K. Polk,1083,701
6277,Darling in the Franxx,1083,106
6278,White Claw Hard Seltzer,1082,1159
6279,Drawn to Life,1082,180
6280,Reefer Madness,1082,130
6281,Lucian Tapiedi,1082,85
6282,Recession,1082,41
6283,Solihull,1082,182
6284,The 101ers,1082,219
6285,Celtic language decline in England,1082,343
6286,Lawyers in Singapore,1082,56
6287,Long COVID,1082,14
6288,Katamari Damacy,1082,174
6289,James Hoffmann,1082,148
6290,Bee and PuppyCat,1082,605
6291,Carmen Sandiego in Japan,1082,805
6292,Dred Scott v. Sandford,1082,151
6293,Gay pornography,1081,201
6294,The Maxx,1081,127
6295,Halloween III: Season of the Witch,1081,138
6296,Ferny Grove State High School,1081,200
6297,AfD Hamburg,1081,14
6298,Randy Cartwright,1081,44
6299,My Immortal (fan fiction),1081,292
6300,Millard Fillmore,1081,636
6301,Univision,1081,107
6302,Stranger in the Alps,1081,166
6303,Bavarian Soviet Republic,1081,16
6304,Məmər,1081,339
6305,The Big Bang Theory,1081,1394
6306,Alabama,1081,276
6307,Warren Buffett,1081,1094
6308,Hákarl,1080,188
6309,Andrew Hussie,1080,47
6310,Moogle,1080,488
6311,Sulla,1080,957
6312,Wrecking Ball (Overwatch),1080,18
6313,Virginia Cavaliers football,1080,123
6314,Opeth,1080,118
6315,Chico and the Man,1080,116
6316,Cherry Red Records,1079,169
6317,Barnyard (video game),1079,270
6318,Complex post-traumatic stress disorder,1079,329
6319,Burglary,1079,127
6320,Gonzo pornography,1079,176
6321,Xanthan gum,1079,46
6322,New York Yankees,1079,1124
6323,Charlie Sheen,1079,1203
6324,Learning disability,1079,132
6325,FAMAS,1079,419
6326,La-Mulana,1079,265
6327,Cock ring,1079,421
6328,Call of Duty: Modern Warfare,1079,1119
6329,The Young Ones (TV series),1079,390
6330,Garfield: A Tail of Two Kitties,1079,268
6331,Niggas vs. Black People,1079,158
6332,Anne Bogart,1079,17
6333,San Francisco Giants,1079,724
6334,Fortnite Battle Royale,1079,1321
6335,Calvinism,1079,1122
6336,Headache,1079,36
6337,Sex Education (TV series),1078,415
6338,Nas,1078,417
6339,Balneário Camboriú,1078,150
6340,Barcelona FC,1078,1202
6341,Incompatible Timesharing System,1078,184
6342,Moldova in the Eurovision Song Contest,1078,259
6343,Triskaidekaphobia,1078,243
6344,NFC,1078,247
6345,Ghost Dog: The Way of the Samurai,1078,122
6346,Gay sex roles,1078,198
6347,Connor McDavid,1078,188
6348,Nestlé,1078,532
6349,Rusty trombone,1078,337
6350,Novak Djokovic,1078,1154
6351,Rhinestone Cowboy,1077,845
6352,Donaldina Cameron,1077,81
6353,Faith Kipyegon,1077,192
6354,James Harden,1077,183
6355,Maniac (miniseries),1077,130
6356,Scott Alexander,1077,491
6357,I Think You Should Leave with Tim Robinson,1077,217
6358,Landslide,1077,279
6359,Dril,1077,225
6360,Steve Mould,1077,161
6361,Carmen Sandiego: Out of This World,1077,191
6362,Cultural appropriation,1077,201
6363,The Oblongs,1077,114
6364,Dyslexia,1077,313
6365,Queer Duck,1077,175
6366,Stronghold: Crusader,1076,165
6367,Zapruder film,1076,165
6368,Wheat Thins,1076,35
6369,William Henry Harrison,1076,772
6370,Abdication of Edward VIII,1076,84
6371,Kim Stanley Robinson,1076,177
6372,NASCAR Cup Series,1076,199
6373,TVR,1076,123
6374,Little Boy,1076,324
6375,Hamilton Fish,1076,267
6376,Christmas controversies,1076,131
6377,Carmen Miranda: Bananas is My Business,1076,274
6378,Toronto Transit Commission,1076,193
6379,Turmoil,1076,235
6380,Loneliness,1076,1361
6381,Monster Hunter: World,1076,263
6382,MMMBop,1076,184
6383,Edge (wrestler),1075,162
6384,Mint 400,1075,245
6385,The Owl House,1075,303
6386,Apple Vision Pro,1075,571
6387,Christopher Poole,1075,1135
6388,From Mars to Sirius,1075,161
6389,Rubin & Ed,1075,109
6390,Ants from Up There,1075,172
6391,Cat Girl,1075,284
6392,Greed,1075,1366
6393,Godzilla: The Series,1075,152
6394,Airport security,1075,1321
6395,Vaginoplasty,1075,160
6396,Cadaver,1075,231
6397,Organized crime,1075,34
6398,Bored of the Rings,1075,108
6399,ContraPoints,1075,454
6400,Yaoi,1074,329
6401,Clambake (film),1074,37
6402,Eren Yeager,1074,229
6403,Kid 'n Play,1074,126
6404,Fugging,1074,183
6405,Carmen Sandiego: Junior Detective,1074,207
6406,Fursuit,1074,426
6407,The O.C.,1074,224
6408,Double Trouble (1967 film),1074,37
6409,Heart Attack Grill,1074,142
6410,Stuttering,1074,318
6411,The Tick (1994 TV series),1074,227
6412,Hikaru Utada,1074,372
6413,Let's Go Brandon,1074,229
6414,Elephant's Foot (Chernobyl),1074,277
6415,James Beard,1074,206
6416,Space Alert,1074,140
6417,M2 Browning,1074,176
6418,Downton Abbey,1073,1130
6419,Homestuck,1073,1578
6420,Perineum,1073,354
6421,Container-deposit legislation,1073,347
6422,Stan,1073,148
6423,Boygenius,1073,248
6424,Capital punishment,1073,309
6425,Movies Now,1073,203
6426,Sephiroth (Final Fantasy),1073,834
6427,ASEAN,1073,1056
6428,Hampden–Sydney College,1073,219
6429,Noala,1073,424
6430,Game of Thrones (season 6),1073,120
6431,Geniocracy,1073,230
6432,Cathy Conheim,1073,63
6433,Divinity: Original Sin II,1072,217
6434,Mark Rutte,1072,160
6435,Furry fandom,1072,1631
6436,James Hunt,1072,162
6437,Mass Effect: Andromeda,1072,74
6438,State Farm,1072,441
6439,Seto Kaiba,1072,313
6440,Killer Bean Forever,1072,190
6441,Videogamedunkey,1072,237
6442,Dota 2,1072,313
6443,Seattle SuperSonics,1072,639
6444,Queer Duck: The Movie,1071,198
6445,Houston Astros,1071,613
6446,Pauly Shore,1071,43
6447,Fortnite World Cup,1071,53
6448,Aimer,1071,191
6449,Catholic Church,1071,1275
6450,CNN,1071,1236
6451,Albrecht von Roon,1071,164
6452,Divine (performer),1071,151
6453,Pikmin 4,1071,230
6454,Beyblade Burst,1071,218
6455,Tom Brady,1070,1142
6456,Breakin',1070,116
6457,Squidbillies,1070,279
6458,Mika (singer),1070,179
6459,Bridget (Guilty Gear),1070,504
6460,Charro!,1070,36
6461,Johnny Test,1070,510
6462,1939 St. Louis smog,1070,231
6463,Conker's Pocket Tales,1070,372
6464,Smile (musical),1070,56
6465,Let's trim our hair in accordance with the socialist lifestyle,1070,514
6466,Threads (social network),1070,305
6467,Yuri (genre),1070,401
6468,Toyota Land Cruiser Prado,1070,201
6469,Advance Wars,1070,322
6470,Assassination,1070,968
6471,Serbia national football team,1070,908
6472,Armpit fetishism,1069,196
6473,Uncle Ruckus,1069,417
6474,Harry Styles,1069,795
6475,Richard Osman,1069,109
6476,Lemmy (software),1069,217
6477,John Tuggle,1069,39
6478,Vodafone,1069,309
6479,Michael Stuhlbarg,1069,144
6480,Psychrolutidae,1069,149
6481,Harum Scarum (film),1069,45
6482,Randy Orton,1069,182
6483,RRR,1069,115
6484,The Women (1939 film),1069,729
6485,Gay Sex in the 70s,1069,48
6486,Cult,1069,290
6487,American Gladiators,1069,917
6488,Inter Miami CF,1068,182
6489,Romford Greyhound Stadium,1068,272
6490,Tottenham Hotspur F.C.,1068,348
6491,Common cold,1068,118
6492,2016 National Hockey League All-Star Game,1068,77
6493,New England Patriots,1068,880
6494,Spider cannibalism,1068,287
6495,New York Mets,1068,494
6496,Leon S. Kennedy,1068,833
6497,Michel Foucault,1068,1187
6498,Friendly fire,1068,96
6499,Lou Albano,1068,128
6500,Melodrama (Lorde album),1067,177
6501,Godzilla 2000,1067,249
6502,Swans (band),1067,293
6503,Ate my balls,1067,443
6504,Prion,1067,643
6505,Michael Bluth,1067,56
6506,Rear of the Year,1067,174
6507,Chronicles of Elyria,1067,188
6508,Tristan da Cunha,1067,250
6509,Linda Martini,1067,164
6510,Hangover,1067,236
6511,Toby Ord,1067,127
6512,Otherside Picnic,1067,214
6513,Robert Opel,1067,55
6514,Hearts of Iron IV,1067,228
6515,Levante (hosiery),1067,187
6516,Mary I of England,1067,48
6517,Cerence,1066,14
6518,Fatigue,1066,96
6519,NationStates,1066,197
6520,Texas Rangers (baseball),1066,494
6521,Battle of Antietam,1066,162
6522,Harry Potter fandom,1066,1093
6523,Android 21,1066,139
6524,Paul Pierce,1066,933
6525,Chikan (body contact),1066,157
6526,Fever,1066,231
6527,Ages of consent in Asia,1066,302
6528,Sinking of the Titanic,1066,573
6529,Bitconnect,1066,250
6530,Email spam,1066,72
6531,Nana Kitade,1065,168
6532,Battle of Hemmingstedt,1065,239
6533,Premium-rate telephone number,1065,62
6534,"Fair, then Partly Piggy",1065,176
6535,Grief,1065,264
6536,Last Dinosaurs,1065,218
6537,Teen Wolf (franchise),1065,136
6538,Sydney FC,1065,1300
6539,YouTube Premium,1065,121
6540,Latrodectus,1065,328
6541,Mathmos,1064,138
6542,The Trouble with Girls (film),1064,28
6543,Cape Feare,1064,88
6544,Aaron Ramsey,1064,253
6545,Self-immolation,1064,332
6546,Marlboro,1064,201
6547,Arizona Cardinals,1064,225
6548,Triple H,1064,186
6549,Collyer brothers,1064,77
6550,Jimmy Carter UFO incident,1064,184
6551,Conor McGregor,1064,305
6552,Ghost Master,1064,90
6553,"Bakırlı, Gönen",1064,36
6554,Mormons,1064,360
6555,Vaginal flatulence,1064,1169
6556,Rikishi (wrestler),1063,217
6557,Urho Kekkonen,1063,177
6558,Árpád dynasty,1063,188
6559,Corn smut,1063,30
6560,Kemalism,1063,165
6561,Rhett & Link,1063,109
6562,Godzilla x Kong: The New Empire,1063,200
6563,Euromaidan,1063,237
6564,Chuvashia,1063,217
6565,Slavoj Žižek,1063,216
6566,Eric Cantona,1063,203
6567,Vinland Saga (manga),1063,499
6568,Elemental (2023 film),1063,281
6569,Animal roleplay,1063,716
6570,Beer riots in Bavaria,1063,18
6571,Breast torture,1062,427
6572,Nipple discharge,1062,132
6573,Xuxa,1062,77
6574,Daddy Issues,1062,638
6575,Carrot Top,1062,195
6576,Cristiano Ronaldo,1062,1130
6577,Social Democratic Party of Germany,1062,123
6578,Brainwashing,1062,304
6579,Lack of physical education,1061,81
6580,Arizona Coyotes,1061,166
6581,No Game No Life,1061,130
6582,Pickup artist,1061,233
6583,Procuring (prostitution),1061,266
6584,Quebec nationalism,1061,224
6585,Atlanta (TV series),1060,151
6586,Bret Michaels,1060,160
6587,Watergate scandal,1060,186
6588,Five Nights at Freddy's (film),1060,183
6589,Curse of Chucky,1060,119
6590,Mastodon (social network),1060,671
6591,Afsluitdijk,1060,189
6592,Angela White,1060,326
6593,Supernatural (American TV series),1060,161
6594,Centre Party (Netherlands),1060,237
6595,Max Verstappen,1059,234
6596,Al Sharpton,1059,113
6597,Toxicity,1059,470
6598,Rape kit,1059,126
6599,Addiction,1059,382
6600,Serbophilia,1059,309
6601,Quantum Leap (2022 TV series),1059,158
6602,The Disastrous Life of Saiki K.,1059,139
6603,Rudolf Steiner,1058,237
6604,Where in North Dakota Is Carmen Sandiego?,1058,243
6605,Seattle Sounders FC,1058,285
6606,Zardoz,1058,154
6607,Young Sheldon,1058,210
6608,Fraud,1058,823
6609,Debt,1058,1305
6610,Just Stop Oil,1058,322
6611,Garfield's Pet Force,1058,265
6612,Adia Victoria,1058,63
6613,Book of Mormon,1058,282
6614,Muslim conquest of Sicily,1058,262
6615,Pedro Martínez,1058,626
6616,Traditionalist Catholicism,1057,547
6617,Stroad,1057,584
6618,Splatoon 2: Octo Expansion,1057,160
6619,Seattle Seahawks,1057,309
6620,Cala Llenya,1057,222
6621,The Fancy Pants Adventures,1057,175
6622,Baldur's Gate 3,1057,80
6623,"Paradise, Hawaiian Style",1057,44
6624,Two-Gun Cohen,1057,122
6625,The Other Woman,1057,192
6626,Concealment of birth,1057,289
6627,Tommy Kahnle,1056,165
6628,Michel Lotito,1056,402
6629,Agnes Sanford,1056,78
6630,Heartbleed,1056,252
6631,Golden rain,1056,182
6632,Ikurriña,1056,204
6633,Dying,1056,657
6634,The PJs,1056,139
6635,Out of the Box (TV series),1056,114
6636,The Viper Room,1056,151
6637,Luck Be a Landlord,1055,152
6638,The San Diego Union-Tribune,1055,153
6639,Simon Farnaby,1055,212
6640,Neckbeard (slang),1055,388
6641,Josie Long,1055,218
6642,Louis Vuitton,1055,1284
6643,Carmen Sandiego: The Secret of the Stolen Drums,1055,137
6644,Super Bowl LVII halftime show,1055,194
6645,Aleksandr Dugin,1055,45
6646,Kenny G,1055,1193
6647,AKB48,1054,48
6648,Shahada,1054,642
6649,Victoria De Angelis,1054,561
6650,Silent majority,1054,187
6651,Gary Busey,1054,91
6652,War,1054,1437
6653,List of Guilty Gear characters,1054,602
6654,Taylor Lautner,1054,173
6655,Peter F. Hamilton,1054,145
6656,Sleep deprivation,1054,301
6657,Woggle-Bug,1054,95
6658,I Can't Make You Love Me,1054,133
6659,X86-64,1054,236
6660,Penile implant,1054,311
6661,Tyler Cowen,1053,417
6662,Punisher (album),1053,163
6663,White Anglo-Saxon Protestants,1053,120
6664,Ephebophilia,1053,1198
6665,Ukhta,1053,164
6666,Coconut Fred's Fruit Salad Island,1053,137
6667,Sleep disorder,1053,117
6668,Aja (album),1053,296
6669,The Fabulous Furry Freak Brothers,1053,414
6670,Gay Nigger Association of America,1053,253
6671,Robin Hanson,1053,160
6672,Loli,1052,127
6673,Crime,1052,515
6674,Truck nuts,1052,274
6675,Ruby Gloom,1052,140
6676,Death of Jeffrey Epstein,1052,271
6677,Zoomer,1052,42
6678,Andy Murray career statistics,1052,201
6679,Yeshiva,1052,127
6680,Rivaldo,1052,251
6681,Communism,1052,1374
6682,Ghostbusters (1986 TV series),1052,67
6683,White Denim,1052,156
6684,Jerahmeel (archangel),1052,271
6685,Godzilla (Eminem song),1051,162
6686,M142 HIMARS,1051,214
6687,Paulo Dybala,1051,39
6688,Panzer VIII Maus,1051,421
6689,Light pollution,1051,151
6690,List of banned video games in Australia,1051,491
6691,Murder One (TV series),1051,41
6692,Stuyvesant High School,1051,190
6693,"J. R. ""Bob"" Dobbs",1051,187
6694,Rob Schneider,1051,117
6695,Bullfighting,1050,33
6696,Sword Art Online,1050,288
6697,Vladimir Lenin,1050,1375
6698,Keeping up with the Joneses,1050,279
6699,FLCL,1050,220
6700,Jeremy Corbyn,1050,99
6701,Phil Spector,1050,223
6702,Cotard's syndrome,1050,173
6703,List of The Venture Bros. characters,1050,142
6704,FIRST Lego League Challenge,1050,129
6705,Seal Island (film),1050,41
6706,Kaliningrad Oblast,1049,175
6707,List of Touhou Project characters,1049,439
6708,Overwatch League,1049,666
6709,Car dependency,1049,507
6710,FIRST Tech Challenge,1049,126
6711,Cobra Commander,1049,14
6712,Jaan Pehechan Ho,1049,159
6713,2020–2023 ICC Cricket World Cup Super League,1049,425
6714,Chapo Trap House,1049,182
6715,Eugenics,1049,235
6716,Becky Chambers,1049,175
6717,Ronaldo (Brazilian footballer),1049,463
6718,Xenoblade Chronicles 3,1049,292
6719,Characters of Chrono Trigger,1048,445
6720,BRICS,1048,1186
6721,Gavin Newsom,1048,717
6722,Magical Negro,1048,206
6723,Looting,1048,36
6724,San Diego Padres minor league players,1048,210
6725,Sprain,1048,167
6726,Gulf War,1048,138
6727,Call of Duty 4: Modern Warfare,1048,327
6728,"The Grange School, Santiago",1048,137
6729,Russia 1985–1999: TraumaZone,1048,197
6730,Nikolai Volkoff,1048,100
6731,Peter Greenaway,1047,236
6732,Cockroach,1047,1387
6733,Samara Weaving,1047,257
6734,Asbestos,1047,545
6735,Electoral fraud,1047,170
6736,King Diamond (band),1047,159
6737,Michael Mols,1047,217
6738,Jack the Ripper,1046,337
6739,Francis Fukuyama,1046,694
6740,Cigarette,1046,1424
6741,Satanism,1046,78
6742,Alone (TV series),1046,205
6743,Chainlink (blockchain),1046,356
6744,Five Nights at Freddy's 4,1045,45
6745,Goatee,1045,1161
6746,Booty Call,1045,500
6747,Muzzy Izzet,1045,120
6748,The Kite Runner,1045,39
6749,Muji,1045,1006
6750,Nico Rosberg,1045,149
6751,Carpet bombing,1045,34
6752,JoJo's Bizarre Adventure: Stardust Crusaders,1045,142
6753,Howitzer,1045,166
6754,Pathogen,1045,268
6755,Institutional racism,1044,40
6756,Crashlands,1044,132
6757,Toxic hotspot,1044,240
6758,Xenoblade Chronicles (video game),1044,226
6759,Sexuality in Islam,1044,220
6760,Pine Tree Flag,1044,40
6761,Radio Disney,1044,123
6762,Trinity (nuclear test),1044,143
6763,Game of Thrones (season 7),1044,131
6764,Shein,1044,287
6765,Clarissa Explains It All,1043,248
6766,David Ortiz,1043,823
6767,Little Einsteins,1043,136
6768,Steins;Gate,1043,140
6769,Trails (series),1043,50
6770,Hell in Christianity,1043,123
6771,Social stigma of obesity,1043,536
6772,Sabrina Carpenter,1043,166
6773,A Certain Scientific Railgun,1043,360
6774,The Acolyte (TV series),1043,35
6775,Jimmy Carter rabbit incident,1043,183
6776,PUP (band),1043,262
6777,Jockstrap,1043,86
6778,Shikma Bressler,1043,169
6779,Cold-stimulus headache,1042,254
6780,Adriana Chechik,1042,255
6781,Sounding,1042,529
6782,Tim Tebow,1042,254
6783,Vkhutemas,1042,145
6784,Ken Penders,1042,129
6785,Red states and blue states,1042,35
6786,Chipmunk Punk,1042,963
6787,Darkest Dungeon II,1042,167
6788,Cleveland Street scandal,1042,512
6789,Josh Sargent,1042,158
6790,Bloody Mary (song),1041,49
6791,Pope John XXIII,1041,93
6792,Bipolar disorder,1041,1251
6793,Child labor in the United States,1041,76
6794,Kissin' Cousins,1041,42
6795,Brexit,1041,1332
6796,Chinese Civil War,1041,1242
6797,Miracle Star,1041,130
6798,Paris Saint-Germain F.C.,1041,541
6799,Rodoljub Roki Vulović,1041,124
6800,Brawl Stars,1041,309
6801,Denpa,1040,35
6802,Erling Haaland,1040,204
6803,Flea (Chrono Trigger),1040,350
6804,Foodfight!,1040,107
6805,Domino (character),1040,145
6806,Alestorm,1040,74
6807,Animal testing,1040,320
6808,Czesław Niemen,1040,70
6809,Fully Automated Luxury Communism,1040,123
6810,Aaron Judge,1040,206
6811,Annexation of the Crimean Khanate by the Russian Empire,1040,30
6812,Montreal Screwjob,1040,273
6813,1874 Northwich F.C.,1040,230
6814,Carmen Sandi,1039,161
6815,Junko Enoshima,1039,225
6816,Ayn Rand,1039,1218
6817,Dominic Cummings,1039,148
6818,List of accolades received by Avatar: The Way of Water,1039,209
6819,Robert Lewandowski,1039,188
6820,Gaturro,1039,271
6821,Bloodletting,1039,253
6822,Rahul Gandhi,1039,168
6823,"Easy Come, Easy Go (1967 film)",1038,40
6824,Honkai: Star Rail,1038,381
6825,Clinton–Lewinsky scandal,1038,303
6826,The Kids From C.A.P.E.R.,1038,144
6827,Satellite High School,1038,188
6828,Victor Wembanyama,1038,186
6829,Niggas in Paris,1038,277
6830,Ben Wallace (basketball),1038,131
6831,Natural disaster,1038,85
6832,Da Weasel,1037,153
6833,Dallas Mavericks,1037,439
6834,Wings of Fire (novel series),1037,169
6835,2024 United States presidential election,1037,91
6836,Beliefs and practices of the Church of Jesus Christ of Latter-day Saints,1037,124
6837,Rayman 3: Hoodlum Havoc,1037,216
6838,Oshi no Ko,1037,231
6839,Gooning,1037,134
6840,Aella (influencer),1037,100
6841,Comb over,1037,414
6842,Barbara Walters,1037,230
6843,Dragon Ball Super,1037,141
6844,Lockdown,1037,940
6845,Abigail (album),1037,197
6846,Prison,1036,1343
6847,Russia,1036,637
6848,Cestoda,1036,52
6849,G.I. Blues,1036,40
6850,Dr. Stone,1036,79
6851,Clickbait,1036,100
6852,Goro Majima,1036,146
6853,SsangYong Rodius,1036,270
6854,Salem witch trials,1036,231
6855,No Love Deep Web,1036,145
6856,Abdominal pain,1036,129
6857,Bloor Street,1036,175
6858,Surströmming,1035,232
6859,Brit milah,1035,119
6860,Baki,1035,136
6861,Andrew Johnson,1035,801
6862,PwC,1035,116
6863,Twice,1035,161
6864,Great Depression,1035,185
6865,Jeff Bezos,1035,571
6866,Lomepal,1035,149
6867,The One with the Prom Video,1035,51
6868,Unemployment,1035,389
6869,Netcraft,1035,260
6870,Threads (app),1034,393
6871,Shah Rukh Khan,1034,187
6872,Richard Dickerson,1034,137
6873,Smog,1034,279
6874,Drone warfare,1034,890
6875,The Evil Within,1034,273
6876,United States obscenity law,1034,197
6877,Floyd Mayweather Jr.,1034,1215
6878,Six13,1034,244
6879,Thomas Piketty,1034,254
6880,Marcelo Bielsa,1034,169
6881,Urinary meatus,1034,144
6882,Huw Edwards,1033,107
6883,Faggot (food),1033,208
6884,Ponzi scheme,1033,237
6885,Romani Holocaust,1033,16
6886,Russian Empire,1033,316
6887,"Racist, Sexist Boy",1032,51
6888,Disco Demolition Night,1032,214
6889,"A, My Name is Alex",1032,37
6890,La Job,1032,207
6891,Leicester Tigers,1032,196
6892,Roberto Baggio,1032,321
6893,Nancy Drew,1032,32
6894,Maison Margiela,1032,271
6895,Travis Cummings,1032,43
6896,Raw Toonage,1032,253
6897,Brain fag syndrome,1031,254
6898,Judas Iscariot,1031,238
6899,Boris Yeltsin,1031,274
6900,Game Grumps,1031,203
6901,Tara Strong,1031,135
6902,Dandruff,1031,183
6903,Roon,1031,204
6904,Dallas Cowboys,1031,1277
6905,Hugo Pool,1031,158
6906,Simon Cowell,1031,1202
6907,Joel Teitelbaum,1031,160
6908,Twisted Pair (film),1031,60
6909,Theft,1031,455
6910,Envy,1030,1469
6911,The Wind Done Gone,1030,78
6912,Leffen,1030,163
6913,A Serbian Film,1030,191
6914,Dallas Stars,1030,563
6915,Tinkoff Bank,1030,222
6916,Pickled Eggs and Sherbet,1030,56
6917,Lynn Nottage,1029,159
6918,History of slavery,1029,41
6919,Penis envy,1029,458
6920,Gurren Lagann,1029,117
6921,2007–2008 financial crisis,1028,1253
6922,Hurricane Katrina,1028,33
6923,Controversies about the word niggardly,1028,236
6924,Kyle Gass,1028,134
6925,Martha Stewart,1028,1139
6926,Mustafa Kemal Atatürk,1028,243
6927,Battery (crime),1028,92
6928,Willi wills wissen,1028,202
6929,Tom Cotton,1028,33
6930,Sex tourism,1028,182
6931,Calgary Catholic School District,1028,50
6932,Serral,1028,157
6933,Father of the Pride,1028,57
6934,List of nicknames used by Donald Trump,1027,122
6935,Ageism,1027,93
6936,Bishop O'Dowd High School,1027,201
6937,Ireland as a tax haven,1027,895
6938,Shouting match,1027,75
6939,Yuba County Five,1027,120
6940,BTS,1027,1211
6941,Citadel Securities,1026,212
6942,Janani Luwum,1026,82
6943,Justin Bieber,1026,1317
6944,Pedobear,1026,870
6945,Celonis,1026,134
6946,Wage Rudolf Supratman,1026,163
6947,MechWarrior 4: Vengeance,1026,301
6948,Self-cannibalism,1026,178
6949,"Meghan, Duchess of Sussex",1026,953
6950,Zodiac Killer,1025,144
6951,Gay-for-pay,1025,231
6952,Charlie Munger,1025,614
6953,Slow Horses,1025,69
6954,FC Dallas,1025,538
6955,Hoseynabad,1024,127
6956,Grey DeLisle,1024,125
6957,Xanadu (musical),1024,99
6958,Pierre Woodman,1023,110
6959,Karl Pilkington,1023,215
6960,Google Ads,1023,345
6961,Kamikaze,1023,184
6962,Jean Dujardin,1022,173
6963,Smoking,1022,1385
6964,Foxhole (video game),1022,154
6965,Barack Obama citizenship conspiracy theories,1022,280
6966,Eusébio,1022,166
6967,Dream (YouTuber),1022,204
6968,Pain,1022,1370
6969,Facebook,1021,1358
6970,Sekai no Owari,1021,464
6971,Red Army Faction,1021,58
6972,Agent Elvis,1020,155
6973,Speedway (1968 film),1020,37
6974,Termination of employment,1020,295
6975,Gekijōban Dōbutsu no Mori,1020,357
6976,Cupping therapy,1020,44
6977,The Murderbot Diaries,1020,155
6978,9M14 Malyutka,1020,126
6979,Carl Anthony Payne II,1020,130
6980,Sami Al-Jaber,1020,92
6981,Citi Zēni,1019,155
6982,Little Britain: The Video Game,1019,68
6983,This Morning with Richard Not Judy,1019,23
6984,Purge,1019,72
6985,Saudia,1019,155
6986,J. K. Rowling,1019,387
6987,Shouting fire in a crowded theater,1019,97
6988,Nuclear weapons and Israel,1018,288
6989,Well poisoning,1018,215
6990,Tooth decay,1018,494
6991,Multi-level marketing,1018,889
6992,MUMPS,1018,321
6993,Year 3000,1018,245
6994,The Chipettes,1017,948
6995,N-World,1017,239
6996,JoJo Siwa,1017,193
6997,Bush v. Gore,1017,235
6998,In-game advertising,1017,156
6999,Kyösti Kallio,1017,196
7000,Boss Nigger,1016,243
7001,Infantilization,1016,94
7002,Brian Lara,1016,159
7003,Nigga Please,1016,186
7004,Oxxxymiron,1016,202
7005,Jongens,1016,206
7006,Richard Keys,1016,142
7007,Monica Lewinsky,1015,100
7008,Práxedes Mateo Sagasta,1015,244
7009,Dave the Diver,1015,171
7010,Son Heung-min,1015,152
7011,Flesh and Blood (card game),1015,227
7012,Intellectual disability,1015,293
7013,Borussia Dortmund,1015,54
7014,Toothache,1015,275
7015,Blister,1014,95
7016,Pavel Volya,1014,193
7017,It's Pony,1014,417
7018,Faker (gamer),1014,1304
7019,Great Leap Forward,1014,254
7020,Scud: The Disposable Assassin,1014,125
7021,Benji Schwimmer,1014,154
7022,Cough,1014,1292
7023,Suicide methods,1014,260
7024,Assassination of John F. Kennedy,1013,382
7025,C.D. FAS,1013,152
7026,List of wars involving Ukraine,1013,261
7027,Wagner Group–Ministry of Defense conflict,1013,437
7028,Burn,1013,70
7029,Overweight,1013,96
7030,Peritonitis,1013,238
7031,Incarceration in the United States,1012,233
7032,Johan Cruyff,1012,217
7033,Cr1TiKaL,1012,1220
7034,Paul is dead,1012,187
7035,Mitt Romney,1012,329
7036,Burke and Hare murders,1012,170
7037,Milk allergy,1012,220
7038,Niggerati,1012,247
7039,Mass surveillance,1012,273
7040,Fukase,1012,793
7041,Soviet Union,1011,1419
7042,Busted (band),1011,147
7043,Reign of Terror,1011,169
7044,Hair loss,1011,1523
7045,Salvo (band),1011,168
7046,G4 (American TV network),1011,125
7047,Superwog,1010,248
7048,John Piper (theologian),1010,286
7049,Vietnam War,1010,545
7050,Porn in the Hood,1010,152
7051,Ejaculation disorders,1010,154
7052,Hollywood Vampires (band),1010,178
7053,The Origin of the Feces,1009,131
7054,Hunter Biden,1009,800
7055,Humiliation,1009,547
7056,Holy Prepuce,1009,200
7057,Kanye West,1009,1290
7058,Loonatics Unleashed,1008,173
7059,Staphylococcal infection,1008,17
7060,The Troubles,1008,1031
7061,Pink Sauce,1008,340
7062,Great Famine (Ireland),1008,260
7063,Erwin Rommel,1008,148
7064,2 Broke Girls,1008,264
7065,Mikheil Saakashvili,1008,222
7066,Bad breath,1008,103
7067,Cannulated cow,1008,140
7068,Lingchi,1008,269
7069,Ryan's World,1007,140
7070,Kidnapping,1007,277
7071,List of Homestuck characters,1007,516
7072,Rupert Sheldrake,1007,208
7073,Texas secession movements,1007,347
7074,Battle of Mogadishu (1993),1006,213
7075,MILF Manor,1006,473
7076,Pavel Durov,1006,43
7077,My Little Pony: Friendship Is Magic fandom,1006,692
7078,Hans Niemann,1006,250
7079,Migraine,1006,608
7080,Racism in the LGBT community,1006,283
7081,Starr Report,1006,137
7082,Mite,1005,268
7083,Myxomatosis,1004,118
7084,Black Hebrew Israelites,1004,268
7085,Shady Deal at Sunny Acres,1004,44
7086,Small Potatoes (The X-Files),1004,42
7087,The Prisoner (2009 miniseries),1004,216
7088,Suffering,1003,473
7089,FTX,1003,200
7090,Ange Postecoglou,1003,156
7091,The Breakfast Club (radio show),1003,984
7092,Paper cut,1003,1374
7093,Virus,1003,438
7094,Gatchina,1002,137
7095,Disgaea: Hour of Darkness,1002,52
7096,Hasan Piker,1002,1147
7097,Toomas Hendrik Ilves,1002,147
7098,Murder–suicide,1002,193
7099,Marxism–Leninism,1002,876
7100,Bbno$,1002,154
7101,Pornography addiction,1001,181
7102,Heroin,1001,1421
7103,Obscenity trial of Ulysses in The Little Review,1001,166
7104,"Kim Kardashian, Superstar",1001,256
7105,Execution by firing squad,1001,28
7106,Infection,1000,394
7107,Shart,1000,90
7108,Arca (musician),1000,221
7109,Gender dysphoria,1000,434
7110,Hell,999,1055
7111,Twitter usage,999,33
7112,Boris Johnson,999,1333
7113,Triangle Shirtwaist Factory fire,999,97
7114,Evangelicalism in the United States,999,633
7115,Home Is the Sailor (Cheers),999,38
7116,Teemu Pukki,998,216
7117,Rape fantasy,998,152
7118,Electric chair,998,1350
7119,Speedball (drug),998,244
7120,Cuevana,998,195
7121,Poison,998,395
7122,Childhood trauma,997,188
7123,Drake–Kendrick Lamar feud,997,32
7124,Sauli Niinistö,997,183
7125,"Hoseynabad-e Khan, Sar Asiab-e Farsangi",997,127
7126,Soil contamination,997,116
7127,Saudi Arabia,997,558
7128,CM Punk,997,322
7129,Nabih Berri,996,103
7130,Patriot Act,996,216
7131,Vegaphobia,996,159
7132,Jem (TV series),996,420
7133,Flight cancellation and delay,996,77
7134,Niggers in the White House,996,212
7135,Alastair Campbell,995,159
7136,Atomic bombings of Hiroshima and Nagasaki,994,427
7137,Red Letter Media,994,181
7138,Bentkey,994,64
7139,Gays Against Groomers,994,54
7140,Toxic masculinity,993,905
7141,People for the Ethical Treatment of Animals,993,1231
7142,Famine,993,95
7143,Game of Thrones (season 8),993,576
7144,William Weber,992,59
7145,Water pollution,992,63
7146,Anwar Sadat,992,235
7147,Saudi Aramco,992,151
7148,Drought,992,1207
7149,Foreskin restoration,992,326
7150,Frostbite,991,42
7151,Saudi Pro League,991,154
7152,"Andy Gray (footballer, born 1955)",991,162
7153,Cruel and unusual punishment,990,153
7154,Allergy,990,1416
7155,Days Like These (TV series),990,113
7156,Sex with Hitler,990,153
7157,Air pollution,990,120
7158,Chastity belt (BDSM),990,152
7159,Angers SCO,990,259
7160,Azov Brigade,989,222
7161,Fatal insomnia,989,388
7162,Blue balls,988,183
7163,2024 Republican Party presidential debates and forums,988,206
7164,Elon Musk,988,1631
7165,Love Live!,988,1262
7166,Destiny (streamer),988,332
7167,Traffic collision,988,1314
7168,Caning,988,141
7169,Feces,988,1312
7170,Escherichia coli,988,291
7171,Kylie Jenner,988,736
7172,Scrub Me Mama with a Boogie Beat,987,294
7173,Anorectal abscess,987,149
7174,Kim Kardashian,987,1226
7175,The Human Centipede (First Sequence),987,351
7176,Rabies,987,379
7177,Colleen Ballinger,987,188
7178,Nuclear warfare,987,941
7179,Rash,987,215
7180,Dyatlov Pass incident,986,148
7181,Erotic sexual denial,986,157
7182,Vaush,985,138
7183,Cristina Fernández de Kirchner,985,179
7184,Diphallia,985,23
7185,Social rejection,985,457
7186,Martin Shkreli,985,1091
7187,Atos,984,55
7188,Scurvy,984,803
7189,Murder of the Romanov family,984,176
7190,Tranny,984,808
7191,Gucci Mane,984,1074
7192,ALZhIR,984,244
7193,Oubi Buchraya Bachir,983,110
7194,Daniel Bethell,983,206
7195,Trump fake electors plot,983,34
7196,Kony 2012,983,180
7197,John Kricfalusi,983,204
7198,Billy Mitchell (gamer),983,361
7199,One-child policy,982,583
7200,Ümit Özdağ,982,194
7201,2000 United States presidential election in Florida,981,181
7202,Nigger,981,164
7203,Bill Maher,981,242
7204,2016 United States presidential election,981,234
7205,Urolagnia,981,391
7206,Death of Garry Hoy,980,210
7207,Mormonism,980,1301
7208,Mosquito,980,1458
7209,Hypertension,979,1243
7210,Chris Benoit,979,255
7211,Herbalife,979,1162
7212,Joe Rogan,979,1225
7213,Star Wars Theory,979,85
7214,Urethral intercourse,979,15
7215,Dick Cheney,979,214
7216,Daniel Andrews,978,133
7217,Micropenis,977,153
7218,Slobodan Milošević,977,129
7219,Down syndrome,977,861
7220,Opioid epidemic in the United States,976,90
7221,McCarthyism,976,306
7222,Ned Vizzini,976,416
7223,Assassination of Shinzo Abe,976,260
7224,Saparmurat Niyazov,975,122
7225,Jordan Peterson,975,1205
7226,Kanye West 2020 presidential campaign,975,484
7227,Decapitation,975,26
7228,Mass surveillance in China,975,213
7229,Abortion debate,975,425
7230,Monsanto,974,1192
7231,Israel Defense Forces,974,524
7232,James Charles,974,168
7233,Tinnitus,974,550
7234,Robin DiAngelo,973,728
7235,Zoophilia,973,694
7236,Casey Neistat,973,237
7237,Liga Deportiva Alajuelense,973,518
7238,Disease,973,486
7239,Erectile dysfunction,973,213
7240,Twilight Zone accident,972,138
7241,Mike Pence,972,608
7242,Food allergy,972,671
7243,Pussy torture,972,352
7244,Sri Lankan Civil War,972,115
7245,Jonestown,971,430
7246,Eric Weinstein,971,322
7247,Abdullah of Jordan,971,303
7248,Self-harm,971,187
7249,Death to America,970,230
7250,Jason Aldean,970,128
7251,Diarrhea,970,1472
7252,Pimple,969,258
7253,Manslaughter,968,809
7254,Joe the Plumber,968,404
7255,Acne,968,1967
7256,Drunk driving,968,1249
7257,Ruscism,967,216
7258,The Loud House,967,411
7259,Zwarte Piet,967,394
7260,Bored Ape,966,314
7261,Mike Love,966,177
7262,Ted Nugent,966,107
7263,Saudi-led intervention in the Yemeni civil war,966,134
7264,Child marriage,966,59
7265,CryptoPunks,966,820
7266,A Loud House Christmas,965,136
7267,Al Ahli Saudi FC,964,291
7268,Josh Hawley,964,56
7269,List of mass shootings in the United States,964,135
7270,Roch Thériault,964,257
7271,Semen collection,962,256
7272,O. J. Simpson,961,1086
7273,Miranda Sings,961,142
7274,Dysmenorrhea,961,229
7275,Tankie,960,277
7276,Maia arson crimew,960,454
7277,List of Walmart brands,960,36
7278,Lychee and Dog Meat Festival,959,74
7279,"Cayetana Fitz-James Stuart, 18th Duchess of Alba",958,104
7280,Plastic pollution,958,407
7281,Walter Breen,957,66
7282,Smoke inhalation,956,114
7283,Violence against women,955,60
7284,Salmonella,955,523
7285,List of rampage killers,955,462
7286,Blaire White,954,79
7287,2023 Hawaii wildfires,954,156
7288,Israeli–Palestinian conflict,954,189
7289,Project Veritas,954,32
7290,Penetrating trauma,954,54
7291,Jaundice,953,104
7292,Human cannibalism,952,668
7293,Twitter under Elon Musk,952,676
7294,Parkinson's disease,952,64
7295,Birth defect,952,90
7296,Segregation,952,218
7297,Golliwog,952,225
7298,Up Syndrome,952,699
7299,Twitter verification,952,1305
7300,Ehlers–Danlos syndromes,951,243
7301,Bed bug,951,326
7302,January 6 United States Capitol attack,950,53
7303,Ted Bundy,950,189
7304,COVID-19,949,1345
7305,Fursonas (film),948,422
7306,TERF,948,865
7307,Non-fungible token,947,1092
7308,Jussie Smollett,947,631
7309,James O'Keefe,947,30
7310,The Heritage Foundation,947,30
7311,Inbreeding,947,659
7312,Chamath Palihapitiya,947,936
7313,The Protocols of the Elders of Zion,947,149
7314,Tuberculosis,947,985
7315,Jim Jordan,945,40
7316,Sexism,944,302
7317,Disaster,944,819
7318,Dan Bongino,944,73
7319,Bad Bunny,944,1112
7320,Feline immunodeficiency virus,944,253
7321,Fecal incontinence,943,252
7322,Tonsillitis,941,1307
7323,Chinese water torture,940,158
7324,Tarring and feathering,939,301
7325,Unification Church,939,228
7326,Racism in Poland,938,254
7327,Hemorrhoid,937,422
7328,Benny Johnson (columnist),937,76
7329,The Turner Diaries,937,134
7330,Jean-Bédel Bokassa,937,165
7331,Obesity,937,1464
7332,Great Chinese Famine,936,279
7333,Lost Nigger Gold Mine,935,174
7334,Sergey Naryshkin,935,195
7335,Enver Hoxha,935,151
7336,Negroid,935,173
7337,Moms for Liberty,934,241
7338,National Enquirer,934,117
7339,Murder,934,1191
7340,Kirk Cameron,934,196
7341,Death of Elisa Lam,934,218
7342,Sexual slavery,933,181
7343,Autoimmune disease,933,65
7344,Boil,933,805
7345,Melvin Capital,932,270
7346,Diaper fetishism,931,55
7347,Salirophilia,930,284
7348,Desmond is Amazing,930,115
7349,Chronic wasting disease,929,214
7350,The Daily Wire,929,120
7351,Censorship,929,306
7352,Chickenpox,929,1193
7353,Testicular torsion,928,334
7354,Sound of Freedom (film),928,190
7355,Donald Trump sexual misconduct allegations,927,1035
7356,Police brutality,927,431
7357,Tim Keller (pastor),927,72
7358,Lyme disease,927,581
7359,Teratoma,926,135
7360,Melania Trump,926,181
7361,Penile fracture,925,170
7362,Armenian genocide,925,280
7363,Suicide attack,925,207
7364,List of ethnic cleansing campaigns,925,215
7365,Nikki Haley,925,96
7366,Owning the libs,925,223
7367,Caitlyn Jenner,924,192
7368,Coprophagia,923,399
7369,Perez Hilton,922,70
7370,Owen Benjamin,922,68
7371,Rolf Harris,922,92
7372,Black Death,920,1923
7373,Paul Bernardo,920,121
7374,Christopher Dorner shootings and manhunt,920,1146
7375,Nigger Head,919,243
7376,Muhammad Saeed al-Sahhaf,918,318
7377,Wounded Knee Massacre,917,388
7378,Homelessness,916,1305
7379,Alexander Lukashenko,915,285
7380,Diabetes,913,1263
7381,Terrorism,913,357
7382,Samuel Alito,913,47
7383,SARS-CoV-2,913,316
7384,Sexually transmitted infection,912,210
7385,Lolicon,911,1039
7386,Ruhollah Khomeini,910,217
7387,Persecution,910,195
7388,Brigitte Gabriel,910,180
7389,Nigger Heaven,909,194
7390,Benjamin Netanyahu,909,370
7391,Mass shooting,909,403
7392,Mitch McConnell,908,271
7393,Joseph Stalin,908,1264
7394,Date rape,908,83
7395,Acute kidney injury,907,772
7396,Xi Jinping,907,1356
7397,Varg Vikernes,907,128
7398,Riley Gaines,907,153
7399,Jake Paul,906,245
7400,Republican Party (United States),906,115
7401,Jackson Hinkle,903,67
7402,Kidney stone disease,901,1281
7403,Milo Yiannopoulos,901,38
7404,North Korea,899,1206
7405,Lila Rose,899,34
7406,Palestinian rocket attacks on Israel,898,117
7407,Russo-Ukrainian War,897,48
7408,Rectal prolapse,897,1094
7409,Lyle and Erik Menéndez,896,70
7410,Islamophobia,896,260
7411,Viktor Orbán,895,196
7412,Great Purge,894,150
7413,Tucker Carlson,894,1223
7414,Rupert Murdoch,894,979
7415,Stalinism,894,119
7416,R. Kelly,894,330
7417,Arthritis,893,1333
7418,Date rape drug,893,167
7419,Kari Lake,893,169
7420,Nigger in the woodpile,892,226
7421,September 11 attacks,890,1405
7422,Internment of Japanese Americans,890,245
7423,Anti-Korean sentiment,890,1610
7424,Saddam Hussein,889,535
7425,Transgender genocide,888,1255
7426,Coprophilia,888,417
7427,Kristi Noem,887,46
7428,Nick Adams (commentator),887,143
7429,Anal fissure,886,152
7430,Charlie Kirk,886,101
7431,Nuclear holocaust,885,285
7432,J. D. Vance,885,36
7433,Libs of TikTok,885,239
7434,2003 invasion of Iraq,885,1549
7435,Mohamed Atta,884,122
7436,Confederate States of America,884,365
7437,Cuties,884,179
7438,Syphilis,883,1284
7439,Sex trafficking,880,182
7440,Benito Mussolini,879,1298
7441,Nigel Farage,877,173
7442,Bill Cosby,876,1186
7443,Fetal alcohol spectrum disorder,876,701
7444,Osama bin Laden,875,397
7445,Alex Jones,874,270
7446,Catholic Church sexual abuse cases,874,307
7447,Kim Jong Un,872,1175
7448,Phimosis,872,189
7449,Gas chamber,872,334
7450,Carbuncle,872,546
7451,Anders Behring Breivik,871,257
7452,Child poverty,871,72
7453,Donald Trump,870,1399
7454,Abu Bakr al-Baghdadi,870,190
7455,Antisemitic trope,870,240
7456,Harvey Weinstein sexual abuse cases,868,220
7457,Anti-Japanese sentiment,867,929
7458,Malaria,866,1303
7459,Christchurch mosque shootings,865,286
7460,Colorectal cancer,865,238
7461,Matt Walsh (political commentator),865,138
7462,Greek genocide,863,242
7463,Harvey Weinstein,863,232
7464,Fox News,862,432
7465,Greg Abbott,861,86
7466,Islamic terrorism,860,329
7467,Russian invasion of Ukraine,859,459
7468,Bosnian genocide,858,1237
7469,Andrei Chikatilo,857,141
7470,2021–2023 book banning in the United States,856,245
7471,Matt Gaetz,856,217
7472,Transphobia,855,330
7473,PragerU,854,140
7474,Female genital mutilation,853,201
7475,Ben Shapiro,853,1177
7476,Prolapse,851,205
7477,Laura Loomer,851,82
7478,Castration,851,929
7479,Jim Crow laws,851,227
7480,Murder of Jun Lin,849,128
7481,Cancer pain,846,116
7482,Make America Great Again,845,611
7483,Leprosy,843,257
7484,Lynching,842,158
7485,Waffen-SS,842,121
7486,Mike Johnson (Louisiana politician),839,106
7487,Antisemitism,838,1332
7488,Necrosis,837,777
7489,Ken Paxton,836,95
7490,Jeffrey Dahmer,836,336
7491,Atlantic slave trade,836,1382
7492,Fascism,836,930
7493,Aboriginal deaths in custody,835,142
7494,Diabetic foot,835,494
7495,Hatred,833,1356
7496,Abu Ghraib torture and prisoner abuse,831,179
7497,Marjorie Taylor Greene,830,892
7498,Infanticide,826,358
7499,White supremacy,822,195
7500,Sexual assault,822,161
7501,Vladimir Putin,822,1371
7502,War crimes in the Russian invasion of Ukraine,818,238
7503,White ethnostate,817,283
7504,Cambodian genocide,816,325
7505,Nazi human experimentation,814,187
7506,Slavery in the 21st century,813,181
7507,Islamic State,810,162
7508,Myiasis,809,95
7509,Cancer,808,1230
7510,Hitler Youth,806,236
7511,Andrew Tate,803,1326
7512,Treblinka extermination camp,799,121
7513,Darfur genocide,799,1296
7514,Corrective rape,798,321
7515,Torture,797,1106
7516,Alt-right,795,1042
7517,HIV,786,1322
7518,Josef Mengele,785,227
7519,Adolf Hitler,777,2079
7520,Child sexual abuse,773,187
7521,Rwandan genocide,773,1158
7522,Nanjing Massacre,764,429
7523,Slavery,762,282
7524,Project 2025,758,105
7525,Ku Klux Klan,755,1293
7526,Nazi Germany,753,360
7527,Genocidal rape,752,414
7528,Child abuse,748,332
7529,Child pornography,721,447
7530,The Holocaust,717,887
